ID,Earring,Background,Fur,Clothes,Mouth,Eyes,Hat
0,Silver Hoop,Void Black,Chrome,Striped Tee,Discomfort,X Eyes,
1,,Void Black,Chrome,Vietnam Jacket,Grin,Blue Beams,
2,,Void Black,Chrome,,Bored Cigarette,3d,Sky Captain's Hat
3,,Void Black,Cheetah,Fossil Necklace,Tongue Out,Bored,
4,,Void Black,Golden Brown,Navy Striped Tee,Phoneme L,Closed,Party Hat 2
5,,Void Black,Brown,Glowrift T Red,Dumbfounded,X Eyes,Glowrift Flipped Brim
6,,Void Black,Cream,Tweed Suit,Bored,Crazy,S&m Hat
7,,Void Black,Golden Brown,Wool Turtleneck,Bored,Angry,Stuntman Helmet
8,Gold Stud,Void Black,Phantom,,Bored,Chrome,Beanie
9,Silver Stud,Void Black,Brown,Stunt Jacket,Small Grin,Sleepy,Voyager's Hat
10,,Void Black,Dmt,Navy Striped Tee,Bored,Eyepatch,Glowrift Hat Red
11,,Void Black,Dark Brown,Smoking Jacket,Bored Unshaven Cigarette,Bloodshot,Laurel Wreath
12,,Void Black,Brown,Void Rift T,Discomfort,Wide Eyed,Voyager's Hat
13,,Void Black,Black,Fossil Tee,Bored,Coins,Patrol Motorcycle Helmet
14,Diamond Stud,Void Black,Cheetah,Tanktop,Small Grin,3d,
15,,Void Black,Gray,Black T,Phoneme L,Phantom,Girl's Hair Pink
16,Silver Hoop,Void Black,Dark Brown,Fossil Necklace,Dumbfounded,Bored,Horns
17,Gold Stud,Void Black,Tan,Glowrift T Black,Bored Unshaven,Closed,Crimson Hat
18,,Void Black,Chrome,Vietnam Jacket,Bored Cigarette,Neonborg,
19,,Void Black,Tan,,Rage,Eyepatch,Glowrift Hat Black
20,,Void Black,Gray,Bandolier,Phoneme Vuh,3d,Beanie
21,,Void Black,Black,Void Rift T,Phoneme ooo,Bored,
22,Gold Stud,Void Black,Phantom,Tuxedo Tee,Bored Unshaven,Sleepy,S&m Hat
23,,Void Black,Chromatic,,Bored Pipe,Bored,Beanie
24,,Void Black,Black,Glowrift T Black,Dumbfounded,Hypnotized,Fez
25,,Void Black,Brown,Guayabera,Bored Cigarette,Closed,
26,,Void Black,Dark Brown,Stunt Jacket,Bored Cigarette,3d,Stuntman Helmet
27,,Void Black,Gray,Sleeveless T,Bored,Bored,Shadow Hat
28,Silver Stud,Void Black,Tan,,Bored Cigarette,X Eyes,Glowrift Flipped Brim
29,,Void Black,Tan,,Bored Unshaven,Chrome,
30,,Void Black,Gray,Tuxedo Tee,Bored Unshaven Cigarette,Prismatic,
31,Silver Hoop,Void Black,Dmt,Void Rift T,Bored Unshaven,Eyepatch,Party Hat 2
32,,Void Black,Dark Brown,Hip Hop,Bored,Sunglasses,Halo
33,,Void Black,Red,Vietnam Jacket,Small Grin,Closed,Girl's Hair Pink
34,,Void Black,Black,Sleeveless T,Bored,Sleepy,Glowrift Hat Red
35,,Void Black,Void Bot,Navy Striped Tee,Jovial,3d,
36,,Void Black,Dark Brown,Sailor Shirt,Bored Unshaven,Bored,
37,Silver Hoop,Void Black,Blue,Striped Tee,Bored,Bored,Bowler
38,Cross,Void Black,Black,Navy Striped Tee,Bored Cigarette,Closed,
39,,Void Black,Gray,Leather Jacket,Dumbfounded,Bloodshot,Fez
40,,Void Black,Dark Brown,Biker Vest,Bored,Sad,Spinner Hat
41,,Void Black,Dark Brown,Navy Striped Tee,Phoneme ooo,Sad,Sky Captain's Hat
42,,Void Black,Dark Brown,Biker Vest,Bored Pizza,Coins,Baby's Bonnet
43,Silver Stud,Void Black,Brown,Wool Turtleneck,Grin,Coins,
44,Gold Stud,Void Black,Gray,Tweed Suit,Bored Unshaven,Coins,Baby's Bonnet
45,Silver Stud,Void Black,Black,Lumberjack Shirt,Phoneme Wah,Eyepatch,
46,,Void Black,Gray,Fossil Necklace,Bored,Heart,Fez
47,,Void Black,Pink,,Bored Cigarette,3d,Sky Captain's Hat
48,,Void Black,Red,Prison Jumpsuit,Bored Unshaven,Scumbag,
49,Silver Stud,Void Black,Cheetah,Fossil Tee,Bored Unshaven Cigarette,Bored,Fisherman's Hat
50,,Void Black,Chrome,Sailor Shirt,Tongue Out,Bored,Voyager's Hat
51,,Void Black,Dark Brown,Lumberjack Shirt,Bored Unshaven,Neonborg,Girl's Hair Short
52,,Void Black,Black,Work Vest,Bored,Sleepy,King's Crown
53,,Void Black,Brown,,Grin,Wide Eyed,Fez
54,,Void Black,Pink,Leather Jacket,Bored,Sleepy,
55,Gold Stud,Void Black,Cheetah,Lumberjack Shirt,Grin Multicolored,Sunglasses,Bunny Ears
56,,Void Black,Brown,Guayabera,Dumbfounded,Crazy,Crimson Hat
57,Silver Stud,Void Black,Dark Brown,Glowrift T Red,Phoneme L,Sad,Voyager's Hat
58,,Void Black,Phantom,Navy Striped Tee,Discomfort,Angry,Crimson Hat
59,,Void Black,Red,Navy Striped Tee,Phoneme Wah,Wide Eyed,
60,,Void Black,Pink,Glowrift T Black,Bored Unshaven Cigar,Scumbag,
61,,Void Black,Cream,Fossil Tee,Bored Cigarette,Eyepatch,
62,,Void Black,Cream,Tanktop,Rage,Heart,
63,,Void Black,Phantom,Sailor Shirt,Grin,Sunglasses,Bunny Ears
64,Gold Hoop,Void Black,Brown,Navy Striped Tee,Bored,3d,Shadow Hat
65,,Void Black,Blue,Stunt Jacket,Bored Cigarette,Bored,
66,Cross,Void Black,Pink,Blue Dress,Bored Cigarette,Bored,Glowrift Flipped Brim
67,,Void Black,Black,Glowrift T Red,Grin,Sleepy,
68,,Void Black,Blue,Black T,Bored Unshaven Cigarette,Bloodshot,Ww2 Pilot Helm
69,,Void Black,Dark Brown,,Phoneme ooo,Sad,Voyager's Hat
70,,Void Black,Brown,Fossil Necklace,Phoneme ooo,Sunglasses,
71,,Void Black,Cheetah,Stunt Jacket,Bored,Bloodshot,Bowler
72,Gold Stud,Void Black,Blue,Prison Jumpsuit,Bored,Bloodshot,Horns
73,Gold Stud,Void Black,Radiant Gold,Work Vest,Rage,Sad,Bandana Blue
74,,Void Black,Void Bot,Guayabera,Phoneme Vuh,Angry,Bowler
75,,Void Black,Golden Brown,Glowrift T Red,Discomfort,Closed,S&m Hat
76,,Void Black,Brown,Toga,Grin,Bored,Fez
77,,Void Black,Red,Wool Turtleneck,Dumbfounded,Coins,Beanie
78,,Void Black,Black,Lab Coat,Grin,3d,Fez
79,,Void Black,Dark Brown,Lab Coat,Bored,Bored,
80,Diamond Stud,Void Black,Brown,Tanktop,Bored Unshaven,Sad,Horns
81,,Void Black,Red,Cowboy Shirt,Discomfort,Blindfold,
82,Silver Hoop,Void Black,Cream,Service,Jovial,Sad,
83,,Void Black,Cream,Tweed Suit,Bored Unshaven,Coins,Ww2 Pilot Helm
84,,Void Black,Brown,Hawaiian,Bored Unshaven,Coins,Ww2 Pilot Helm
85,,Void Black,Tan,Admirals Coat,Grin,Bloodshot,Bowler
86,Gold Hoop,Void Black,Phantom,Tuxedo Tee,Bored,Bored,
87,,Void Black,Cheetah,Guayabera,Bored Unshaven,Sunglasses,Bunny Ears
88,Gold Hoop,Void Black,Black,Pimp Coat,Bored Unshaven,Wide Eyed,Horns
89,,Void Black,Black,,Bored Dagger,3d,Crimson Hat
90,Silver Hoop,Void Black,Golden Brown,Tweed Suit,Grin,Hypnotized,Prussian Helmet
91,,Void Black,Brown,Void Rift T,Bored Cigarette,Sleepy,Beanie
92,,Void Black,Pink,,Jovial,Heart,Beanie
93,,Void Black,White,Hip Hop,Bored Unshaven Cigarette,Bored,Fez
94,,Void Black,Phantom,Void Rift T,Bored Unshaven Kazoo,Closed,Beanie
95,,Void Black,Tan,Lumberjack Shirt,Bored,Scumbag,S&m Hat
96,,Void Black,Chrome,Stunt Jacket,Bored Unshaven Cigarette,Sleepy,Girl's Hair Short
97,,Void Black,Dark Brown,,Bored,Heart,Crimson Hat
98,,Void Black,Void Bot,Stunt Jacket,Rage,Bored,Spinner Hat
99,Silver Hoop,Void Black,Dark Brown,Void Rift T,Grin,Closed,Sushi Chef Headband
100,,Void Black,Dark Brown,,Bored Cigarette,Wide Eyed,Party Hat 2
101,,Void Black,Gray,Navy Striped Tee,Bored,Eyepatch,Fisherman's Hat
102,,Void Black,Gray,Biker Vest,Bored,Bored,Irish Boho
103,,Void Black,Black,Leather Jacket,Phoneme L,Sleepy,Short Mohawk
104,,Void Black,Brown,Glowrift T Black,Bored Pipe,Prismatic,Laurel Wreath
105,Silver Hoop,Void Black,Black,Striped Tee,Rage,Coins,Voyager's Hat
106,,Void Black,Cheetah,Tuxedo Tee,Bored,Crazy,Bunny Ears
107,,Void Black,Red,Space Suit,Bored,Phantom,Short Mohawk
108,Gold Stud,Void Black,Dark Brown,,Grin,X Eyes,Sky Captain's Hat
109,Silver Stud,Void Black,Dark Brown,Glowrift T Black,Bored Cigarette,Eyepatch,
110,Cross,Void Black,Tan,Striped Tee,Bored Unshaven,Bloodshot,Beanie
111,,Void Black,Brown,Leather Jacket,Bored Unshaven,Angry,Glowrift Flipped Brim
112,,Void Black,Cream,,Bored,X Eyes,Cowboy Hat
113,,Void Black,Black,Navy Striped Tee,Bored,Phantom,Horns
114,Silver Hoop,Void Black,Dark Brown,Fossil Tee,Bored Cigarette,Prismatic,Voyager's Hat
115,,Void Black,Cream,Sleeveless T,Bored Cigar,Bloodshot,Glowrift Hat Black
116,,Void Black,Black,Sleeveless T,Bored Unshaven Cigarette,Coins,
117,,Void Black,Tan,Navy Striped Tee,Bored Cigarette,Neonborg,Beanie
118,,Void Black,Tan,Navy Striped Tee,Bored Kazoo,Blue Beams,
119,Silver Stud,Void Black,Gray,Hawaiian,Phoneme L,Angry,Beanie
120,Silver Hoop,Void Black,Brown,Work Vest,Bored Pizza,Heart,Sky Captain's Hat
121,Gold Stud,Void Black,Brown,,Bored Unshaven,Neonborg,Voyager's Hat
122,Silver Stud,Void Black,Pink,Service,Bored Cigarette,Heart,
123,,Void Black,White,Void Rift T,Bored Cigar,Coins,Spinner Hat
124,,Void Black,White,Hawaiian,Bored Cigarette,Eyepatch,Short Mohawk
125,,Void Black,Golden Brown,,Bored Cigarette,Coins,Shadow Hat
126,Silver Hoop,Void Black,Phantom,Navy Striped Tee,Grin,Coins,Safari
127,,Void Black,Cream,,Grin,Crazy,S&m Hat
128,,Void Black,Gray,Leather Spectrum Jacket,Bored,Hypnotized,Chromatic Captain's Hat
129,,Void Black,Pink,Tanktop,Rage,Bored,Baby's Bonnet
130,,Void Black,Pink,Vietnam Jacket,Bored,Bored,
131,,Void Black,Dark Brown,Fossil Necklace,Bored,Bored,
132,Silver Stud,Void Black,Red,Void Rift T,Bored Unshaven Kazoo,Wide Eyed,Girl's Hair Pink
133,,Void Black,Brown,Void Rift T,Bored Unshaven,Bored,
134,,Void Black,Dark Brown,Sleeveless Logo T,Bored Unshaven,Laser Eyes,Halo
135,Gold Stud,Void Black,Pink,Lumberjack Shirt,Bored,Sad,S&m Hat
136,,Void Black,Tan,Hawaiian,Phoneme Vuh,Heart,
137,,Void Black,Void Bot,Tanktop,Bored,Crazy,Short Mohawk
138,Cross,Void Black,Dark Brown,Glowrift T Black,Phoneme Vuh,Bloodshot,Halo
139,,Void Black,Phantom,Puffy Vest,Bored Unshaven,X Eyes,Shadow Hat
140,,Void Black,Cheetah,Sailor Shirt,Bored Unshaven,Eyepatch,
141,Silver Hoop,Void Black,Cream,Hawaiian,Dumbfounded,Closed,
142,Gold Hoop,Void Black,Blue,Black T,Bored,Sleepy,Glowrift Hat Black
143,,Void Black,Cream,Glowrift T Red,Bored,Bored,Beanie
144,,Void Black,White,Toga,Phoneme Vuh,Wide Eyed,Fisherman's Hat
145,,Void Black,Black,Fossil Necklace,Bored Unshaven,3d,Prussian Helmet
146,,Void Black,Phantom,Sleeveless Logo T,Phoneme L,Laser Eyes,Faux Hawk
147,Silver Hoop,Void Black,Phantom,Void Rift T,Bored,Bored,
148,Gold Stud,Void Black,Black,Striped Tee,Bored Cigar,Blindfold,
149,Silver Hoop,Void Black,White,,Bored Cigarette,3d,
150,,Void Black,Dark Brown,Cowboy Shirt,Bored,Bored,Sushi Chef Headband
151,,Void Black,Blue,Fossil Tee,Bored Unshaven Cigarette,Blindfold,Voyager's Hat
152,Silver Stud,Void Black,Brown,Tanktop,Bored,Sad,Girl's Hair Pink
153,,Void Black,Blue,Navy Striped Tee,Grin,Bored,
154,,Void Black,Golden Brown,Toga,Bored,Bloodshot,Girl's Hair Short
155,Silver Hoop,Void Black,Dmt,Leather Spectrum Jacket,Grin,Sunglasses,Vietnam Era Helmet
156,,Void Black,Golden Brown,Tanktop,Bored Unshaven,X Eyes,S&m Hat
157,Silver Stud,Void Black,Dark Brown,Navy Striped Tee,Bored,Bored,
158,Silver Hoop,Void Black,Dark Brown,Black T,Bored Unshaven,Bored,
159,,Void Black,Phantom,,Bored,Sad,
160,,Void Black,Dark Brown,,Bored,X Eyes,Short Mohawk
161,,Void Black,Black,,Grin,Sad,Crimson Hat
162,,Void Black,Noise,Wool Turtleneck,Jovial,Bloodshot,Spinner Hat
163,,Void Black,Phantom,Striped Tee,Bored Unshaven,Heart,Glowrift Flipped Brim
164,,Void Black,White,Fossil Tee,Bored,Wide Eyed,Fez
165,,Void Black,Cream,Tuxedo Tee,Bored Unshaven,Chrome,Beanie
166,Silver Hoop,Void Black,Pink,Black T,Phoneme Wah,Angry,Sushi Chef Headband
167,Silver Hoop,Void Black,Black,Puffy Vest,Bored,Coins,Irish Boho
168,Silver Hoop,Void Black,Black,Tanktop,Phoneme ooo,Sad,Fisherman's Hat
169,,Void Black,White,Smoking Jacket,Dumbfounded,Bored,Faux Hawk
170,,Void Black,Cream,Guayabera,Phoneme ooo,Heart,Sky Captain's Hat
171,,Void Black,Brown,Service,Bored Unshaven,Closed,
172,,Void Black,Black,,Bored Unshaven,Bloodshot,Glowrift Flipped Brim
173,,Void Black,Blue,Guayabera,Bored,Bored,Glowrift Flipped Brim
174,Gold Hoop,Void Black,Pink,Void Rift T,Rage,Bloodshot,Bowler
175,Silver Hoop,Void Black,Black,Service,Bored,Scumbag,
176,,Void Black,Black,Puffy Vest,Phoneme ooo,Coins,Bowler
177,,Void Black,Dark Brown,Blue Dress,Grin,Heart,Sushi Chef Headband
178,Silver Hoop,Void Black,Tan,Puffy Vest,Bored Unshaven,Sleepy,Girl's Hair Pink
179,,Void Black,Blue,Glowrift T Black,Bored,Sad,Bowler
180,,Void Black,Cream,Biker Vest,Bored Cigarette,Phantom,Voyager's Hat
181,Silver Stud,Void Black,Dmt,Leather Spectrum Jacket,Bored,Crazy,
182,,Void Black,Black,Lumberjack Shirt,Bored,Bloodshot,Voyager's Hat
183,Gold Stud,Void Black,Brown,Fossil Tee,Bored,Sleepy,
184,,Void Black,White,Rainbow Suspenders,Bored Unshaven,X Eyes,Prussian Helmet
185,,Void Black,Phantom,Cowboy Shirt,Bored Cigarette,Blue Beams,Fez
186,,Void Black,Golden Brown,Wool Turtleneck,Bored,Closed,Shadow Hat
187,Silver Hoop,Void Black,Dmt,Biker Vest,Bored Unshaven,Bloodshot,Halo
188,Silver Hoop,Void Black,White,Prom Dress,Bored,Sleepy,Fisherman's Hat
189,Cross,Void Black,White,,Bored Unshaven,Closed,Prussian Helmet
190,,Void Black,Brown,,Bored,Bored,Girl's Hair Short
191,,Void Black,Dark Brown,,Bored,3d,Halo
192,,Void Black,Dark Brown,,Phoneme Vuh,Bored,
193,,Void Black,Cream,Fossil Necklace,Rage,Laser Eyes,
194,,Void Black,Brown,Black T,Dumbfounded,Bloodshot,
195,Gold Hoop,Void Black,Phantom,Work Vest,Bored Cigarette,Bored,
196,Silver Hoop,Void Black,Void Bot,,Bored Cigarette,Bored,Voyager's Hat
197,,Void Black,Radiant Gold,Fossil Necklace,Grin,X Eyes,Glowrift Hat Red
198,Gold Stud,Void Black,White,,Discomfort,Crazy,Baby's Bonnet
199,,Void Black,Brown,Striped Tee,Grin,Phantom,Girl's Hair Short
200,,Void Black,Void Bot,Leather Jacket,Bored Cigarette,Heart,Cowboy Hat
201,,Void Black,Black,Leather Spectrum Jacket,Bored Unshaven,Bored,
202,,Void Black,Noise,Caveman Pelt,Phoneme ooo,Bored,
203,,Void Black,Tan,Tuxedo Tee,Jovial,Bored,Horns
204,,Void Black,Noise,,Phoneme Vuh,Eyepatch,
205,,Void Black,Black,Guayabera,Bored Pipe,Crazy,Fez
206,Diamond Stud,Void Black,Dark Brown,,Jovial,Blindfold,Sky Captain's Hat
207,,Void Black,Dmt,Black T,Bored Unshaven,Heart,
208,Silver Stud,Void Black,Pink,Prom Dress,Bored Unshaven Pizza,Coins,Fez
209,,Void Black,Golden Brown,Prison Jumpsuit,Bored,Angry,
210,,Void Black,Red,Smoking Jacket,Grin,X Eyes,
211,,Void Black,Chromatic,Work Vest,Bored,Phantom,Baby's Bonnet
212,Diamond Stud,Void Black,Cream,Pimp Coat,Bored,Closed,Shadow Hat
213,Silver Stud,Void Black,Brown,,Bored Cigarette,Hypnotized,
214,Silver Stud,Void Black,Brown,Wool Turtleneck,Dumbfounded,Closed,Irish Boho
215,,Void Black,Dark Brown,,Bored,Bored,Cowboy Hat
216,Silver Stud,Void Black,Tan,,Bored,Coins,
217,Gold Stud,Void Black,Pink,Prom Dress,Rage,Bloodshot,
218,,Void Black,Brown,Caveman Pelt,Grin,Phantom,Shadow Hat
219,,Void Black,Cream,Puffy Vest,Discomfort,Bored,Stuntman Helmet
220,,Void Black,Red,Void Rift T,Bored,Blindfold,Short Mohawk
221,,Void Black,Dark Brown,Sailor Shirt,Phoneme Wah,Crazy,Cowboy Hat
222,Silver Stud,Void Black,Dark Brown,Glowrift T Red,Bored Pipe,X Eyes,Stuntman Helmet
223,Silver Stud,Void Black,Gray,Leather Spectrum Jacket,Bored Unshaven Cigarette,3d,Prussian Helmet
224,,Void Black,White,Black T,Bored Unshaven,3d,
225,,Void Black,Cheetah,Leather Jacket,Bored,Sunglasses,Halo
226,,Void Black,Cream,Service,Bored Party Horn,Scumbag,
227,,Void Black,Cream,Void Rift T,Bored Bubblegum,X Eyes,Short Mohawk
228,Diamond Stud,Void Black,White,,Bored,Sad,Beanie
229,Silver Stud,Void Black,Dark Brown,Tie Dye,Grin,Sad,Vietnam Era Helmet
230,,Void Black,Dark Brown,Caveman Pelt,Bored Unshaven,Sleepy,Beanie
231,,Void Black,Pink,Fossil Tee,Rage,X Eyes,Beanie
232,,Void Black,Radiant Gold,Smoking Jacket,Bored,Sleepy,Voyager's Hat
233,,Void Black,Blue,,Bored Unshaven,Laser Eyes,Girl's Hair Pink
234,Silver Stud,Void Black,Pink,Fossil Tee,Bored Cigarette,Bored,
235,,Void Black,Dark Brown,,Grin,3d,Glowrift Flipped Brim
236,,Void Black,Pink,,Bored,Blue Beams,
237,Silver Stud,Void Black,Chrome,Leather Spectrum Jacket,Small Grin,Bloodshot,Sushi Chef Headband
238,,Void Black,Red,Guayabera,Bored Unshaven,Wide Eyed,
239,Silver Hoop,Void Black,Blue,Sleeveless T,Bored,Closed,Crimson Hat
240,,Void Black,Black,Tweed Suit,Rage,Hypnotized,Party Hat 1
241,,Void Black,Tan,Rainbow Suspenders,Dumbfounded,Coins,Fisherman's Hat
242,Cross,Void Black,White,Fossil Necklace,Bored Unshaven,Eyepatch,Sushi Chef Headband
243,,Void Black,Brown,Glowrift T Red,Bored Bubblegum,Angry,Shadow Hat
244,,Void Black,Dark Brown,Sleeveless Logo T,Phoneme Oh,3d,Prussian Helmet
245,Gold Stud,Void Black,Cheetah,Sleeveless T,Dumbfounded,Chrome,Girl's Hair Short
246,Cross,Void Black,Black,Blue Dress,Bored Unshaven,Sunglasses,
247,Gold Stud,Void Black,Dark Brown,Tuxedo Tee,Bored Unshaven Cigar,Wide Eyed,Beanie
248,Silver Stud,Void Black,Dark Brown,Admirals Coat,Rage,Hypnotized,
249,,Void Black,Brown,Cowboy Shirt,Bored Party Horn,Sunglasses,Safari
250,,Void Black,Brown,,Bored,Eyepatch,Stuntman Helmet
251,,Void Black,Dark Brown,Vietnam Jacket,Grin Gold Grill,Blindfold,
252,Cross,Void Black,Tan,Sleeveless T,Bored Party Horn,Scumbag,Shadow Hat
253,,Void Black,Cream,Glowrift T Black,Bored Unshaven,Phantom,Stuntman Helmet
254,Silver Hoop,Void Black,Blue,,Bored Unshaven,Crazy,
255,,Void Black,Golden Brown,,Bored Cigarette,Bored,
256,,Void Black,Brown,Service,Phoneme ooo,Crazy,
257,,Void Black,Tan,Sleeveless T,Bored,Bloodshot,Chromatic Captain's Hat
258,,Void Black,Cheetah,Fossil Necklace,Bored,Sad,Glowrift Flipped Brim
259,,Void Black,Cheetah,Tweed Suit,Grin,Phantom,Irish Boho
260,,Void Black,Brown,Work Vest,Tongue Out,Crazy,
261,,Void Black,Cream,Sailor Shirt,Bored Unshaven,Chrome,S&m Hat
262,,Void Black,Golden Brown,Wool Turtleneck,Phoneme Vuh,Sleepy,
263,Silver Hoop,Void Black,Black,Smoking Jacket,Bored Cigarette,Bloodshot,Party Hat 2
264,Gold Hoop,Void Black,Noise,Hawaiian,Rage,Angry,Short Mohawk
265,Gold Stud,Void Black,Dark Brown,Space Suit,Bored Kazoo,Sleepy,Baby's Bonnet
266,,Void Black,Chrome,,Bored Bubblegum,Sunglasses,Fez
267,,Void Black,Black,Sailor Shirt,Dumbfounded,Phantom,Beanie
268,Silver Hoop,Void Black,Blue,Biker Vest,Bored Unshaven,Wide Eyed,
269,,Void Black,Brown,Fossil Necklace,Bored Unshaven,3d,
270,,Void Black,Brown,Toga,Phoneme Wah,3d,Glowrift Hat Black
271,,Void Black,Cheetah,Striped Tee,Phoneme Vuh,Wide Eyed,
272,,Void Black,Dark Brown,Leather Spectrum Jacket,Grin Gold Grill,Coins,
273,,Void Black,Cream,Leather Jacket,Bored,Closed,Fez
274,Silver Hoop,Void Black,Phantom,Bandolier,Bored Unshaven,Closed,Stuntman Helmet
275,,Void Black,Chrome,,Bored Unshaven,Closed,Stuntman Helmet
276,,Void Black,Phantom,,Phoneme Vuh,Closed,King's Crown
277,Gold Stud,Void Black,Dark Brown,Sleeveless Logo T,Bored,Blindfold,Fisherman's Hat
278,Silver Hoop,Void Black,Dark Brown,Puffy Vest,Bored,Blindfold,Cowboy Hat
279,Gold Hoop,Void Black,Black,Service,Bored Unshaven,Scumbag,
280,,Void Black,White,,Dumbfounded,Chrome,Party Hat 2
281,Cross,Void Black,Brown,Cowboy Shirt,Bored,Closed,Shadow Hat
282,,Void Black,Black,Sleeveless Logo T,Bored Kazoo,Bored,Fisherman's Hat
283,,Void Black,Dark Brown,Tanktop,Bored Unshaven,Bored,Sushi Chef Headband
284,,Void Black,White,Guayabera,Bored,Coins,Glowrift Flipped Brim
285,Silver Hoop,Void Black,Black,Biker Vest,Bored Unshaven Pipe,Bored,S&m Hat
286,,Void Black,Cheetah,Black T,Small Grin,Blindfold,Glowrift Hat Black
287,Silver Hoop,Void Black,Dmt,Vietnam Jacket,Phoneme Vuh,Closed,Short Mohawk
288,Diamond Stud,Void Black,Black,Biker Vest,Bored Cigar,Bloodshot,Cowboy Hat
289,,Void Black,Black,Caveman Pelt,Small Grin,X Eyes,Prussian Helmet
290,,Void Black,Gray,Stunt Jacket,Bored Cigar,Angry,Safari
291,,Void Black,Dmt,Fossil Necklace,Grin,Bloodshot,Glowrift Hat Black
292,,Void Black,Red,,Grin Gold Grill,Sleepy,Stuntman Helmet
293,,Void Black,Cream,Kings Robe,Phoneme Oh,Angry,Horns
294,,Void Black,Chromatic,Vietnam Jacket,Bored Cigar,Sad,Fisherman's Hat
295,,Void Black,White,Caveman Pelt,Bored,X Eyes,Safari
296,Diamond Stud,Void Black,Black,Hawaiian,Discomfort,Sleepy,Bowler
297,,Void Black,Red,Toga,Grin,Bored,Sushi Chef Headband
298,,Void Black,Dmt,Cowboy Shirt,Bored Unshaven Pipe,Bloodshot,
299,,Void Black,Blue,Tie Dye,Rage,Bored,S&m Hat
300,,Void Black,Brown,,Bored,Coins,Glowrift Hat Black
301,,Void Black,Pink,Sailor Shirt,Bored,Crazy,Crimson Hat
302,,Void Black,Black,Stunt Jacket,Phoneme Oh,Sunglasses,Fez
303,,Void Black,Golden Brown,Service,Bored,Hypnotized,
304,,Void Black,Gray,Black T,Grin,Angry,
305,,Void Black,Black,,Bored,Bored,Horns
306,Gold Hoop,Void Black,Golden Brown,Hawaiian,Bored Kazoo,Wide Eyed,
307,,Void Black,Pink,Glowrift T Red,Bored,3d,Shadow Hat
308,Silver Hoop,Void Black,Black,Service,Bored Unshaven,3d,
309,,Void Black,Cream,,Bored,Blindfold,
310,,Void Black,Blue,Sleeveless Logo T,Bored Cigar,Closed,Sky Captain's Hat
311,,Void Black,Gray,Caveman Pelt,Bored Unshaven Cigarette,Bored,
312,,Void Black,Black,Black T,Bored,3d,Glowrift Flipped Brim
313,,Void Black,Pink,Tie Dye,Bored Unshaven,Bored,Glowrift Hat Black
314,Gold Hoop,Void Black,Golden Brown,Caveman Pelt,Bored Unshaven Cigarette,Bored,Beanie
315,Silver Stud,Void Black,Pink,,Grin,Neonborg,Vietnam Era Helmet
316,Silver Hoop,Void Black,Noise,Fossil Necklace,Bored,Bored,Bowler
317,,Void Black,Golden Brown,Striped Tee,Dumbfounded,Sleepy,Glowrift Hat Black
318,,Void Black,Phantom,Sleeveless T,Dumbfounded,Sleepy,
319,,Void Black,Pink,Stunt Jacket,Grin Gold Grill,Bored,Party Hat 2
320,Silver Stud,Void Black,Golden Brown,Hawaiian,Small Grin,Scumbag,Halo
321,Gold Hoop,Void Black,Cheetah,Navy Striped Tee,Bored,Sleepy,
322,,Void Black,Dark Brown,Tie Dye,Phoneme ooo,Bloodshot,Fisherman's Hat
323,,Void Black,Golden Brown,Smoking Jacket,Bored Unshaven Cigarette,Phantom,Beanie
324,,Void Black,Dark Brown,,Bored Unshaven Cigarette,Bored,
325,,Void Black,Gray,Sleeveless Logo T,Bored,Blindfold,Cowboy Hat
326,,Void Black,Gray,Blue Dress,Bored,Closed,Horns
327,Silver Hoop,Void Black,Red,,Bored,Wide Eyed,
328,Silver Stud,Void Black,Brown,Tanktop,Dumbfounded,Bored,Halo
329,,Void Black,Golden Brown,Sailor Shirt,Bored,Heart,Voyager's Hat
330,,Void Black,Black,Service,Phoneme L,Sad,
331,,Void Black,Brown,Toga,Grin,Scumbag,Voyager's Hat
332,,Void Black,Cream,Tuxedo Tee,Discomfort,3d,
333,Gold Stud,Void Black,Cheetah,,Tongue Out,Closed,Baby's Bonnet
334,Cross,Void Black,Void Bot,Vietnam Jacket,Bored Unshaven,Angry,Glowrift Hat Red
335,,Void Black,Dark Brown,Void Rift T,Bored,Bloodshot,Bunny Ears
336,Silver Hoop,Void Black,Dmt,Biker Vest,Grin,Coins,
337,Cross,Void Black,Brown,Navy Striped Tee,Jovial,Scumbag,Bowler
338,Silver Hoop,Void Black,Golden Brown,Black T,Phoneme Vuh,3d,Fez
339,,Void Black,Dark Brown,,Phoneme ooo,Bored,Glowrift Hat Black
340,Diamond Stud,Void Black,Brown,Wool Turtleneck,Bored Unshaven,Sleepy,Fez
341,,Void Black,Blue,Puffy Vest,Phoneme L,Crazy,Crimson Hat
342,,Void Black,Black,Work Vest,Bored Pipe,Bloodshot,Glowrift Flipped Brim
343,Diamond Stud,Void Black,Dark Brown,,Bored,Coins,Party Hat 2
344,,Void Black,Brown,Tuxedo Tee,Bored,Eyepatch,Irish Boho
345,,Void Black,Golden Brown,Striped Tee,Bored,Wide Eyed,Girl's Hair Short
346,,Void Black,Cream,Sleeveless T,Bored Bubblegum,Bored,Vietnam Era Helmet
347,,Void Black,Cream,,Bored Dagger,Bored,Glowrift Hat Red
348,,Void Black,Red,Sailor Shirt,Grin Gold Grill,Bloodshot,Baby's Bonnet
349,,Void Black,Brown,Leather Jacket,Bored Unshaven Pipe,Sleepy,
350,Gold Hoop,Void Black,Pink,Black Suit,Bored,Coins,Baby's Bonnet
351,,Void Black,Dark Brown,Hawaiian,Bored Unshaven Cigarette,Eyepatch,S&m Hat
352,Gold Hoop,Void Black,Brown,Caveman Pelt,Phoneme ooo,Eyepatch,Girl's Hair Short
353,,Void Black,Tan,Void Rift T,Tongue Out,Bored,Bandana Blue
354,Gold Stud,Void Black,Golden Brown,Blue Dress,Bored,Hypnotized,Baby's Bonnet
355,,Void Black,Pink,Navy Striped Tee,Dumbfounded,Bored,
356,,Void Black,Gray,Fossil Necklace,Phoneme Wah,Sleepy,
357,,Void Black,Dark Brown,Stunt Jacket,Bored,Phantom,Bowler
358,Silver Stud,Void Black,Noise,Wool Turtleneck,Bored Cigarette,X Eyes,
359,,Void Black,Blue,Hawaiian,Bored,Coins,
360,,Void Black,Brown,Toga,Bored Unshaven Bubblegum,Phantom,Glowrift Flipped Brim
361,,Void Black,Pink,Pimp Coat,Bored Cigarette,Coins,Fez
362,,Void Black,Black,Guayabera,Grin,Sleepy,Glowrift Hat Black
363,,Void Black,Chrome,Black T,Grin,Wide Eyed,Laurel Wreath
364,Gold Stud,Void Black,Cheetah,,Grin,Closed,Sushi Chef Headband
365,,Void Black,Red,Tie Dye,Bored,Coins,Crimson Hat
366,,Void Black,Cream,Caveman Pelt,Bored,Bored,Halo
367,,Void Black,Red,Black T,Jovial,Sleepy,Horns
368,,Void Black,White,Guayabera,Bored,Wide Eyed,Sky Captain's Hat
369,,Void Black,Dark Brown,Fossil Tee,Bored,Sleepy,Beanie
370,,Void Black,Brown,Striped Tee,Bored,Blindfold,Irish Boho
371,,Void Black,Golden Brown,Rainbow Suspenders,Dumbfounded,X Eyes,
372,Silver Hoop,Void Black,Golden Brown,,Bored Unshaven,Phantom,Beanie
373,,Void Black,Dark Brown,Glowrift T Black,Bored Unshaven,Phantom,
374,Diamond Stud,Void Black,Golden Brown,Guayabera,Bored Cigarette,Coins,Baby's Bonnet
375,Silver Stud,Void Black,Golden Brown,,Bored Unshaven,Wide Eyed,
376,Cross,Void Black,Golden Brown,Sleeveless T,Bored Unshaven,Crazy,Fez
377,,Void Black,Dark Brown,Stunt Jacket,Grin,X Eyes,Sushi Chef Headband
378,Gold Stud,Void Black,Dmt,Tuxedo Tee,Bored Cigarette,Sleepy,Irish Boho
379,,Void Black,Phantom,Striped Tee,Bored Cigarette,Sad,
380,,Void Black,Pink,Glowrift T Black,Jovial,Bored,Voyager's Hat
381,,Void Black,Black,Vietnam Jacket,Grin,Bored,
382,,Void Black,Dark Brown,Prom Dress,Phoneme Vuh,Coins,Sky Captain's Hat
383,,Void Black,Noise,,Rage,Sleepy,Fisherman's Hat
384,Gold Hoop,Void Black,Chrome,Prom Dress,Bored Unshaven,Sleepy,Stuntman Helmet
385,,Void Black,Golden Brown,Sleeveless T,Bored,Bloodshot,
386,,Void Black,Black,Vietnam Jacket,Bored Dagger,Sleepy,Bowler
387,,Void Black,Tan,Glowrift T Red,Rage,Wide Eyed,Safari
388,,Void Black,Black,Sleeveless T,Tongue Out,Crazy,Shadow Hat
389,,Void Black,Cream,Hawaiian,Bored,Hypnotized,Voyager's Hat
390,,Void Black,Brown,Striped Tee,Bored Unshaven,Sleepy,Vietnam Era Helmet
391,Silver Hoop,Void Black,Golden Brown,Stunt Jacket,Grin Multicolored,Sad,
392,,Void Black,Brown,Wool Turtleneck,Bored,Chrome,Crimson Hat
393,Silver Stud,Void Black,Dmt,Caveman Pelt,Phoneme L,Wide Eyed,Horns
394,,Void Black,Tan,Leather Jacket,Bored,3d,Sushi Chef Headband
395,,Void Black,Cream,Smoking Jacket,Bored Unshaven Cigarette,3d,Vietnam Era Helmet
396,Silver Stud,Void Black,Dark Brown,Sailor Shirt,Tongue Out,Sunglasses,
397,,Void Black,Brown,,Bored Cigarette,Bloodshot,
398,,Void Black,Brown,Wool Turtleneck,Phoneme ooo,Closed,Baby's Bonnet
399,,Void Black,White,,Bored,Bored,Irish Boho
400,,Void Black,Dark Brown,Tie Dye,Phoneme Wah,Neonborg,Fisherman's Hat
401,Silver Stud,Void Black,Red,,Bored,Bored,Glowrift Hat Black
402,,Void Black,Pink,Service,Bored Cigarette,Closed,
403,,Void Black,Black,Sleeveless Logo T,Phoneme Vuh,Closed,Bowler
404,,Void Black,Noise,Black T,Discomfort,Closed,Voyager's Hat
405,,Void Black,Chrome,Black T,Bored Unshaven Cigarette,Heart,Bandana Blue
406,,Void Black,Gray,Fossil Tee,Grin Gold Grill,Eyepatch,Baby's Bonnet
407,Silver Hoop,Void Black,Brown,Stunt Jacket,Dumbfounded,Sleepy,Short Mohawk
408,,Void Black,Black,Navy Striped Tee,Bored,Bloodshot,Halo
409,,Void Black,Pink,,Phoneme L,3d,Girl's Hair Pink
410,,Void Black,Tan,Glowrift T Black,Bored Pipe,Closed,
411,,Void Black,Tan,Prison Jumpsuit,Bored Unshaven,Bored,Fez
412,,Void Black,Golden Brown,Sleeveless Logo T,Phoneme Oh,Eyepatch,Safari
413,Diamond Stud,Void Black,Pink,Stunt Jacket,Phoneme Vuh,Bloodshot,Beanie
414,Gold Stud,Void Black,Red,,Grin,Coins,Fisherman's Hat
415,,Void Black,Phantom,Black T,Bored,Sad,Beanie
416,Cross,Void Black,Brown,Guayabera,Bored Unshaven Cigarette,Coins,Bowler
417,,Void Black,Pink,,Bored,Sleepy,Glowrift Hat Black
418,Gold Stud,Void Black,Pink,,Jovial,Sleepy,
419,,Void Black,Golden Brown,,Bored,Hypnotized,Sushi Chef Headband
420,Silver Hoop,Void Black,Noise,Glowrift T Black,Bored,3d,Cowboy Hat
421,,Void Black,Black,Wool Turtleneck,Dumbfounded,Heart,Chromatic Captain's Hat
422,,Void Black,Cheetah,,Bored Unshaven,Crazy,
423,,Void Black,Void Bot,Navy Striped Tee,Bored,Bored,Voyager's Hat
424,Gold Hoop,Void Black,Golden Brown,Hawaiian,Grin Gold Grill,3d,Halo
425,,Void Black,Void Bot,Tanktop,Bored Unshaven,Wide Eyed,S&m Hat
426,,Void Black,Tan,Striped Tee,Bored Pipe,Heart,Faux Hawk
427,Gold Hoop,Void Black,Brown,Puffy Vest,Grin Gold Grill,Bored,
428,Silver Stud,Void Black,Cream,Guayabera,Bored Unshaven,Sad,
429,,Void Black,Black,Fossil Tee,Bored Cigarette,Bloodshot,
430,,Void Black,Tan,Sleeveless T,Grin,Coins,Glowrift Flipped Brim
431,Silver Stud,Void Black,Dark Brown,Lumberjack Shirt,Bored Unshaven,Heart,Shadow Hat
432,,Void Black,Dark Brown,Biker Vest,Phoneme Wah,Angry,Vietnam Era Helmet
433,,Void Black,Tan,Lumberjack Shirt,Phoneme Oh,Bored,Party Hat 1
434,Silver Hoop,Void Black,White,Fossil Tee,Bored,Wide Eyed,
435,,Void Black,Cream,Vietnam Jacket,Bored Unshaven Bubblegum,Sunglasses,Fisherman's Hat
436,,Void Black,Void Bot,Fossil Necklace,Bored,Bored,Bowler
437,Silver Stud,Void Black,Gray,Biker Vest,Bored Cigarette,Sunglasses,Short Mohawk
438,,Void Black,Dark Brown,Fossil Necklace,Bored Unshaven,3d,Glowrift Flipped Brim
439,Gold Stud,Void Black,Dark Brown,Prison Jumpsuit,Bored,Bored,Beanie
440,,Void Black,Cream,Sleeveless T,Bored Unshaven,Angry,Girl's Hair Pink
441,,Void Black,Void Bot,Bandolier,Bored Cigarette,Blue Beams,Bunny Ears
442,,Void Black,Black,Tuxedo Tee,Bored Unshaven,Angry,Fisherman's Hat
443,,Void Black,Tan,,Bored Unshaven Cigarette,Prismatic,Fez
444,Silver Hoop,Void Black,Blue,Lumberjack Shirt,Bored Kazoo,Angry,Bunny Ears
445,Gold Hoop,Void Black,Black,Smoking Jacket,Bored,Blindfold,Safari
446,Cross,Void Black,Phantom,Cowboy Shirt,Phoneme Vuh,Sunglasses,Chromatic Captain's Hat
447,Silver Hoop,Void Black,Tan,,Bored,Sleepy,Fisherman's Hat
448,Gold Stud,Void Black,White,Blue Dress,Bored Unshaven,Hypnotized,
449,,Void Black,Tan,Bandolier,Bored Cigarette,Bored,Voyager's Hat
450,,Void Black,Blue,Glowrift T Black,Bored Unshaven,Coins,Shadow Hat
451,,Void Black,Dark Brown,Tuxedo Tee,Bored Unshaven Pipe,Sleepy,Ww2 Pilot Helm
452,,Void Black,Brown,,Bored,Angry,Voyager's Hat
453,Gold Hoop,Void Black,Cream,Tweed Suit,Bored Pipe,Bored,Sushi Chef Headband
454,Silver Hoop,Void Black,Brown,Blue Dress,Bored,Blindfold,Short Mohawk
455,Silver Hoop,Void Black,Pink,,Bored,Sleepy,Voyager's Hat
456,Silver Stud,Void Black,Dark Brown,Vietnam Jacket,Bored Unshaven Kazoo,Chrome,Baby's Bonnet
457,Cross,Void Black,Dark Brown,Blue Dress,Bored Unshaven,Angry,Sky Captain's Hat
458,Silver Stud,Void Black,Red,Black T,Tongue Out,X Eyes,
459,Gold Stud,Void Black,Gray,Prison Jumpsuit,Rage,Closed,Beanie
460,,Void Black,Gray,,Phoneme Vuh,Bloodshot,Faux Hawk
461,,Void Black,Dmt,Wool Turtleneck,Bored,Coins,Bunny Ears
462,,Void Black,Dark Brown,Navy Striped Tee,Bored Cigarette,Blindfold,Sky Captain's Hat
463,,Void Black,Phantom,,Bored Cigarette,Laser Eyes,Halo
464,Gold Hoop,Void Black,Tan,Fossil Tee,Bored Cigar,Scumbag,Voyager's Hat
465,,Void Black,Gray,Biker Vest,Grin,Bored,Horns
466,,Void Black,Black,Hip Hop,Phoneme Oh,Neonborg,
467,,Void Black,Gray,,Bored,Bored,S&m Hat
468,,Void Black,Golden Brown,Work Vest,Bored,Bored,
469,,Void Black,Noise,,Bored,Coins,
470,Silver Stud,Void Black,Tan,Black T,Bored,Bored,Bunny Ears
471,,Void Black,Dark Brown,Prison Jumpsuit,Bored Unshaven,Heart,Beanie
472,,Void Black,Brown,Tie Dye,Discomfort,Blindfold,Short Mohawk
473,Gold Stud,Void Black,Brown,Smoking Jacket,Discomfort,Sleepy,Glowrift Hat Black
474,Silver Hoop,Void Black,Brown,Toga,Bored Bubblegum,Sleepy,Fisherman's Hat
475,,Void Black,Brown,,Bored Cigarette,3d,Glowrift Hat Black
476,,Void Black,Pink,Service,Grin Multicolored,Bored,
477,,Void Black,Black,Stunt Jacket,Bored,Angry,Ww2 Pilot Helm
478,,Void Black,Golden Brown,Hip Hop,Bored Unshaven,Coins,Crimson Hat
479,,Void Black,Golden Brown,,Bored Cigarette,Bloodshot,S&m Hat
480,,Void Black,Tan,Tweed Suit,Bored Pipe,Bloodshot,
481,Gold Stud,Void Black,Blue,Glowrift T Black,Bored Unshaven Dagger,3d,
482,,Void Black,Brown,Bandolier,Bored,Wide Eyed,Voyager's Hat
483,Silver Stud,Void Black,Dark Brown,Navy Striped Tee,Bored Unshaven,Angry,Sky Captain's Hat
484,,Void Black,Dark Brown,Cowboy Shirt,Jovial,Bored,S&m Hat
485,,Void Black,Brown,,Bored,Eyepatch,
486,,Void Black,Dark Brown,Glowrift T Black,Bored Unshaven,Bloodshot,Fisherman's Hat
487,,Void Black,Tan,Wool Turtleneck,Bored Unshaven Cigarette,Sleepy,S&m Hat
488,,Void Black,Cream,,Bored Pizza,Closed,Prussian Helmet
489,,Void Black,Noise,Tanktop,Bored Unshaven,Bored,Crimson Hat
490,Silver Hoop,Void Black,Cream,Stunt Jacket,Grin Multicolored,Bloodshot,Fez
491,Silver Hoop,Void Black,Blue,Smoking Jacket,Grin Gold Grill,Bored,Baby's Bonnet
492,,Void Black,Dark Brown,Sailor Shirt,Grin,Wide Eyed,Shadow Hat
493,Gold Hoop,Void Black,Black,Sleeveless Logo T,Bored Unshaven Cigar,Wide Eyed,Beanie
494,,Void Black,Dark Brown,Puffy Vest,Bored Unshaven,Bored,Vietnam Era Helmet
495,,Void Black,Pink,,Bored Cigarette,Bored,Bowler
496,,Void Black,Tan,Fossil Tee,Bored Unshaven Cigarette,3d,Girl's Hair Short
497,,Void Black,Brown,Sailor Shirt,Phoneme Vuh,Wide Eyed,Glowrift Hat Black
498,,Void Black,Brown,Prom Dress,Bored,Bloodshot,
499,,Void Black,Brown,Sleeveless T,Grin Diamond Grill,Chrome,Cowboy Hat
500,,Void Black,Cheetah,,Bored Cigarette,Coins,Shadow Hat
501,,Void Black,Gray,Smoking Jacket,Bored Bubblegum,Hypnotized,Cowboy Hat
502,,Void Black,Brown,Work Vest,Bored,Closed,
503,,Void Black,Black,Biker Vest,Bored,Bloodshot,Ww2 Pilot Helm
504,,Void Black,Black,,Bored Party Horn,Angry,Beanie
505,,Void Black,Chrome,,Rage,Sunglasses,Vietnam Era Helmet
506,,Void Black,Cream,Work Vest,Bored Unshaven Cigarette,Bloodshot,Stuntman Helmet
507,,Void Black,Void Bot,Black T,Bored Unshaven Cigarette,Eyepatch,Girl's Hair Pink
508,,Void Black,Blue,Bandolier,Phoneme L,Chrome,Fisherman's Hat
509,,Void Black,Black,Navy Striped Tee,Grin Diamond Grill,Sunglasses,Beanie
510,,Void Black,Golden Brown,Glowrift T Red,Bored Cigar,Sad,Sky Captain's Hat
511,,Void Black,Red,Space Suit,Bored Unshaven,Crazy,Faux Hawk
512,,Void Black,Void Bot,Space Suit,Grin,Coins,
513,,Void Black,White,Fossil Tee,Discomfort,Wide Eyed,Short Mohawk
514,,Void Black,Dark Brown,Tweed Suit,Bored Kazoo,Bloodshot,Ww2 Pilot Helm
515,,Void Black,Cheetah,Blue Dress,Bored Bubblegum,Sunglasses,Voyager's Hat
516,,Void Black,Golden Brown,Biker Vest,Dumbfounded,Bored,
517,,Void Black,Golden Brown,,Bored Party Horn,Crazy,Beanie
518,,Void Black,Phantom,Navy Striped Tee,Bored,Bored,Patrol Motorcycle Helmet
519,,Void Black,Gray,Striped Tee,Bored Bubblegum,Bloodshot,Bunny Ears
520,Diamond Stud,Void Black,White,Blue Dress,Bored,Heart,Glowrift Hat Black
521,Silver Stud,Void Black,Gray,Tuxedo Tee,Rage,Heart,Fisherman's Hat
522,,Void Black,Brown,Navy Striped Tee,Grin,Eyepatch,
523,,Void Black,Dark Brown,Hip Hop,Jovial,Phantom,Sky Captain's Hat
524,,Void Black,Black,Tweed Suit,Grin,Sleepy,Safari
525,Silver Stud,Void Black,White,Prison Jumpsuit,Bored,Coins,Stuntman Helmet
526,,Void Black,Dark Brown,,Phoneme Vuh,Bored,Party Hat 2
527,,Void Black,Brown,Fossil Necklace,Tongue Out,Bloodshot,Horns
528,Gold Stud,Void Black,Radiant Gold,Void Rift T,Small Grin,Bloodshot,Short Mohawk
529,Silver Stud,Void Black,Tan,Prison Jumpsuit,Bored Unshaven,Sad,Spinner Hat
530,Diamond Stud,Void Black,Blue,,Dumbfounded,Closed,
531,,Void Black,White,Prison Jumpsuit,Bored Cigarette,3d,
532,,Void Black,Brown,,Small Grin,Sad,Beanie
533,,Void Black,Black,,Bored,Bloodshot,Safari
534,Cross,Void Black,Red,Lumberjack Shirt,Dumbfounded,Bored,Vietnam Era Helmet
535,Silver Stud,Void Black,Black,Lab Coat,Bored Unshaven,Heart,
536,,Void Black,Phantom,Biker Vest,Bored Unshaven,Sad,Bowler
537,,Void Black,Blue,Leather Spectrum Jacket,Rage,Sunglasses,Beanie
538,,Void Black,Dark Brown,Sailor Shirt,Bored Unshaven Pipe,3d,Glowrift Flipped Brim
539,Silver Hoop,Void Black,Tan,Tuxedo Tee,Grin,Coins,Voyager's Hat
540,Gold Hoop,Void Black,Tan,Prom Dress,Grin,3d,Beanie
541,,Void Black,Black,Tanktop,Bored Unshaven,X Eyes,Beanie
542,,Void Black,Gray,Kings Robe,Bored Cigar,Neonborg,Cowboy Hat
543,Gold Hoop,Void Black,Tan,Stunt Jacket,Phoneme ooo,Closed,
544,Silver Stud,Void Black,Radiant Gold,Tuxedo Tee,Phoneme L,Eyepatch,Sushi Chef Headband
545,,Void Black,Dark Brown,Navy Striped Tee,Grin,Bored,Bunny Ears
546,Silver Hoop,Void Black,White,Cowboy Shirt,Bored Unshaven Cigarette,Laser Eyes,Sushi Chef Headband
547,,Void Black,Black,Kings Robe,Bored,Coins,Sky Captain's Hat
548,Gold Hoop,Void Black,Blue,Sleeveless T,Phoneme ooo,Bloodshot,Crimson Hat
549,,Void Black,Dark Brown,Tanktop,Bored,Bored,
550,Silver Stud,Void Black,Phantom,Leather Spectrum Jacket,Grin Diamond Grill,Sleepy,Short Mohawk
551,,Void Black,Cream,Work Vest,Grin,Sad,Voyager's Hat
552,,Void Black,Brown,Guayabera,Bored Unshaven,Closed,Girl's Hair Short
553,,Void Black,Dark Brown,Navy Striped Tee,Discomfort,Eyepatch,Safari
554,,Void Black,Tan,Sailor Shirt,Dumbfounded,Phantom,Beanie
555,,Void Black,Chrome,Sailor Shirt,Bored Unshaven,Sunglasses,Sky Captain's Hat
556,,Void Black,Gray,Hawaiian,Bored Unshaven Cigar,Sad,Irish Boho
557,Cross,Void Black,Dark Brown,Tweed Suit,Bored Unshaven,Sunglasses,Prussian Helmet
558,,Void Black,Dark Brown,,Bored,Scumbag,Vietnam Era Helmet
559,,Void Black,Void Bot,Black T,Dumbfounded,Bored,Glowrift Flipped Brim
560,,Void Black,Tan,,Phoneme ooo,Bloodshot,Vietnam Era Helmet
561,,Void Black,Gray,Guayabera,Bored Unshaven,Heart,
562,Gold Stud,Void Black,Red,Pimp Coat,Bored Unshaven,Bloodshot,
563,,Void Black,Tan,,Dumbfounded,Blindfold,
564,Gold Stud,Void Black,Brown,Biker Vest,Jovial,Sad,Horns
565,,Void Black,Black,Striped Tee,Bored Unshaven Dagger,Bored,Cowboy Hat
566,,Void Black,Tan,Work Vest,Bored Unshaven,Eyepatch,Sky Captain's Hat
567,Cross,Void Black,Dark Brown,Sleeveless Logo T,Bored,3d,Voyager's Hat
568,,Void Black,Void Bot,,Bored,Bloodshot,Crimson Hat
569,,Void Black,Tan,Sleeveless Logo T,Phoneme Wah,Scumbag,S&m Hat
570,Silver Hoop,Void Black,Golden Brown,,Jovial,Coins,Voyager's Hat
571,,Void Black,Brown,Vietnam Jacket,Bored,Sad,
572,Silver Hoop,Void Black,Chrome,Black T,Small Grin,Crazy,Crimson Hat
573,Silver Hoop,Void Black,Tan,,Bored,Bored,Short Mohawk
574,,Void Black,Black,Sleeveless T,Dumbfounded,Prismatic,Beanie
575,Silver Hoop,Void Black,Dark Brown,Biker Vest,Grin,Coins,Halo
576,,Void Black,Brown,Fossil Tee,Bored,Sleepy,
577,Silver Hoop,Void Black,Tan,Striped Tee,Bored,Bored,Sushi Chef Headband
578,Diamond Stud,Void Black,White,,Phoneme L,Sleepy,Short Mohawk
579,,Void Black,Dark Brown,Fossil Tee,Bored Unshaven,Bored,Glowrift Flipped Brim
580,,Void Black,Dark Brown,Fossil Tee,Bored Unshaven Cigarette,Phantom,Halo
581,Gold Hoop,Void Black,Phantom,Service,Phoneme Vuh,Closed,
582,,Void Black,Cheetah,,Bored,Bored,
583,Silver Stud,Void Black,Black,Tuxedo Tee,Phoneme Oh,Wide Eyed,
584,,Void Black,Gray,,Bored,Closed,Fisherman's Hat
585,,Void Black,Tan,Leather Spectrum Jacket,Phoneme L,Closed,Fisherman's Hat
586,,Void Black,Black,,Phoneme Oh,Bored,Chromatic Captain's Hat
587,Gold Stud,Void Black,Black,Glowrift T Black,Bored Cigarette,Closed,Fisherman's Hat
588,,Void Black,Golden Brown,Bandolier,Bored,Angry,Shadow Hat
589,Silver Hoop,Void Black,Blue,,Bored Unshaven,Coins,Crimson Hat
590,,Void Black,Brown,Hip Hop,Bored,Scumbag,
591,,Void Black,Gray,Leather Jacket,Bored Unshaven,Blue Beams,
592,,Void Black,Tan,Fossil Tee,Jovial,Bored,Ww2 Pilot Helm
593,,Void Black,Golden Brown,Void Rift T,Dumbfounded,3d,Cowboy Hat
594,Silver Stud,Void Black,Noise,Prison Jumpsuit,Grin,Sleepy,Bunny Ears
595,,Void Black,Tan,Wool Turtleneck,Bored,Bloodshot,Halo
596,,Void Black,Cheetah,Work Vest,Bored,X Eyes,Halo
597,,Void Black,Cream,,Phoneme Vuh,Sleepy,Beanie
598,,Void Black,Brown,Caveman Pelt,Bored,Crazy,
599,,Void Black,Cream,Navy Striped Tee,Bored,Heart,Sky Captain's Hat
600,Gold Hoop,Void Black,Pink,Guayabera,Bored Cigarette,Sunglasses,
601,,Void Black,Cream,,Rage,Closed,Sky Captain's Hat
602,,Void Black,Brown,Tie Dye,Bored,Heart,Bunny Ears
603,,Void Black,Dark Brown,Vietnam Jacket,Grin,Eyepatch,Beanie
604,,Void Black,Dark Brown,,Bored Unshaven,Wide Eyed,Glowrift Flipped Brim
605,,Void Black,Tan,Rainbow Suspenders,Grin,Bored,King's Crown
606,,Void Black,Dark Brown,,Bored,Closed,Spinner Hat
607,,Void Black,Golden Brown,Lumberjack Shirt,Bored,Bored,Irish Boho
608,,Void Black,Dark Brown,Striped Tee,Dumbfounded,Sad,Party Hat 2
609,,Void Black,Dark Brown,,Phoneme Oh,Eyepatch,Safari
610,,Void Black,Pink,,Bored Bubblegum,Angry,Glowrift Hat Black
611,,Void Black,Golden Brown,Wool Turtleneck,Grin,X Eyes,Sky Captain's Hat
612,Silver Hoop,Void Black,Dark Brown,Tweed Suit,Bored Unshaven Cigarette,Bored,Shadow Hat
613,Gold Stud,Void Black,Gray,Fossil Tee,Bored Unshaven Bubblegum,Scumbag,Party Hat 1
614,Gold Hoop,Void Black,Phantom,Space Suit,Rage,Crazy,Horns
615,Gold Stud,Void Black,Brown,Guayabera,Bored,Bored,Girl's Hair Short
616,,Void Black,Brown,Tanktop,Discomfort,Eyepatch,Fez
617,Gold Stud,Void Black,Black,Service,Phoneme Wah,Bloodshot,
618,,Void Black,Golden Brown,Puffy Vest,Tongue Out,Bored,Patrol Motorcycle Helmet
619,Gold Hoop,Void Black,Black,,Bored Party Horn,Bored,Sky Captain's Hat
620,,Void Black,Dark Brown,Wool Turtleneck,Bored Unshaven,3d,Ww2 Pilot Helm
621,,Void Black,Dark Brown,,Phoneme L,Coins,Halo
622,Silver Stud,Void Black,Dmt,Glowrift T Red,Grin,Wide Eyed,Halo
623,Cross,Void Black,Pink,Cowboy Shirt,Grin,Bored,Horns
624,,Void Black,Golden Brown,Tie Dye,Grin,Closed,Glowrift Hat Red
625,,Void Black,Blue,Striped Tee,Rage,Bloodshot,
626,,Void Black,Noise,Lumberjack Shirt,Dumbfounded,Bloodshot,Safari
627,Silver Stud,Void Black,Golden Brown,Stunt Jacket,Bored Unshaven,Sleepy,Girl's Hair Short
628,,Void Black,Brown,Striped Tee,Bored,Sad,Fez
629,Silver Stud,Void Black,Dark Brown,Void Rift T,Discomfort,Coins,Shadow Hat
630,,Void Black,Black,Glowrift T Red,Bored Cigarette,Prismatic,S&m Hat
631,Silver Hoop,Void Black,Phantom,Leather Jacket,Bored Unshaven Cigarette,X Eyes,
632,,Void Black,Noise,,Bored Cigarette,Heart,Beanie
633,Silver Stud,Void Black,Cream,,Tongue Out,Closed,Voyager's Hat
634,,Void Black,Blue,Sailor Shirt,Grin,Eyepatch,
635,,Void Black,Dark Brown,,Bored,X Eyes,Horns
636,,Void Black,Dmt,Cowboy Shirt,Dumbfounded,Phantom,Safari
637,,Void Black,Brown,Smoking Jacket,Bored Unshaven,Bored,Vietnam Era Helmet
638,Silver Hoop,Void Black,Dark Brown,Striped Tee,Small Grin,Eyepatch,
639,,Void Black,Cream,Blue Dress,Jovial,Coins,Crimson Hat
640,Silver Stud,Void Black,Chrome,Tweed Suit,Bored,Wide Eyed,
641,,Void Black,Void Bot,Fossil Necklace,Bored Unshaven Cigarette,Sad,Beanie
642,Silver Hoop,Void Black,Black,,Jovial,Angry,Voyager's Hat
643,,Void Black,White,Glowrift T Black,Small Grin,Sleepy,Glowrift Flipped Brim
644,,Void Black,Black,Vietnam Jacket,Grin,Angry,Bandana Blue
645,,Void Black,Brown,Black T,Bored Cigarette,Closed,Vietnam Era Helmet
646,,Void Black,Pink,Work Vest,Grin Multicolored,Bored,Glowrift Hat Black
647,,Void Black,Golden Brown,,Discomfort,Coins,Sky Captain's Hat
648,,Void Black,Dmt,Hip Hop,Bored Unshaven,Heart,Sky Captain's Hat
649,Silver Hoop,Void Black,Cream,Tuxedo Tee,Bored Unshaven Party horn,Bored,
650,,Void Black,Red,,Bored Kazoo,3d,
651,,Void Black,Dark Brown,Black Suit,Tongue Out,Sleepy,Safari
652,,Void Black,White,Void Rift T,Grin Multicolored,Sunglasses,
653,,Void Black,Black,Rainbow Suspenders,Bored,Bored,Cowboy Hat
654,,Void Black,White,Tanktop,Phoneme Oh,Sad,Beanie
655,Silver Stud,Void Black,Dark Brown,Black T,Bored,Sleepy,Halo
656,,Void Black,Chromatic,Toga,Grin,3d,
657,Silver Hoop,Void Black,Dark Brown,Glowrift T Red,Bored,Hypnotized,Glowrift Flipped Brim
658,,Void Black,Brown,Fossil Tee,Bored Unshaven,Sleepy,Spinner Hat
659,Silver Hoop,Void Black,Black,,Grin Gold Grill,Sunglasses,Spinner Hat
660,,Void Black,Cream,,Bored Unshaven,Sunglasses,
661,,Void Black,Red,Vietnam Jacket,Bored,Blindfold,Party Hat 2
662,Silver Hoop,Void Black,Tan,Sailor Shirt,Bored Unshaven,Sunglasses,
663,,Void Black,Black,Toga,Grin,Bored,Irish Boho
664,,Void Black,Golden Brown,,Phoneme Oh,Sleepy,Fez
665,,Void Black,Brown,Work Vest,Bored Unshaven Kazoo,Crazy,S&m Hat
666,Silver Hoop,Void Black,Dark Brown,Navy Striped Tee,Phoneme L,Prismatic,Spinner Hat
667,Diamond Stud,Void Black,Black,,Phoneme L,Scumbag,
668,,Void Black,Brown,Fossil Necklace,Bored,Bloodshot,Vietnam Era Helmet
669,Silver Stud,Void Black,Brown,,Phoneme Oh,Coins,Crimson Hat
670,Silver Hoop,Void Black,Cream,,Bored,Eyepatch,Cowboy Hat
671,,Void Black,Tan,Prison Jumpsuit,Phoneme L,Eyepatch,Glowrift Flipped Brim
672,,Void Black,Gray,,Bored Unshaven,Bored,Voyager's Hat
673,,Void Black,Pink,Guayabera,Phoneme L,Bored,Crimson Hat
674,Silver Stud,Void Black,Blue,Admirals Coat,Dumbfounded,Wide Eyed,
675,,Void Black,Black,Black T,Bored Unshaven,Bored,
676,,Void Black,Dark Brown,Stunt Jacket,Bored Unshaven Pipe,Bored,Crimson Hat
677,Silver Hoop,Void Black,Brown,Navy Striped Tee,Bored,Sad,
678,Gold Hoop,Void Black,Golden Brown,Navy Striped Tee,Bored,Crazy,
679,,Void Black,Tan,,Bored Cigarette,Crazy,Cowboy Hat
680,,Void Black,Golden Brown,Biker Vest,Grin,Bloodshot,
681,,Void Black,Golden Brown,Void Rift T,Bored Bubblegum,3d,
682,Gold Stud,Void Black,Golden Brown,Lab Coat,Bored Pizza,Bloodshot,King's Crown
683,,Void Black,Dark Brown,,Discomfort,Sunglasses,
684,,Void Black,Red,,Phoneme Vuh,Scumbag,Fisherman's Hat
685,Gold Hoop,Void Black,Pink,Fossil Necklace,Dumbfounded,Blindfold,Voyager's Hat
686,,Void Black,Void Bot,Tuxedo Tee,Grin,X Eyes,
687,,Void Black,Cream,Leather Jacket,Rage,Bored,Party Hat 2
688,Gold Hoop,Void Black,Black,Lab Coat,Phoneme Wah,Bored,Party Hat 2
689,,Void Black,White,Sleeveless Logo T,Phoneme Wah,Closed,
690,,Void Black,Pink,Lumberjack Shirt,Bored Unshaven,Neonborg,
691,,Void Black,Brown,Tweed Suit,Bored Unshaven,Hypnotized,Shadow Hat
692,,Void Black,Chrome,,Bored Cigarette,Wide Eyed,Glowrift Hat Black
693,,Void Black,Cheetah,,Bored Pipe,Closed,Bowler
694,Gold Stud,Void Black,Brown,,Small Grin,Phantom,Beanie
695,Gold Stud,Void Black,Dark Brown,,Phoneme Vuh,3d,
696,,Void Black,Golden Brown,Kings Robe,Bored Unshaven Cigar,Bored,Laurel Wreath
697,,Void Black,Tan,Wool Turtleneck,Phoneme Vuh,Sleepy,Beanie
698,Silver Hoop,Void Black,Dark Brown,Puffy Vest,Bored,Wide Eyed,
699,,Void Black,Gray,Navy Striped Tee,Bored Cigarette,Bloodshot,Fisherman's Hat
700,,Void Black,Black,,Bored Unshaven,Bored,Voyager's Hat
701,,Void Black,Cream,Tweed Suit,Grin,Phantom,
702,,Void Black,Gray,Admirals Coat,Bored,Sleepy,Beanie
703,,Void Black,Phantom,,Bored,Bored,Glowrift Flipped Brim
704,,Void Black,Tan,Hawaiian,Bored Unshaven Pipe,Bloodshot,Bunny Ears
705,Silver Hoop,Void Black,Black,Prison Jumpsuit,Jovial,Wide Eyed,Bowler
706,Gold Stud,Void Black,Blue,Leather Spectrum Jacket,Bored,Sleepy,Party Hat 2
707,Silver Hoop,Void Black,Black,,Phoneme Oh,Bored,
708,,Void Black,Cheetah,Service,Phoneme Wah,Chrome,
709,,Void Black,Gray,Glowrift T Black,Phoneme L,Sunglasses,Voyager's Hat
710,Gold Hoop,Void Black,Chrome,Smoking Jacket,Bored,Bloodshot,
711,,Void Black,Black,Toga,Bored Party Horn,Bored,Crimson Hat
712,,Void Black,Red,Prison Jumpsuit,Phoneme ooo,Scumbag,Prussian Helmet
713,,Void Black,Noise,Puffy Vest,Discomfort,Bored,Voyager's Hat
714,,Void Black,Black,Puffy Vest,Jovial,Prismatic,Sky Captain's Hat
715,,Void Black,Golden Brown,Stunt Jacket,Dumbfounded,Bored,
716,Silver Hoop,Void Black,Cheetah,,Bored,Bored,Prussian Helmet
717,,Void Black,Black,Bandolier,Phoneme ooo,Bored,S&m Hat
718,Silver Hoop,Void Black,Dark Brown,Tanktop,Jovial,Eyepatch,Prussian Helmet
719,,Void Black,Cheetah,Fossil Tee,Grin,Sleepy,Bunny Ears
720,Silver Stud,Void Black,Gray,Vietnam Jacket,Bored Unshaven,3d,Girl's Hair Short
721,Silver Stud,Void Black,Brown,Stunt Jacket,Phoneme ooo,Bored,Glowrift Flipped Brim
722,Silver Hoop,Void Black,Tan,Fossil Tee,Phoneme Wah,Sunglasses,
723,,Void Black,Blue,Sleeveless T,Bored,Wide Eyed,Fisherman's Hat
724,,Void Black,Black,Work Vest,Bored,Bloodshot,Fez
725,,Void Black,Brown,Rainbow Suspenders,Bored,Prismatic,
726,,Void Black,Black,,Phoneme Vuh,Wide Eyed,Party Hat 2
727,Silver Stud,Void Black,Brown,Toga,Bored Party Horn,Neonborg,
728,Silver Stud,Void Black,Tan,Striped Tee,Tongue Out,Bored,Short Mohawk
729,Cross,Void Black,Dark Brown,Hawaiian,Bored,X Eyes,Shadow Hat
730,,Void Black,Cream,Tweed Suit,Phoneme ooo,Sleepy,
731,,Void Black,Red,Service,Jovial,Crazy,
732,Diamond Stud,Void Black,Blue,Wool Turtleneck,Bored Unshaven Cigarette,3d,Bunny Ears
733,,Void Black,Brown,Tweed Suit,Grin,Hypnotized,Faux Hawk
734,,Void Black,Golden Brown,Striped Tee,Bored Unshaven,3d,Prussian Helmet
735,,Void Black,Black,,Rage,Sleepy,
736,,Void Black,Cheetah,Vietnam Jacket,Bored Cigarette,Closed,Prussian Helmet
737,,Void Black,Cream,Prom Dress,Bored Unshaven,Bored,
738,Silver Hoop,Void Black,White,Lab Coat,Bored,Wide Eyed,Beanie
739,Silver Hoop,Void Black,Tan,Lab Coat,Phoneme Oh,Phantom,Chromatic Captain's Hat
740,,Void Black,Black,Lumberjack Shirt,Dumbfounded,Bloodshot,
741,,Void Black,White,,Bored Unshaven,Bored,Irish Boho
742,,Void Black,Cheetah,Tanktop,Bored Kazoo,Sunglasses,Sky Captain's Hat
743,Gold Stud,Void Black,Dmt,Fossil Tee,Bored Unshaven Bubblegum,Bored,Girl's Hair Pink
744,Silver Stud,Void Black,Black,Fossil Necklace,Phoneme Wah,Coins,Horns
745,,Void Black,Golden Brown,,Bored Unshaven Cigarette,Bloodshot,Short Mohawk
746,,Void Black,Chrome,Tanktop,Bored,Bloodshot,Party Hat 1
747,,Void Black,Gray,Leather Jacket,Jovial,Bored,Sushi Chef Headband
748,,Void Black,Brown,,Phoneme Oh,Bloodshot,Sky Captain's Hat
749,Silver Hoop,Void Black,Black,Puffy Vest,Phoneme L,Scumbag,
750,,Void Black,Void Bot,Prom Dress,Bored Unshaven Cigarette,Sleepy,Bandana Blue
751,,Void Black,Black,Sailor Shirt,Jovial,X Eyes,Prussian Helmet
752,,Void Black,Brown,Service,Bored,Wide Eyed,
753,,Void Black,Brown,Stunt Jacket,Bored Unshaven Cigar,Blindfold,Glowrift Hat Black
754,Silver Stud,Void Black,Brown,Hawaiian,Phoneme Oh,Sad,
755,,Void Black,Dmt,Tie Dye,Bored Unshaven,Blindfold,
756,,Void Black,Tan,Lab Coat,Bored,Angry,Beanie
757,,Void Black,Tan,Navy Striped Tee,Bored,Angry,
758,,Void Black,Cream,Sleeveless Logo T,Bored,Sleepy,Glowrift Hat Red
759,,Void Black,Red,Tanktop,Bored,Angry,
760,,Void Black,Dark Brown,Sleeveless T,Bored Unshaven,Bored,Horns
761,Cross,Void Black,Cream,Tanktop,Jovial,Phantom,
762,,Void Black,Dark Brown,Lab Coat,Phoneme Oh,Coins,Safari
763,,Void Black,Black,Sleeveless T,Bored Unshaven,3d,Sky Captain's Hat
764,,Void Black,Black,Lab Coat,Grin,Closed,Sushi Chef Headband
765,,Void Black,Blue,Service,Phoneme Vuh,Angry,
766,,Void Black,Cream,Void Rift T,Dumbfounded,Bored,
767,,Void Black,Tan,,Bored Cigarette,Closed,Faux Hawk
768,Silver Hoop,Void Black,White,Cowboy Shirt,Bored Unshaven Party horn,Wide Eyed,Baby's Bonnet
769,,Void Black,Cheetah,Service,Bored Kazoo,Heart,
770,,Void Black,Blue,Void Rift T,Bored,Bored,
771,Diamond Stud,Void Black,Pink,Leather Jacket,Bored,Coins,Beanie
772,,Void Black,Dark Brown,Prom Dress,Bored,Bloodshot,Halo
773,Gold Hoop,Void Black,Tan,Navy Striped Tee,Grin,Crazy,Fez
774,,Void Black,Cheetah,,Phoneme ooo,Sunglasses,Safari
775,Gold Stud,Void Black,Brown,,Phoneme Oh,Bored,Cowboy Hat
776,Gold Hoop,Void Black,Brown,Fossil Tee,Grin,Prismatic,S&m Hat
777,Silver Stud,Void Black,Cheetah,,Bored Unshaven,Coins,Bunny Ears
778,Gold Hoop,Void Black,Dark Brown,Smoking Jacket,Bored Unshaven,Sunglasses,Sky Captain's Hat
779,Silver Stud,Void Black,Black,Fossil Tee,Bored Unshaven,Wide Eyed,
780,,Void Black,Gray,Hawaiian,Bored Kazoo,3d,Irish Boho
781,Silver Hoop,Void Black,Red,Striped Tee,Bored Kazoo,Bored,Fez
782,Silver Stud,Void Black,Pink,Bandolier,Bored,Bloodshot,Glowrift Hat Black
783,Gold Stud,Void Black,Black,Navy Striped Tee,Bored Pipe,Bloodshot,
784,Silver Stud,Void Black,Brown,Pimp Coat,Bored,Bored,Horns
785,,Void Black,Cheetah,Space Suit,Bored Unshaven,Chrome,Shadow Hat
786,Silver Hoop,Void Black,Dark Brown,Cowboy Shirt,Bored Unshaven,Bloodshot,
787,,Void Black,Black,Tanktop,Bored Pipe,Bored,Bowler
788,,Void Black,Phantom,Wool Turtleneck,Bored Cigarette,Closed,Bowler
789,,Void Black,Tan,Leather Spectrum Jacket,Phoneme Vuh,Bloodshot,Cowboy Hat
790,,Void Black,Golden Brown,,Bored,Heart,
791,,Void Black,Cream,Glowrift T Red,Bored Cigarette,Bloodshot,
792,,Void Black,Pink,Stunt Jacket,Grin Gold Grill,Prismatic,Sushi Chef Headband
793,,Void Black,Radiant Gold,Navy Striped Tee,Bored Pipe,Sleepy,Stuntman Helmet
794,Gold Stud,Void Black,Black,Caveman Pelt,Bored Cigarette,Wide Eyed,Glowrift Hat Black
795,,Void Black,Tan,Tanktop,Grin,Sunglasses,Spinner Hat
796,Silver Stud,Void Black,Golden Brown,Striped Tee,Bored Cigarette,Bored,Glowrift Hat Black
797,,Void Black,Phantom,Bandolier,Bored Cigarette,Bored,Shadow Hat
798,,Void Black,White,Service,Bored,Sunglasses,
799,,Void Black,Chrome,Stunt Jacket,Phoneme Vuh,Chrome,King's Crown
800,,Void Black,Brown,Wool Turtleneck,Bored Unshaven,Sunglasses,Spinner Hat
801,,Void Black,Gray,,Bored Cigarette,Wide Eyed,Bunny Ears
802,Cross,Void Black,Gray,Vietnam Jacket,Phoneme ooo,Phantom,
803,,Void Black,Cheetah,Navy Striped Tee,Phoneme L,Bored,Bunny Ears
804,Silver Stud,Void Black,Golden Brown,,Bored,Sunglasses,S&m Hat
805,,Void Black,Cream,Toga,Bored,Sunglasses,Crimson Hat
806,,Void Black,Dark Brown,Hip Hop,Bored Unshaven,Wide Eyed,Beanie
807,,Void Black,Golden Brown,Cowboy Shirt,Bored,Eyepatch,
808,,Void Black,Red,,Bored,Neonborg,Stuntman Helmet
809,Gold Stud,Void Black,White,Tuxedo Tee,Bored,Heart,Bandana Blue
810,Gold Stud,Void Black,Cream,Lab Coat,Bored,Wide Eyed,Fez
811,,Void Black,Radiant Gold,Biker Vest,Rage,Sleepy,Voyager's Hat
812,,Void Black,Dmt,Caveman Pelt,Bored Cigarette,X Eyes,Fisherman's Hat
813,,Void Black,Brown,Fossil Necklace,Phoneme Vuh,Closed,Horns
814,,Void Black,Golden Brown,Bandolier,Jovial,Sunglasses,Sky Captain's Hat
815,,Void Black,Dmt,Navy Striped Tee,Phoneme Oh,Bored,Glowrift Flipped Brim
816,,Void Black,Dark Brown,Bandolier,Phoneme Wah,3d,
817,,Void Black,Tan,Prison Jumpsuit,Small Grin,Bloodshot,S&m Hat
818,,Void Black,Dark Brown,Guayabera,Phoneme ooo,Hypnotized,Faux Hawk
819,,Void Black,Cream,Fossil Tee,Grin,Sad,
820,Silver Stud,Void Black,Chromatic,Guayabera,Bored Unshaven,Bored,Vietnam Era Helmet
821,,Void Black,Cheetah,,Bored,Bored,
822,,Void Black,Blue,Wool Turtleneck,Bored Unshaven,Sleepy,Laurel Wreath
823,,Void Black,Brown,Stunt Jacket,Bored Unshaven,Bored,Crimson Hat
824,Silver Hoop,Void Black,Brown,Pimp Coat,Phoneme Wah,Eyepatch,Halo
825,,Void Black,Chrome,Prison Jumpsuit,Bored,Sunglasses,
826,Silver Hoop,Void Black,Brown,Tuxedo Tee,Phoneme ooo,Bored,Bunny Ears
827,Gold Hoop,Void Black,Black,,Dumbfounded,3d,Cowboy Hat
828,Silver Stud,Void Black,Brown,Service,Phoneme Vuh,Coins,
829,Gold Stud,Void Black,Noise,,Bored Cigarette,Hypnotized,Voyager's Hat
830,,Void Black,Radiant Gold,Leather Spectrum Jacket,Bored,Bored,
831,,Void Black,Dark Brown,Tuxedo Tee,Bored Cigarette,Crazy,Girl's Hair Short
832,,Void Black,Golden Brown,Caveman Pelt,Grin Gold Grill,Sunglasses,Bandana Blue
833,Silver Hoop,Void Black,Black,Vietnam Jacket,Bored Cigarette,Scumbag,
834,Silver Hoop,Void Black,Dark Brown,Fossil Necklace,Bored Unshaven,Hypnotized,Fisherman's Hat
835,,Void Black,Tan,Leather Jacket,Bored Unshaven Cigarette,Scumbag,
836,,Void Black,Golden Brown,,Grin,Blindfold,Voyager's Hat
837,,Void Black,White,Puffy Vest,Bored,3d,Bowler
838,,Void Black,Dmt,Admirals Coat,Bored Unshaven Cigarette,Bored,Vietnam Era Helmet
839,,Void Black,White,,Bored Unshaven,Wide Eyed,Horns
840,,Void Black,Chrome,Biker Vest,Bored,Bored,Beanie
841,,Void Black,Dark Brown,Fossil Tee,Bored,Wide Eyed,Faux Hawk
842,Gold Stud,Void Black,Dark Brown,Striped Tee,Grin Multicolored,Crazy,
843,,Void Black,White,Striped Tee,Bored Party Horn,3d,Voyager's Hat
844,,Void Black,Tan,Tuxedo Tee,Bored Unshaven Cigarette,Wide Eyed,
845,,Void Black,Tan,Prison Jumpsuit,Phoneme L,Chrome,Party Hat 2
846,,Void Black,Golden Brown,,Bored,Sleepy,Short Mohawk
847,,Void Black,Dark Brown,Void Rift T,Bored Cigarette,Closed,S&m Hat
848,,Void Black,Golden Brown,Leather Jacket,Bored Unshaven Cigarette,Chrome,
849,,Void Black,Dark Brown,,Jovial,Phantom,Sushi Chef Headband
850,,Void Black,Red,Sleeveless Logo T,Bored,Coins,Horns
851,,Void Black,Cream,,Bored Unshaven Kazoo,Bored,Bandana Blue
852,,Void Black,Black,Bandolier,Bored Cigarette,Bored,Safari
853,,Void Black,Cream,,Bored,Closed,Girl's Hair Pink
854,,Void Black,Red,,Discomfort,Closed,Fisherman's Hat
855,,Void Black,Black,Tuxedo Tee,Bored,Crazy,Horns
856,,Void Black,White,Navy Striped Tee,Grin Multicolored,Hypnotized,Sushi Chef Headband
857,,Void Black,Tan,Navy Striped Tee,Bored Cigarette,Wide Eyed,Fez
858,,Void Black,Cream,Fossil Tee,Bored Cigarette,Sleepy,Voyager's Hat
859,Gold Hoop,Void Black,Void Bot,,Bored Unshaven,Heart,Sky Captain's Hat
860,,Void Black,Tan,,Bored Unshaven,Scumbag,
861,Cross,Void Black,Pink,,Small Grin,Scumbag,
862,,Void Black,Golden Brown,Smoking Jacket,Small Grin,Chrome,Girl's Hair Short
863,Silver Hoop,Void Black,Brown,Glowrift T Black,Phoneme Oh,Blindfold,Bunny Ears
864,Silver Stud,Void Black,Chrome,Void Rift T,Bored,Bored,
865,,Void Black,Red,,Bored Cigarette,Bored,Sky Captain's Hat
866,,Void Black,Tan,,Grin Multicolored,Sad,Glowrift Hat Red
867,Silver Stud,Void Black,Dark Brown,Caveman Pelt,Bored Party Horn,Wide Eyed,Glowrift Hat Black
868,,Void Black,Cream,,Bored Cigarette,Closed,Girl's Hair Pink
869,Gold Hoop,Void Black,Pink,,Grin Gold Grill,Sad,Party Hat 2
870,Gold Hoop,Void Black,Red,Void Rift T,Discomfort,Prismatic,
871,,Void Black,Black,Fossil Tee,Tongue Out,3d,Stuntman Helmet
872,,Void Black,Cream,,Bored Unshaven Cigarette,Heart,
873,,Void Black,Black,Admirals Coat,Phoneme L,Phantom,Spinner Hat
874,,Void Black,Black,Glowrift T Red,Discomfort,Bloodshot,
875,,Void Black,Red,Hawaiian,Phoneme Vuh,Angry,Voyager's Hat
876,,Void Black,Dark Brown,Biker Vest,Bored,Bored,Glowrift Hat Black
877,Silver Stud,Void Black,Golden Brown,,Bored Unshaven,Bored,Sky Captain's Hat
878,,Void Black,Dark Brown,Space Suit,Bored Unshaven,X Eyes,Sky Captain's Hat
879,,Void Black,Dmt,Tie Dye,Bored,Heart,
880,,Void Black,Dark Brown,,Bored,Bored,Shadow Hat
881,,Void Black,Dark Brown,Service,Jovial,X Eyes,
882,Silver Stud,Void Black,Brown,Lumberjack Shirt,Bored Unshaven,Bored,Fez
883,,Void Black,Black,Navy Striped Tee,Bored,Eyepatch,Spinner Hat
884,,Void Black,Cream,Glowrift T Black,Jovial,Angry,Party Hat 2
885,,Void Black,Chrome,Glowrift T Black,Bored,Angry,
886,Gold Stud,Void Black,Cheetah,,Phoneme Vuh,Bored,
887,Gold Stud,Void Black,Black,Tuxedo Tee,Tongue Out,Wide Eyed,
888,Gold Hoop,Void Black,Black,Navy Striped Tee,Bored Cigarette,Hypnotized,Fez
889,Diamond Stud,Void Black,Pink,Striped Tee,Bored,Bloodshot,Halo
890,,Void Black,Brown,Fossil Necklace,Dumbfounded,Blue Beams,Halo
891,,Void Black,Tan,Hip Hop,Bored,Bloodshot,Stuntman Helmet
892,,Void Black,Tan,Tanktop,Bored,Closed,
893,Silver Stud,Void Black,Gray,Toga,Phoneme L,Sleepy,Fisherman's Hat
894,,Void Black,Brown,Rainbow Suspenders,Bored Cigarette,Hypnotized,Ww2 Pilot Helm
895,,Void Black,Red,Sailor Shirt,Bored Unshaven,Bloodshot,
896,,Void Black,Black,,Phoneme Wah,Bored,Fez
897,,Void Black,Red,,Bored,3d,Glowrift Hat Red
898,Silver Stud,Void Black,Dmt,Leather Spectrum Jacket,Phoneme ooo,Blindfold,Stuntman Helmet
899,,Void Black,Gray,Glowrift T Red,Small Grin,3d,Faux Hawk
900,,Void Black,Blue,Hawaiian,Small Grin,Blindfold,
901,,Void Black,Chromatic,,Bored Cigarette,Hypnotized,Ww2 Pilot Helm
902,,Void Black,Black,Fossil Necklace,Bored Unshaven Cigarette,3d,Bunny Ears
903,Gold Hoop,Void Black,Black,,Bored,Sleepy,Bowler
904,,Void Black,White,,Bored,Blindfold,Crimson Hat
905,,Void Black,White,Vietnam Jacket,Phoneme Vuh,Wide Eyed,Patrol Motorcycle Helmet
906,Silver Hoop,Void Black,Pink,Prom Dress,Grin Gold Grill,Coins,
907,,Void Black,Golden Brown,Stunt Jacket,Dumbfounded,Wide Eyed,Halo
908,,Void Black,Cheetah,Cowboy Shirt,Dumbfounded,Hypnotized,
909,Diamond Stud,Void Black,Black,Toga,Dumbfounded,3d,
910,,Void Black,Golden Brown,Lumberjack Shirt,Bored Unshaven,Closed,
911,,Void Black,Pink,Black T,Bored Unshaven,Hypnotized,Beanie
912,,Void Black,Pink,Lumberjack Shirt,Grin,Blindfold,Faux Hawk
913,Gold Stud,Void Black,Tan,Bandolier,Rage,Sunglasses,Halo
914,,Void Black,Blue,Black T,Bored Unshaven,Prismatic,Voyager's Hat
915,,Void Black,Dark Brown,Lumberjack Shirt,Bored Unshaven Cigarette,Heart,Beanie
916,Silver Stud,Void Black,Black,Navy Striped Tee,Rage,Bloodshot,Beanie
917,,Void Black,Cream,Black T,Dumbfounded,Sunglasses,
918,,Void Black,Brown,,Bored,Eyepatch,Shadow Hat
919,Silver Stud,Void Black,Phantom,Black T,Bored Unshaven,Eyepatch,Fisherman's Hat
920,,Void Black,Dark Brown,Lab Coat,Bored,Closed,
921,,Void Black,Brown,Puffy Vest,Bored,Coins,
922,,Void Black,Black,Sailor Shirt,Phoneme Vuh,X Eyes,Stuntman Helmet
923,,Void Black,Tan,Toga,Phoneme Vuh,Bloodshot,Bowler
924,,Void Black,Golden Brown,Sleeveless T,Bored Cigarette,Angry,Shadow Hat
925,,Void Black,Brown,Service,Bored Unshaven Cigar,Bored,
926,,Void Black,Chrome,,Bored Unshaven,Bored,Beanie
927,,Void Black,Cream,Wool Turtleneck,Dumbfounded,Bored,
928,,Void Black,Black,Tuxedo Tee,Rage,Coins,Bowler
929,,Void Black,Void Bot,Blue Dress,Bored Unshaven,Heart,
930,,Void Black,Brown,Tuxedo Tee,Bored,Angry,Fez
931,,Void Black,Blue,Pimp Coat,Small Grin,Bored,Short Mohawk
932,,Void Black,Cream,Biker Vest,Bored,Crazy,Sky Captain's Hat
933,,Void Black,Brown,Tuxedo Tee,Phoneme Wah,Blindfold,Fisherman's Hat
934,,Void Black,Tan,Navy Striped Tee,Bored Unshaven,Blindfold,Baby's Bonnet
935,,Void Black,Dark Brown,Biker Vest,Dumbfounded,Bloodshot,
936,Silver Stud,Void Black,White,Void Rift T,Bored,Wide Eyed,Party Hat 2
937,,Void Black,Dark Brown,Black T,Phoneme Vuh,Sunglasses,Bowler
938,,Void Black,Black,,Bored,Bored,
939,,Void Black,Dmt,Sailor Shirt,Grin,Sleepy,Beanie
940,,Void Black,Black,Rainbow Suspenders,Grin Multicolored,Bloodshot,Sushi Chef Headband
941,,Void Black,Gray,Stunt Jacket,Bored Unshaven,Sleepy,Girl's Hair Short
942,,Void Black,Gray,Toga,Discomfort,Bored,Voyager's Hat
943,,Void Black,Black,Striped Tee,Bored Unshaven,Closed,Beanie
944,,Void Black,Black,Tie Dye,Bored Unshaven,Scumbag,Bunny Ears
945,Silver Hoop,Void Black,Pink,Hawaiian,Grin,Bloodshot,Short Mohawk
946,,Void Black,Dark Brown,,Bored Unshaven,Coins,Cowboy Hat
947,,Void Black,Black,,Bored,Bored,
948,Silver Hoop,Void Black,Red,Biker Vest,Bored Unshaven,3d,Crimson Hat
949,,Void Black,Black,,Bored Unshaven Party horn,Heart,
950,,Void Black,Cheetah,Fossil Necklace,Discomfort,Blue Beams,
951,Silver Stud,Void Black,Dark Brown,Leather Jacket,Bored,Sleepy,Safari
952,,Void Black,Dark Brown,Fossil Tee,Grin Multicolored,Blindfold,Girl's Hair Short
953,,Void Black,Black,,Phoneme Oh,Sad,Glowrift Flipped Brim
954,,Void Black,Gray,Fossil Tee,Bored,Hypnotized,Sky Captain's Hat
955,,Void Black,Dark Brown,Toga,Bored,Closed,Glowrift Flipped Brim
956,,Void Black,White,Fossil Tee,Phoneme Oh,Bored,Vietnam Era Helmet
957,Silver Stud,Void Black,Red,Vietnam Jacket,Bored,Bloodshot,
958,,Void Black,Red,Guayabera,Bored Unshaven,3d,Sky Captain's Hat
959,,Void Black,Dark Brown,Caveman Pelt,Tongue Out,Closed,Spinner Hat
960,,Void Black,Dmt,Hawaiian,Bored,Crazy,Horns
961,Silver Stud,Void Black,Phantom,,Bored Cigarette,Bored,Cowboy Hat
962,,Void Black,Phantom,,Grin,Eyepatch,Glowrift Hat Red
963,Silver Stud,Void Black,Black,Biker Vest,Bored Cigarette,Sad,Fez
964,,Void Black,Dark Brown,Stunt Jacket,Bored Unshaven Bubblegum,Closed,S&m Hat
965,,Void Black,Dmt,Smoking Jacket,Grin Multicolored,Bored,Cowboy Hat
966,,Void Black,Brown,Sleeveless Logo T,Grin,Neonborg,Shadow Hat
967,,Void Black,Brown,Leather Jacket,Phoneme ooo,Hypnotized,Spinner Hat
968,,Void Black,Red,Admirals Coat,Bored Cigarette,Coins,
969,Silver Hoop,Void Black,Dark Brown,Hawaiian,Bored Unshaven,Blindfold,Shadow Hat
970,,Void Black,Brown,Hawaiian,Grin,Hypnotized,
971,,Void Black,Dark Brown,,Bored Unshaven Cigar,Bored,Baby's Bonnet
972,,Void Black,Void Bot,Vietnam Jacket,Rage,Bloodshot,Irish Boho
973,,Void Black,Dark Brown,Work Vest,Bored,Bored,Cowboy Hat
974,,Void Black,Red,Lumberjack Shirt,Bored,Chrome,
975,Gold Stud,Void Black,Golden Brown,Hawaiian,Bored Unshaven Cigarette,Bored,Cowboy Hat
976,,Void Black,Pink,,Rage,Bored,Halo
977,,Void Black,Chrome,Prom Dress,Bored Unshaven Cigarette,Sad,Irish Boho
978,,Void Black,Phantom,Fossil Necklace,Bored,Prismatic,Short Mohawk
979,,Void Black,Void Bot,Hawaiian,Phoneme L,Scumbag,Beanie
980,,Void Black,Tan,Tweed Suit,Bored,Closed,Girl's Hair Pink
981,,Void Black,Red,Space Suit,Bored Unshaven,Neonborg,Shadow Hat
982,Gold Hoop,Void Black,Golden Brown,Sailor Shirt,Dumbfounded,Chrome,S&m Hat
983,,Void Black,Blue,Glowrift T Black,Rage,Scumbag,Fez
984,,Void Black,Brown,Guayabera,Bored Cigar,Bored,Halo
985,,Void Black,Red,,Bored,Bored,Ww2 Pilot Helm
986,Gold Hoop,Void Black,Dark Brown,Puffy Vest,Bored,Bloodshot,Beanie
987,Silver Stud,Void Black,Dark Brown,Puffy Vest,Bored,Sleepy,Irish Boho
988,,Void Black,Noise,,Bored Unshaven,Bored,Fisherman's Hat
989,Silver Hoop,Void Black,Black,Toga,Bored,Angry,
990,,Void Black,Dark Brown,Tuxedo Tee,Bored Unshaven Cigarette,Prismatic,Voyager's Hat
991,Silver Hoop,Void Black,Blue,Kings Robe,Bored Unshaven Pipe,Coins,Patrol Motorcycle Helmet
992,,Void Black,Black,Vietnam Jacket,Bored,Wide Eyed,Fisherman's Hat
993,,Void Black,Black,Leather Spectrum Jacket,Phoneme ooo,Coins,Sky Captain's Hat
994,,Void Black,Pink,Hip Hop,Bored,Chrome,Fez
995,,Void Black,Cheetah,Biker Vest,Bored Unshaven,Bloodshot,S&m Hat
996,,Void Black,Brown,,Bored,Bloodshot,Voyager's Hat
997,Silver Hoop,Void Black,Chrome,,Bored Cigarette,Crazy,Faux Hawk
998,,Void Black,Pink,Service,Bored Pipe,Sleepy,
999,,Void Black,Black,Bandolier,Tongue Out,Crazy,
1000,,Void Black,Brown,Toga,Phoneme ooo,Hypnotized,Prussian Helmet
1001,,Void Black,Brown,,Bored Unshaven,Chrome,Fez
1002,,Void Black,Dark Brown,Prison Jumpsuit,Bored Cigarette,Coins,
1003,,Void Black,Cheetah,Tweed Suit,Small Grin,Eyepatch,
1004,Silver Stud,Void Black,Black,Sailor Shirt,Small Grin,Wide Eyed,Halo
1005,,Void Black,Cream,,Bored,X Eyes,
1006,,Void Black,White,Smoking Jacket,Bored Unshaven,Coins,Cowboy Hat
1007,,Void Black,Red,,Bored Unshaven Cigarette,Angry,Voyager's Hat
1008,,Void Black,Gray,Biker Vest,Grin Diamond Grill,Bored,Shadow Hat
1009,,Void Black,Black,Smoking Jacket,Phoneme Oh,Chrome,Crimson Hat
1010,,Void Black,Black,Puffy Vest,Bored Unshaven,Crazy,Irish Boho
1011,,Void Black,Void Bot,Sailor Shirt,Bored,Bored,
1012,,Void Black,Pink,Lumberjack Shirt,Bored Unshaven Cigarette,Bloodshot,Patrol Motorcycle Helmet
1013,,Void Black,Gray,Tuxedo Tee,Bored,Sleepy,
1014,Silver Hoop,Void Black,Chrome,,Bored Unshaven,Crazy,Shadow Hat
1015,,Void Black,Black,Sleeveless T,Bored Bubblegum,Scumbag,Shadow Hat
1016,,Void Black,Tan,Hawaiian,Phoneme L,Coins,Faux Hawk
1017,,Void Black,Black,Glowrift T Black,Bored Unshaven,Bored,Voyager's Hat
1018,Diamond Stud,Void Black,Cream,Stunt Jacket,Phoneme ooo,Phantom,Irish Boho
1019,,Void Black,Void Bot,Glowrift T Black,Bored Party Horn,Wide Eyed,Bowler
1020,,Void Black,Brown,Service,Bored,Wide Eyed,
1021,,Void Black,Black,Vietnam Jacket,Bored,Scumbag,Short Mohawk
1022,,Void Black,Brown,,Grin Gold Grill,Bored,Beanie
1023,,Void Black,Cheetah,Smoking Jacket,Phoneme Oh,Coins,
1024,Diamond Stud,Void Black,Golden Brown,Glowrift T Red,Rage,3d,Party Hat 1
1025,Gold Stud,Void Black,Brown,,Grin,Bloodshot,
1026,,Void Black,Golden Brown,Leather Spectrum Jacket,Bored Unshaven Cigarette,Bored,
1027,Silver Stud,Void Black,Red,,Bored Cigarette,Eyepatch,Beanie
1028,Silver Hoop,Void Black,Brown,Hawaiian,Dumbfounded,Coins,Party Hat 1
1029,Silver Hoop,Void Black,Blue,Lab Coat,Rage,Bloodshot,Fez
1030,,Void Black,White,Biker Vest,Phoneme L,Bored,Fisherman's Hat
1031,,Void Black,Brown,,Bored Dagger,Phantom,Fez
1032,,Void Black,Black,Black T,Bored Unshaven Cigarette,X Eyes,
1033,,Void Black,White,Work Vest,Bored,Bored,Vietnam Era Helmet
1034,Silver Hoop,Void Black,Pink,Smoking Jacket,Phoneme Vuh,Wide Eyed,Sky Captain's Hat
1035,Gold Stud,Void Black,Black,,Bored Cigarette,Closed,Baby's Bonnet
1036,,Void Black,Golden Brown,,Bored Bubblegum,Bloodshot,Halo
1037,Gold Hoop,Void Black,Chrome,Hawaiian,Bored,Bored,Beanie
1038,,Void Black,Golden Brown,Striped Tee,Phoneme ooo,Blindfold,Halo
1039,,Void Black,Dark Brown,Smoking Jacket,Phoneme Vuh,Hypnotized,Glowrift Flipped Brim
1040,Silver Stud,Void Black,Pink,Guayabera,Tongue Out,Eyepatch,
1041,,Void Black,Brown,Glowrift T Red,Grin,Sleepy,Faux Hawk
1042,Gold Stud,Void Black,Blue,Biker Vest,Bored,X Eyes,Sky Captain's Hat
1043,Cross,Void Black,Tan,Guayabera,Bored,Coins,Vietnam Era Helmet
1044,Diamond Stud,Void Black,Brown,Navy Striped Tee,Bored Unshaven Cigarette,Blindfold,
1045,,Void Black,Dark Brown,Vietnam Jacket,Discomfort,Sad,Stuntman Helmet
1046,,Void Black,Pink,Lumberjack Shirt,Bored Unshaven,Bored,
1047,,Void Black,Black,Navy Striped Tee,Bored Cigarette,Angry,Ww2 Pilot Helm
1048,,Void Black,Black,Sailor Shirt,Bored Unshaven Party horn,Angry,Baby's Bonnet
1049,,Void Black,Black,Smoking Jacket,Jovial,Wide Eyed,Shadow Hat
1050,,Void Black,Pink,Stunt Jacket,Bored Unshaven,Sleepy,
1051,,Void Black,Golden Brown,Fossil Necklace,Bored Unshaven,Coins,Party Hat 1
1052,,Void Black,Blue,Puffy Vest,Bored,Bloodshot,Beanie
1053,,Void Black,Cream,,Grin,Sleepy,Fez
1054,,Void Black,Dmt,Tuxedo Tee,Grin,Angry,Short Mohawk
1055,,Void Black,Dark Brown,Bandolier,Bored Unshaven,Eyepatch,Voyager's Hat
1056,Silver Stud,Void Black,Red,Navy Striped Tee,Grin,X Eyes,Halo
1057,,Void Black,Dark Brown,Striped Tee,Rage,Chrome,Bandana Blue
1058,Gold Stud,Void Black,Blue,Navy Striped Tee,Phoneme Vuh,Phantom,
1059,Silver Stud,Void Black,Brown,Cowboy Shirt,Bored Unshaven,3d,
1060,,Void Black,Dark Brown,Fossil Tee,Jovial,Closed,Crimson Hat
1061,,Void Black,Blue,Tie Dye,Rage,Sleepy,Spinner Hat
1062,,Void Black,Cream,Guayabera,Bored Unshaven,Sleepy,
1063,,Void Black,Dark Brown,Prison Jumpsuit,Bored Unshaven,Blue Beams,
1064,Silver Hoop,Void Black,Golden Brown,Blue Dress,Phoneme Wah,Scumbag,Bunny Ears
1065,,Void Black,Dark Brown,Toga,Bored Unshaven Cigarette,X Eyes,
1066,Diamond Stud,Void Black,Chrome,Sailor Shirt,Bored Unshaven Cigarette,Sunglasses,
1067,,Void Black,Gray,Biker Vest,Bored,Blindfold,S&m Hat
1068,,Void Black,Brown,Glowrift T Black,Bored Unshaven Cigarette,Coins,Glowrift Flipped Brim
1069,Silver Hoop,Void Black,Dark Brown,Void Rift T,Grin,Heart,Cowboy Hat
1070,Gold Stud,Void Black,Dark Brown,Black T,Phoneme ooo,Sad,Fisherman's Hat
1071,,Void Black,Brown,Space Suit,Small Grin,Eyepatch,Vietnam Era Helmet
1072,,Void Black,Cream,,Bored Kazoo,Bored,Fisherman's Hat
1073,,Void Black,White,Service,Phoneme Oh,Angry,
1074,Silver Stud,Void Black,Brown,Work Vest,Dumbfounded,Bored,
1075,,Void Black,Phantom,Guayabera,Bored Cigarette,Crazy,
1076,,Void Black,Gray,,Phoneme Wah,Chrome,Prussian Helmet
1077,Silver Hoop,Void Black,Brown,Glowrift T Red,Grin,Bored,Vietnam Era Helmet
1078,,Void Black,Black,Hawaiian,Bored Unshaven,Eyepatch,Beanie
1079,,Void Black,Void Bot,Cowboy Shirt,Bored Unshaven,Bored,
1080,,Void Black,Brown,Tanktop,Dumbfounded,Bloodshot,Cowboy Hat
1081,,Void Black,Dark Brown,Leather Spectrum Jacket,Bored Cigarette,Bloodshot,Crimson Hat
1082,,Void Black,Cream,Glowrift T Red,Bored Unshaven Cigarette,Closed,
1083,Gold Stud,Void Black,Phantom,Tanktop,Bored,Wide Eyed,Prussian Helmet
1084,Cross,Void Black,Golden Brown,Lumberjack Shirt,Dumbfounded,Sad,Short Mohawk
1085,,Void Black,Red,Vietnam Jacket,Bored Cigarette,Scumbag,Stuntman Helmet
1086,Silver Hoop,Void Black,Dark Brown,Prom Dress,Bored Cigar,Blindfold,
1087,Diamond Stud,Void Black,Brown,Leather Spectrum Jacket,Bored,Heart,Halo
1088,,Void Black,Cheetah,Tie Dye,Bored Cigarette,Prismatic,Beanie
1089,Silver Stud,Void Black,Blue,Guayabera,Bored Unshaven,Coins,Beanie
1090,Silver Stud,Void Black,Cheetah,Black T,Bored Cigar,Wide Eyed,Bandana Blue
1091,Silver Hoop,Void Black,Dark Brown,Cowboy Shirt,Dumbfounded,Bloodshot,Bandana Blue
1092,Silver Stud,Void Black,Cream,,Grin,Sunglasses,Short Mohawk
1093,Gold Stud,Void Black,Golden Brown,,Tongue Out,Chrome,
1094,Silver Hoop,Void Black,Pink,Tweed Suit,Bored Unshaven,Coins,
1095,Gold Hoop,Void Black,Blue,Void Rift T,Bored,Bloodshot,Cowboy Hat
1096,,Void Black,Golden Brown,Tuxedo Tee,Bored Pipe,Angry,Cowboy Hat
1097,,Void Black,Noise,Navy Striped Tee,Bored Cigarette,Hypnotized,Ww2 Pilot Helm
1098,,Void Black,Golden Brown,,Bored Cigarette,Bored,Sky Captain's Hat
1099,,Void Black,Golden Brown,Space Suit,Bored Cigarette,Prismatic,Halo
1100,Cross,Void Black,Cream,Blue Dress,Bored Unshaven,Angry,
1101,,Void Black,Red,Smoking Jacket,Bored Unshaven Pipe,Scumbag,Bowler
1102,,Void Black,Dark Brown,Rainbow Suspenders,Bored Unshaven Kazoo,Bored,Ww2 Pilot Helm
1103,Silver Stud,Void Black,Golden Brown,Guayabera,Tongue Out,Wide Eyed,Sky Captain's Hat
1104,,Void Black,Red,,Bored,X Eyes,Vietnam Era Helmet
1105,Silver Stud,Void Black,Cream,Void Rift T,Phoneme Vuh,Bored,Fez
1106,Silver Hoop,Void Black,Red,Sailor Shirt,Phoneme ooo,Crazy,Patrol Motorcycle Helmet
1107,Gold Hoop,Void Black,Gray,Lumberjack Shirt,Bored,3d,
1108,Gold Stud,Void Black,Brown,Tuxedo Tee,Phoneme Wah,Bored,Beanie
1109,Silver Stud,Void Black,Golden Brown,Sailor Shirt,Bored Unshaven,Angry,
1110,,Void Black,Dark Brown,Glowrift T Red,Discomfort,Sad,Short Mohawk
1111,,Void Black,Brown,Sleeveless Logo T,Bored Cigarette,Phantom,Spinner Hat
1112,Silver Hoop,Void Black,Blue,Vietnam Jacket,Phoneme Oh,Bored,Short Mohawk
1113,,Void Black,Tan,,Dumbfounded,3d,Beanie
1114,,Void Black,Blue,,Phoneme ooo,Bored,Beanie
1115,Silver Stud,Void Black,Golden Brown,Black T,Bored Dagger,Closed,Short Mohawk
1116,,Void Black,Dark Brown,Tanktop,Bored,Prismatic,Irish Boho
1117,,Void Black,Black,Lab Coat,Bored Kazoo,Bloodshot,
1118,,Void Black,Cream,Navy Striped Tee,Grin,Wide Eyed,
1119,,Void Black,Chromatic,Leather Jacket,Bored Unshaven Kazoo,Bored,Halo
1120,Silver Stud,Void Black,Dark Brown,Biker Vest,Bored Unshaven Cigarette,Blue Beams,
1121,,Void Black,Dark Brown,Service,Bored Unshaven,Prismatic,
1122,,Void Black,Black,Admirals Coat,Bored Unshaven,Bloodshot,Patrol Motorcycle Helmet
1123,,Void Black,Golden Brown,Lab Coat,Bored Unshaven Cigarette,Wide Eyed,
1124,,Void Black,Dark Brown,,Phoneme ooo,Phantom,
1125,,Void Black,Dark Brown,Prison Jumpsuit,Phoneme ooo,Sleepy,
1126,,Void Black,Cream,Tanktop,Bored,Closed,Vietnam Era Helmet
1127,,Void Black,Tan,Tuxedo Tee,Grin,X Eyes,Party Hat 2
1128,,Void Black,Dark Brown,Service,Dumbfounded,Bored,
1129,,Void Black,Dark Brown,Guayabera,Bored Unshaven,Closed,
1130,Gold Hoop,Void Black,Dark Brown,Sleeveless Logo T,Bored,Wide Eyed,Cowboy Hat
1131,,Void Black,Gray,Black T,Bored Cigarette,Hypnotized,Glowrift Flipped Brim
1132,,Void Black,Brown,Service,Jovial,Heart,
1133,,Void Black,Phantom,Tie Dye,Rage,Bored,Ww2 Pilot Helm
1134,,Void Black,Dark Brown,,Bored Unshaven,Angry,Crimson Hat
1135,,Void Black,Dmt,Sailor Shirt,Bored Unshaven Dagger,Prismatic,Glowrift Hat Black
1136,,Void Black,Pink,Striped Tee,Jovial,Bored,Beanie
1137,,Void Black,Cream,Sleeveless T,Bored Cigar,Closed,Girl's Hair Pink
1138,,Void Black,Gray,,Grin,Phantom,Baby's Bonnet
1139,,Void Black,Pink,Navy Striped Tee,Bored Unshaven,Bloodshot,Bandana Blue
1140,Silver Stud,Void Black,Dark Brown,Leather Spectrum Jacket,Bored,Coins,Laurel Wreath
1141,Silver Hoop,Void Black,Phantom,Kings Robe,Bored,3d,Beanie
1142,,Void Black,Red,Admirals Coat,Bored Unshaven Cigarette,Closed,Stuntman Helmet
1143,,Void Black,Brown,Caveman Pelt,Bored Cigar,Angry,Short Mohawk
1144,,Void Black,Noise,Bandolier,Bored,Bored,Beanie
1145,,Void Black,Golden Brown,Black T,Bored,Angry,
1146,Silver Hoop,Void Black,Phantom,Sleeveless Logo T,Grin Diamond Grill,Crazy,Horns
1147,,Void Black,Black,Lab Coat,Bored,Sleepy,Glowrift Hat Black
1148,,Void Black,Tan,Striped Tee,Jovial,Angry,
1149,Silver Hoop,Void Black,Red,Glowrift T Red,Bored Cigarette,Closed,Horns
1150,,Void Black,Dark Brown,Vietnam Jacket,Bored Unshaven,Closed,Laurel Wreath
1151,,Void Black,Dmt,Lumberjack Shirt,Bored,Bored,Beanie
1152,,Void Black,Dark Brown,Service,Bored Unshaven,Phantom,
1153,Silver Stud,Void Black,Golden Brown,Cowboy Shirt,Jovial,Bloodshot,
1154,,Void Black,Red,Caveman Pelt,Dumbfounded,Laser Eyes,Fisherman's Hat
1155,Silver Hoop,Void Black,Blue,Fossil Tee,Bored Cigarette,Coins,Irish Boho
1156,,Void Black,Dark Brown,Fossil Necklace,Bored Unshaven,Closed,
1157,,Void Black,Blue,,Small Grin,Angry,Girl's Hair Short
1158,,Void Black,Tan,Leather Spectrum Jacket,Bored,Bloodshot,Party Hat 2
1159,,Void Black,Brown,,Bored Unshaven,Wide Eyed,
1160,,Void Black,Dark Brown,Sleeveless T,Bored,Bored,Stuntman Helmet
1161,,Void Black,Pink,Puffy Vest,Bored Unshaven Cigarette,Wide Eyed,Cowboy Hat
1162,,Void Black,Void Bot,Tuxedo Tee,Bored Unshaven,Sunglasses,Baby's Bonnet
1163,,Void Black,Brown,Work Vest,Bored,Phantom,
1164,Silver Hoop,Void Black,Golden Brown,Toga,Bored Unshaven,Bloodshot,Party Hat 2
1165,,Void Black,Pink,Void Rift T,Small Grin,X Eyes,Safari
1166,Silver Stud,Void Black,Dark Brown,Fossil Necklace,Bored Cigarette,Sad,
1167,,Void Black,Chrome,Guayabera,Bored Unshaven,Coins,Voyager's Hat
1168,,Void Black,Golden Brown,,Bored,Bored,Bunny Ears
1169,Cross,Void Black,Noise,Black T,Bored,Sleepy,Bowler
1170,,Void Black,Dark Brown,,Bored Unshaven,Closed,Sushi Chef Headband
1171,,Void Black,Cream,Void Rift T,Bored Unshaven,Crazy,
1172,,Void Black,Tan,Blue Dress,Bored,Bored,Faux Hawk
1173,Silver Hoop,Void Black,Chrome,,Bored,3d,Fez
1174,,Void Black,Golden Brown,,Grin Gold Grill,X Eyes,Shadow Hat
1175,Gold Stud,Void Black,Black,Lab Coat,Jovial,Chrome,Sushi Chef Headband
1176,,Void Black,Tan,Striped Tee,Bored Kazoo,Wide Eyed,Sky Captain's Hat
1177,,Void Black,Tan,Sleeveless Logo T,Bored Unshaven,Bored,Ww2 Pilot Helm
1178,,Void Black,Red,,Tongue Out,Sleepy,Glowrift Hat Red
1179,,Void Black,Red,Lumberjack Shirt,Bored Unshaven,Chrome,
1180,Diamond Stud,Void Black,Red,Pimp Coat,Bored Unshaven,Angry,Irish Boho
1181,,Void Black,Brown,Tuxedo Tee,Grin,Neonborg,
1182,,Void Black,Golden Brown,Sleeveless T,Bored Unshaven Cigarette,Bloodshot,
1183,,Void Black,Dark Brown,Sailor Shirt,Bored,Coins,Horns
1184,,Void Black,Pink,Fossil Tee,Bored,Bloodshot,Cowboy Hat
1185,Silver Stud,Void Black,Dark Brown,Tanktop,Grin,Scumbag,King's Crown
1186,Silver Hoop,Void Black,Phantom,,Grin Multicolored,Coins,Short Mohawk
1187,,Void Black,Brown,Tuxedo Tee,Phoneme Vuh,Heart,Crimson Hat
1188,,Void Black,Dark Brown,Glowrift T Red,Bored,Angry,Voyager's Hat
1189,Cross,Void Black,Tan,,Phoneme L,Heart,Fez
1190,Gold Stud,Void Black,Brown,Service,Grin,Closed,
1191,,Void Black,Chrome,Guayabera,Bored Unshaven,Bloodshot,Bowler
1192,Diamond Stud,Void Black,White,,Bored,Coins,Fez
1193,,Void Black,Brown,Navy Striped Tee,Phoneme Oh,Sleepy,
1194,Silver Stud,Void Black,Dark Brown,Prom Dress,Grin,Scumbag,
1195,,Void Black,Dmt,Sleeveless T,Bored Unshaven Cigar,Sleepy,Beanie
1196,,Void Black,Cream,Navy Striped Tee,Bored Unshaven,Heart,Halo
1197,,Void Black,Dark Brown,Blue Dress,Bored Unshaven Cigar,Eyepatch,Shadow Hat
1198,Silver Hoop,Void Black,Golden Brown,Sailor Shirt,Dumbfounded,Neonborg,Crimson Hat
1199,,Void Black,Dark Brown,Navy Striped Tee,Bored Unshaven Dagger,Angry,Beanie
1200,,Void Black,Cheetah,Navy Striped Tee,Bored Cigarette,Sleepy,Short Mohawk
1201,Cross,Void Black,Black,,Bored Unshaven,Heart,Glowrift Hat Red
1202,,Void Black,Brown,Puffy Vest,Jovial,Neonborg,Bunny Ears
1203,Silver Stud,Void Black,Dmt,Vietnam Jacket,Phoneme Vuh,Closed,Crimson Hat
1204,,Void Black,Dark Brown,Stunt Jacket,Bored Unshaven Party horn,Wide Eyed,Beanie
1205,Silver Hoop,Void Black,Tan,,Grin Diamond Grill,Sad,Short Mohawk
1206,,Void Black,Dark Brown,Fossil Necklace,Phoneme L,Wide Eyed,Crimson Hat
1207,Gold Stud,Void Black,Void Bot,Blue Dress,Grin,Coins,Prussian Helmet
1208,,Void Black,Golden Brown,Fossil Necklace,Bored Cigarette,Wide Eyed,Short Mohawk
1209,,Void Black,Golden Brown,Glowrift T Black,Bored Unshaven,Bored,Safari
1210,,Void Black,Phantom,Service,Bored,Heart,
1211,,Void Black,Gray,,Bored,Blindfold,Safari
1212,Cross,Void Black,Golden Brown,Navy Striped Tee,Grin,Sleepy,Bowler
1213,Gold Stud,Void Black,Pink,Sleeveless T,Bored Unshaven Cigarette,Wide Eyed,Voyager's Hat
1214,,Void Black,Pink,Cowboy Shirt,Bored Kazoo,3d,Prussian Helmet
1215,,Void Black,Black,Navy Striped Tee,Bored,Bored,
1216,Diamond Stud,Void Black,Pink,Black T,Bored Cigarette,Scumbag,Shadow Hat
1217,Silver Stud,Void Black,Dark Brown,Admirals Coat,Bored,Bloodshot,Safari
1218,,Void Black,Black,Bandolier,Bored Cigarette,Scumbag,Beanie
1219,,Void Black,Noise,Prison Jumpsuit,Bored Unshaven,Closed,Beanie
1220,,Void Black,Brown,Lumberjack Shirt,Bored,Bored,Fez
1221,Silver Stud,Void Black,Phantom,Sleeveless T,Bored Unshaven Cigarette,Sunglasses,Fez
1222,Gold Hoop,Void Black,Golden Brown,Black T,Bored,Sad,Sky Captain's Hat
1223,,Void Black,Dark Brown,Service,Dumbfounded,Chrome,
1224,Gold Hoop,Void Black,Brown,Hawaiian,Grin,Coins,Halo
1225,,Void Black,Phantom,Hawaiian,Grin Multicolored,Blindfold,Sushi Chef Headband
1226,,Void Black,Dmt,Prison Jumpsuit,Bored,Bored,Shadow Hat
1227,Gold Hoop,Void Black,Brown,Sailor Shirt,Bored Unshaven,Prismatic,Vietnam Era Helmet
1228,,Void Black,Cheetah,Puffy Vest,Phoneme Oh,Bored,Crimson Hat
1229,Cross,Void Black,Noise,Tweed Suit,Bored Unshaven,Sad,Beanie
1230,Silver Stud,Void Black,White,Guayabera,Bored Unshaven Party horn,Blindfold,
1231,,Void Black,Black,,Bored,Scumbag,Halo
1232,,Void Black,Dmt,Prom Dress,Bored,Sleepy,S&m Hat
1233,,Void Black,Cheetah,Sleeveless T,Bored,Bored,Beanie
1234,,Void Black,Blue,Leather Jacket,Bored Bubblegum,Sleepy,Fisherman's Hat
1235,Silver Stud,Void Black,White,Leather Jacket,Bored,Heart,Baby's Bonnet
1236,,Void Black,Black,Guayabera,Discomfort,Wide Eyed,
1237,,Void Black,Black,,Bored Unshaven,X Eyes,Short Mohawk
1238,Gold Stud,Void Black,White,Work Vest,Discomfort,X Eyes,Crimson Hat
1239,,Void Black,Black,Fossil Tee,Bored,Sunglasses,Beanie
1240,Gold Stud,Void Black,Black,Lumberjack Shirt,Bored Pipe,Sunglasses,Glowrift Hat Black
1241,,Void Black,Brown,Tuxedo Tee,Bored Unshaven Cigarette,Bored,Ww2 Pilot Helm
1242,Silver Hoop,Void Black,Chromatic,Navy Striped Tee,Bored Unshaven,Eyepatch,
1243,Silver Hoop,Void Black,Tan,Kings Robe,Phoneme Oh,Sleepy,Shadow Hat
1244,Silver Stud,Void Black,Brown,Lumberjack Shirt,Bored Cigarette,Eyepatch,Glowrift Flipped Brim
1245,,Void Black,Black,Guayabera,Bored Unshaven,Bored,Vietnam Era Helmet
1246,,Void Black,Brown,Smoking Jacket,Bored Dagger,Wide Eyed,Glowrift Hat Red
1247,Gold Stud,Void Black,Cream,Vietnam Jacket,Grin,Bored,
1248,Silver Stud,Void Black,Brown,Wool Turtleneck,Bored,Phantom,
1249,,Void Black,Blue,Void Rift T,Dumbfounded,Closed,Voyager's Hat
1250,,Void Black,Cheetah,Lab Coat,Dumbfounded,Neonborg,Glowrift Flipped Brim
1251,,Void Black,Dmt,Tuxedo Tee,Phoneme L,Sleepy,Cowboy Hat
1252,Gold Hoop,Void Black,Brown,Admirals Coat,Bored Unshaven,Bored,Irish Boho
1253,,Void Black,Dark Brown,Hawaiian,Bored Unshaven Bubblegum,Phantom,
1254,,Void Black,Tan,,Bored,Blindfold,Beanie
1255,Silver Hoop,Void Black,Pink,Leather Jacket,Phoneme Wah,Bored,Safari
1256,,Void Black,Dmt,Prison Jumpsuit,Phoneme Wah,Bored,Voyager's Hat
1257,,Void Black,Dark Brown,Toga,Bored Cigarette,Sad,
1258,,Void Black,Dark Brown,Lab Coat,Bored Kazoo,Bored,
1259,,Void Black,Red,Stunt Jacket,Bored,Sad,Beanie
1260,Silver Hoop,Void Black,Black,Sailor Shirt,Bored,Crazy,Shadow Hat
1261,Silver Stud,Void Black,Noise,,Bored Unshaven,Bloodshot,Voyager's Hat
1262,,Void Black,Void Bot,Prison Jumpsuit,Bored Unshaven Party horn,Bloodshot,Short Mohawk
1263,,Void Black,Cream,Toga,Phoneme L,Angry,Prussian Helmet
1264,,Void Black,Red,Smoking Jacket,Bored,Sleepy,Bowler
1265,,Void Black,Black,Puffy Vest,Bored,Crazy,
1266,,Void Black,Brown,,Bored,Bloodshot,Prussian Helmet
1267,,Void Black,Dark Brown,Bandolier,Phoneme Vuh,Coins,Sky Captain's Hat
1268,,Void Black,Brown,Prom Dress,Bored Unshaven Cigarette,Bored,Girl's Hair Short
1269,,Void Black,Pink,Navy Striped Tee,Small Grin,Closed,Fez
1270,Silver Hoop,Void Black,Brown,Glowrift T Black,Bored Cigarette,Bloodshot,Beanie
1271,Gold Stud,Void Black,Golden Brown,Puffy Vest,Bored Unshaven Cigarette,Blindfold,Voyager's Hat
1272,,Void Black,Black,Navy Striped Tee,Bored Bubblegum,Heart,
1273,,Void Black,Golden Brown,Tuxedo Tee,Grin Multicolored,Hypnotized,Spinner Hat
1274,,Void Black,Cream,,Dumbfounded,3d,Girl's Hair Short
1275,Gold Hoop,Void Black,Cream,Hawaiian,Bored Cigarette,3d,
1276,Cross,Void Black,White,Sailor Shirt,Grin,Prismatic,Voyager's Hat
1277,Gold Hoop,Void Black,Chrome,Tanktop,Phoneme L,Bored,Vietnam Era Helmet
1278,,Void Black,Chrome,,Bored,Sad,Fisherman's Hat
1279,,Void Black,Pink,Striped Tee,Bored,Bloodshot,
1280,Silver Hoop,Void Black,Brown,Leather Jacket,Bored,3d,Safari
1281,,Void Black,Brown,,Bored,Sleepy,
1282,,Void Black,Cream,Hawaiian,Bored Pipe,Chrome,
1283,,Void Black,Dmt,Leather Jacket,Tongue Out,Coins,Stuntman Helmet
1284,,Void Black,Cream,Lumberjack Shirt,Phoneme ooo,Closed,Cowboy Hat
1285,,Void Black,Blue,,Bored,Angry,Voyager's Hat
1286,Gold Stud,Void Black,Black,Vietnam Jacket,Small Grin,Sunglasses,Safari
1287,,Void Black,Pink,Blue Dress,Small Grin,Chrome,
1288,Gold Hoop,Void Black,Blue,Glowrift T Red,Phoneme ooo,Sleepy,Sushi Chef Headband
1289,,Void Black,Black,Leather Jacket,Grin Gold Grill,Wide Eyed,Sky Captain's Hat
1290,,Void Black,Black,Smoking Jacket,Dumbfounded,Bloodshot,
1291,,Void Black,Red,Fossil Necklace,Bored,Sleepy,Bowler
1292,Silver Hoop,Void Black,Black,Prison Jumpsuit,Phoneme Vuh,Sad,Safari
1293,Cross,Void Black,Dark Brown,Puffy Vest,Bored,Hypnotized,Fisherman's Hat
1294,,Void Black,Red,,Bored,Sunglasses,S&m Hat
1295,,Void Black,Red,Service,Bored,Closed,
1296,,Void Black,Dark Brown,Sleeveless T,Bored,Coins,
1297,,Void Black,Brown,Tuxedo Tee,Bored,Bored,
1298,Gold Hoop,Void Black,Gray,Striped Tee,Bored Pipe,Bored,
1299,Gold Hoop,Void Black,Cheetah,Wool Turtleneck,Bored,Bored,Cowboy Hat
1300,Silver Stud,Void Black,Red,Hip Hop,Jovial,Phantom,Sky Captain's Hat
1301,,Void Black,Dark Brown,Pimp Coat,Bored,Heart,
1302,Silver Hoop,Void Black,Black,,Discomfort,Wide Eyed,Sky Captain's Hat
1303,,Void Black,Pink,Glowrift T Red,Bored Unshaven,Bloodshot,Ww2 Pilot Helm
1304,Gold Hoop,Void Black,Brown,,Bored Unshaven,Bored,Horns
1305,,Void Black,Cream,Tie Dye,Bored Unshaven,Closed,King's Crown
1306,Silver Stud,Void Black,Dark Brown,Striped Tee,Jovial,Bored,Sky Captain's Hat
1307,,Void Black,Red,,Bored,Phantom,
1308,Silver Hoop,Void Black,Brown,Hip Hop,Bored Unshaven,Heart,Glowrift Hat Black
1309,,Void Black,Dark Brown,Glowrift T Black,Bored,Heart,
1310,Gold Stud,Void Black,Dark Brown,Black T,Bored Kazoo,Heart,Faux Hawk
1311,,Void Black,Cheetah,Toga,Jovial,Crazy,Faux Hawk
1312,,Void Black,Tan,,Grin,Bored,Party Hat 2
1313,,Void Black,Cheetah,Fossil Tee,Rage,Angry,Bunny Ears
1314,,Void Black,Blue,Sailor Shirt,Phoneme Oh,Coins,
1315,,Void Black,Dark Brown,Tanktop,Bored,Closed,
1316,,Void Black,Black,Sailor Shirt,Phoneme Wah,Sleepy,Girl's Hair Short
1317,Silver Hoop,Void Black,Tan,,Bored,Heart,Spinner Hat
1318,Silver Hoop,Void Black,Red,Glowrift T Black,Phoneme L,Eyepatch,Shadow Hat
1319,,Void Black,Brown,Tuxedo Tee,Phoneme L,Bored,Vietnam Era Helmet
1320,,Void Black,Pink,Black T,Jovial,Bored,
1321,,Void Black,Cheetah,Tweed Suit,Bored Bubblegum,Sunglasses,
1322,,Void Black,Pink,Tuxedo Tee,Bored Unshaven,Closed,Cowboy Hat
1323,Diamond Stud,Void Black,Black,Vietnam Jacket,Dumbfounded,X Eyes,Crimson Hat
1324,Silver Hoop,Void Black,Golden Brown,Puffy Vest,Bored Unshaven Party horn,Sleepy,S&m Hat
1325,,Void Black,Black,,Bored Unshaven,Bored,Voyager's Hat
1326,,Void Black,Red,Rainbow Suspenders,Dumbfounded,Bloodshot,Fez
1327,,Void Black,Black,Sailor Shirt,Bored Unshaven,Sleepy,Beanie
1328,Silver Stud,Void Black,Dmt,Glowrift T Red,Bored,Sad,Bowler
1329,,Void Black,Cream,,Bored Unshaven,Sleepy,
1330,Silver Hoop,Void Black,White,Void Rift T,Bored Unshaven Kazoo,Bored,Halo
1331,,Void Black,Black,Rainbow Suspenders,Phoneme L,Angry,Shadow Hat
1332,Gold Hoop,Void Black,Tan,,Bored Bubblegum,Bloodshot,Shadow Hat
1333,,Void Black,Dark Brown,Tanktop,Bored Cigarette,X Eyes,
1334,,Void Black,White,Biker Vest,Phoneme Wah,3d,Crimson Hat
1335,Silver Stud,Void Black,Red,Fossil Tee,Grin,Sad,Laurel Wreath
1336,,Void Black,Gray,Glowrift T Red,Bored,Bored,Bunny Ears
1337,,Void Black,Dark Brown,Fossil Necklace,Bored Unshaven,Bloodshot,Horns
1338,,Void Black,Phantom,Puffy Vest,Bored Unshaven,Sad,
1339,Silver Hoop,Void Black,Tan,Leather Jacket,Tongue Out,Closed,Voyager's Hat
1340,,Void Black,Dark Brown,Wool Turtleneck,Bored Unshaven Cigarette,Bored,Fisherman's Hat
1341,Silver Stud,Void Black,Cream,Hip Hop,Bored Unshaven,Bored,Spinner Hat
1342,,Void Black,Brown,Glowrift T Red,Bored,Bored,Safari
1343,Gold Stud,Void Black,Brown,Sleeveless T,Bored Unshaven,Bloodshot,Party Hat 2
1344,,Void Black,Black,Leather Spectrum Jacket,Bored Unshaven,Coins,Halo
1345,,Void Black,Blue,,Dumbfounded,Bored,Sky Captain's Hat
1346,Gold Hoop,Void Black,Brown,Guayabera,Bored,Closed,Cowboy Hat
1347,,Void Black,Cream,Striped Tee,Dumbfounded,Scumbag,Fez
1348,,Void Black,Black,Hawaiian,Phoneme Wah,Chrome,Fez
1349,,Void Black,Chrome,Prison Jumpsuit,Bored Unshaven,Heart,Glowrift Hat Black
1350,,Void Black,Void Bot,Puffy Vest,Bored Unshaven,Phantom,Girl's Hair Short
1351,Silver Stud,Void Black,Pink,Smoking Jacket,Bored Cigarette,Closed,Shadow Hat
1352,,Void Black,Cream,,Grin,Closed,Irish Boho
1353,,Void Black,Gray,Leather Jacket,Bored,Sad,Party Hat 1
1354,,Void Black,Black,Wool Turtleneck,Bored Kazoo,Crazy,
1355,,Void Black,White,Toga,Bored,Bloodshot,Voyager's Hat
1356,Silver Hoop,Void Black,Gray,Space Suit,Bored,Bloodshot,Spinner Hat
1357,,Void Black,Dark Brown,,Grin Multicolored,Bloodshot,Party Hat 1
1358,Silver Hoop,Void Black,Brown,Tanktop,Bored Party Horn,Bloodshot,Safari
1359,Silver Hoop,Void Black,Gray,Navy Striped Tee,Phoneme L,Blue Beams,
1360,Silver Stud,Void Black,Black,Wool Turtleneck,Phoneme Vuh,Heart,Spinner Hat
1361,Silver Stud,Void Black,Phantom,Hawaiian,Bored Unshaven,3d,Halo
1362,Silver Stud,Void Black,Pink,Tanktop,Bored Party Horn,Wide Eyed,Halo
1363,,Void Black,Cream,Wool Turtleneck,Bored Cigarette,Angry,Crimson Hat
1364,,Void Black,Black,Sleeveless T,Bored,X Eyes,Beanie
1365,,Void Black,Red,Rainbow Suspenders,Phoneme Oh,Sad,
1366,,Void Black,Tan,Striped Tee,Phoneme Wah,Chrome,Ww2 Pilot Helm
1367,Silver Stud,Void Black,Chrome,Smoking Jacket,Bored Unshaven,Closed,Fisherman's Hat
1368,,Void Black,Dark Brown,Leather Spectrum Jacket,Grin,Coins,Fisherman's Hat
1369,,Void Black,Brown,Toga,Grin,Bloodshot,
1370,Gold Stud,Void Black,Black,Fossil Necklace,Bored Cigar,3d,Beanie
1371,,Void Black,Cream,,Bored Unshaven Pipe,Heart,Beanie
1372,,Void Black,Brown,Leather Spectrum Jacket,Tongue Out,Eyepatch,Glowrift Hat Red
1373,,Void Black,Dmt,Striped Tee,Bored Unshaven,Chrome,
1374,Silver Stud,Void Black,Blue,,Jovial,Bloodshot,Irish Boho
1375,Gold Hoop,Void Black,Black,Hawaiian,Phoneme ooo,3d,Crimson Hat
1376,Silver Hoop,Void Black,Gray,,Bored Unshaven,Bored,Halo
1377,,Void Black,Brown,Sleeveless T,Phoneme ooo,3d,Bandana Blue
1378,Silver Hoop,Void Black,White,Black T,Bored Cigarette,Bored,Glowrift Hat Black
1379,Silver Hoop,Void Black,Black,Black T,Jovial,Hypnotized,Short Mohawk
1380,,Void Black,White,Prom Dress,Phoneme Oh,Bored,Bowler
1381,,Void Black,Brown,Glowrift T Black,Grin,Bored,Voyager's Hat
1382,Silver Stud,Void Black,Brown,Puffy Vest,Bored Unshaven,Sad,Fez
1383,,Void Black,Black,Glowrift T Red,Bored,Blindfold,Glowrift Flipped Brim
1384,Gold Stud,Void Black,Gray,Tanktop,Bored,Heart,Fisherman's Hat
1385,,Void Black,Dark Brown,Fossil Necklace,Bored Unshaven Cigarette,Bloodshot,Fisherman's Hat
1386,Silver Hoop,Void Black,Dark Brown,Hawaiian,Bored,Phantom,Short Mohawk
1387,,Void Black,Brown,Sailor Shirt,Bored Bubblegum,Bored,Patrol Motorcycle Helmet
1388,Silver Stud,Void Black,Black,Tuxedo Tee,Grin Diamond Grill,Bored,Crimson Hat
1389,Silver Hoop,Void Black,Tan,Kings Robe,Dumbfounded,Bored,Glowrift Flipped Brim
1390,Silver Hoop,Void Black,Pink,Guayabera,Phoneme ooo,Bored,
1391,,Void Black,Brown,Wool Turtleneck,Phoneme Vuh,Coins,King's Crown
1392,,Void Black,Brown,,Bored,Bloodshot,Irish Boho
1393,,Void Black,Cream,Black T,Bored,Bored,
1394,,Void Black,Black,,Bored,Crazy,Fez
1395,,Void Black,Cream,Biker Vest,Phoneme Wah,Wide Eyed,
1396,,Void Black,Blue,Tanktop,Small Grin,Bored,
1397,,Void Black,Pink,Rainbow Suspenders,Bored Unshaven Cigarette,Angry,Stuntman Helmet
1398,,Void Black,Cream,,Phoneme Oh,Bored,Bowler
1399,,Void Black,Golden Brown,Lumberjack Shirt,Bored,Sunglasses,Fez
1400,Silver Hoop,Void Black,Phantom,Tanktop,Grin,Sad,Fez
1401,,Void Black,Phantom,Black Suit,Grin Diamond Grill,Bored,Beanie
1402,,Void Black,Dark Brown,Biker Vest,Bored Cigarette,Wide Eyed,S&m Hat
1403,Silver Stud,Void Black,Cream,Striped Tee,Bored Unshaven,Sleepy,Short Mohawk
1404,Silver Stud,Void Black,Blue,Space Suit,Bored Cigarette,Sad,Beanie
1405,Silver Hoop,Void Black,White,Glowrift T Black,Bored Unshaven Party horn,Crazy,Short Mohawk
1406,,Void Black,Gray,Striped Tee,Phoneme Vuh,Bored,Glowrift Hat Red
1407,,Void Black,Cheetah,Biker Vest,Bored Cigarette,Heart,Fisherman's Hat
1408,,Void Black,Cream,Toga,Discomfort,Bored,Bowler
1409,,Void Black,Phantom,Striped Tee,Bored Bubblegum,Chrome,
1410,Gold Hoop,Void Black,Brown,Leather Spectrum Jacket,Bored Unshaven,Crazy,S&m Hat
1411,,Void Black,Brown,Glowrift T Red,Grin,Wide Eyed,Beanie
1412,,Void Black,Dmt,Tuxedo Tee,Bored,X Eyes,Spinner Hat
1413,,Void Black,Brown,Leather Jacket,Phoneme Wah,Closed,Voyager's Hat
1414,,Void Black,Cream,,Bored Pipe,Wide Eyed,Stuntman Helmet
1415,,Void Black,Brown,Striped Tee,Phoneme Oh,Bored,
1416,,Void Black,Gray,Service,Bored,Bored,
1417,Diamond Stud,Void Black,Chrome,Caveman Pelt,Bored Cigarette,Hypnotized,Irish Boho
1418,Gold Hoop,Void Black,Brown,Vietnam Jacket,Bored Unshaven,Scumbag,Stuntman Helmet
1419,,Void Black,Brown,,Bored Unshaven,Heart,Glowrift Hat Red
1420,,Void Black,Red,Tie Dye,Discomfort,Crazy,
1421,Gold Hoop,Void Black,Cream,Pimp Coat,Bored Unshaven,Bored,
1422,,Void Black,Dark Brown,Glowrift T Black,Bored Cigarette,Bloodshot,Vietnam Era Helmet
1423,Silver Stud,Void Black,Phantom,,Bored Cigar,Closed,
1424,Silver Hoop,Void Black,Pink,,Bored Unshaven,Eyepatch,
1425,,Void Black,Blue,Lumberjack Shirt,Bored Unshaven,Angry,
1426,Cross,Void Black,Cream,Wool Turtleneck,Bored Cigarette,Sunglasses,Voyager's Hat
1427,,Void Black,Red,Black T,Dumbfounded,Sad,Voyager's Hat
1428,Gold Stud,Void Black,Phantom,Work Vest,Bored Unshaven,Sunglasses,Voyager's Hat
1429,Silver Hoop,Void Black,Cream,Caveman Pelt,Bored Unshaven Cigarette,Bored,Sky Captain's Hat
1430,,Void Black,Cream,Space Suit,Bored Cigarette,Eyepatch,Sky Captain's Hat
1431,Silver Stud,Void Black,Cheetah,,Bored,3d,Sky Captain's Hat
1432,,Void Black,Brown,Puffy Vest,Bored Unshaven Cigarette,Bored,Shadow Hat
1433,,Void Black,Pink,,Bored,Bored,
1434,,Void Black,Tan,,Bored,Coins,Glowrift Hat Black
1435,,Void Black,Gray,,Bored Unshaven Cigarette,3d,Voyager's Hat
1436,,Void Black,Gray,Puffy Vest,Bored,Phantom,
1437,,Void Black,Tan,,Bored,Prismatic,Sky Captain's Hat
1438,,Void Black,Black,,Dumbfounded,Eyepatch,Safari
1439,,Void Black,Black,,Phoneme L,Angry,Stuntman Helmet
1440,,Void Black,Pink,Striped Tee,Bored Cigarette,Heart,Voyager's Hat
1441,Gold Hoop,Void Black,Black,Hawaiian,Jovial,Bloodshot,
1442,Silver Stud,Void Black,Dmt,,Dumbfounded,3d,Sky Captain's Hat
1443,,Void Black,Dark Brown,Sleeveless Logo T,Bored Unshaven,Eyepatch,Bowler
1444,,Void Black,Red,,Bored Unshaven Kazoo,Sunglasses,Halo
1445,,Void Black,Blue,,Phoneme Vuh,Chrome,Beanie
1446,,Void Black,Noise,,Bored,Angry,Bowler
1447,,Void Black,Cheetah,Tweed Suit,Phoneme Wah,Angry,Chromatic Captain's Hat
1448,Silver Stud,Void Black,Tan,Puffy Vest,Jovial,Bored,Fez
1449,Silver Stud,Void Black,Pink,Black T,Bored Cigar,Crazy,Irish Boho
1450,,Void Black,Golden Brown,,Phoneme Wah,Chrome,
1451,,Void Black,Dark Brown,Leather Jacket,Bored,Heart,Cowboy Hat
1452,,Void Black,Cheetah,Glowrift T Black,Bored Pipe,3d,Halo
1453,,Void Black,Black,Work Vest,Grin,Chrome,
1454,,Void Black,Red,Hip Hop,Bored Pipe,Bloodshot,Halo
1455,,Void Black,Dark Brown,,Bored Unshaven,Crazy,Short Mohawk
1456,Silver Hoop,Void Black,Cheetah,Sleeveless T,Bored Unshaven,Crazy,Girl's Hair Short
1457,,Void Black,White,Vietnam Jacket,Phoneme Wah,Bored,S&m Hat
1458,,Void Black,Pink,,Bored,Phantom,Party Hat 1
1459,Silver Hoop,Void Black,Black,Prison Jumpsuit,Bored Unshaven Pizza,Phantom,Horns
1460,Silver Stud,Void Black,Tan,Puffy Vest,Bored Unshaven Cigarette,Chrome,Spinner Hat
1461,,Void Black,Red,Puffy Vest,Phoneme Vuh,3d,Safari
1462,Silver Hoop,Void Black,Dark Brown,Sleeveless T,Bored,Phantom,Prussian Helmet
1463,,Void Black,Black,Leather Jacket,Bored Cigarette,Wide Eyed,S&m Hat
1464,,Void Black,Tan,,Phoneme L,Crazy,Fez
1465,,Void Black,Dark Brown,Sailor Shirt,Bored Unshaven,Wide Eyed,Stuntman Helmet
1466,,Void Black,Tan,Glowrift T Red,Bored Bubblegum,Angry,Fisherman's Hat
1467,,Void Black,Cream,Puffy Vest,Bored,Bored,Ww2 Pilot Helm
1468,Silver Stud,Void Black,Black,,Bored Unshaven Cigarette,Bored,Halo
1469,Silver Stud,Void Black,Black,,Grin,Bloodshot,Bowler
1470,Diamond Stud,Void Black,Pink,,Bored,X Eyes,
1471,,Void Black,Brown,,Bored Unshaven Cigar,Angry,Baby's Bonnet
1472,,Void Black,White,Service,Bored,X Eyes,
1473,,Void Black,Gray,Cowboy Shirt,Bored,Hypnotized,Fez
1474,,Void Black,Pink,Tanktop,Bored,Bloodshot,Girl's Hair Short
1475,,Void Black,Black,Leather Spectrum Jacket,Grin Multicolored,Chrome,Sushi Chef Headband
1476,,Void Black,Gray,Fossil Tee,Bored Unshaven,Sad,Safari
1477,,Void Black,Red,Tie Dye,Bored Kazoo,Closed,Vietnam Era Helmet
1478,Gold Hoop,Void Black,Brown,,Bored Cigarette,Heart,Short Mohawk
1479,Gold Hoop,Void Black,Black,Sleeveless T,Dumbfounded,Sleepy,Beanie
1480,,Void Black,Pink,Stunt Jacket,Bored Unshaven Cigarette,Bloodshot,Fisherman's Hat
1481,,Void Black,Dark Brown,Prison Jumpsuit,Grin,Bloodshot,Prussian Helmet
1482,Gold Hoop,Void Black,Brown,Biker Vest,Grin,Eyepatch,
1483,Gold Hoop,Void Black,Brown,Leather Spectrum Jacket,Grin Multicolored,Bored,Safari
1484,Gold Hoop,Void Black,Golden Brown,Hawaiian,Bored,3d,
1485,,Void Black,White,Toga,Bored Unshaven,3d,
1486,,Void Black,Dmt,Leather Spectrum Jacket,Bored Unshaven Cigarette,Sad,Beanie
1487,,Void Black,Brown,Fossil Tee,Phoneme ooo,Bloodshot,Stuntman Helmet
1488,,Void Black,Golden Brown,Prison Jumpsuit,Phoneme ooo,Bloodshot,
1489,,Void Black,Void Bot,Black T,Bored Unshaven,Angry,
1490,,Void Black,Dark Brown,,Bored Unshaven,Blindfold,Bunny Ears
1491,,Void Black,Tan,,Bored Unshaven Cigarette,Angry,Patrol Motorcycle Helmet
1492,,Void Black,Void Bot,Caveman Pelt,Bored,Eyepatch,Girl's Hair Short
1493,,Void Black,Dmt,Space Suit,Dumbfounded,Coins,Shadow Hat
1494,,Void Black,Cream,Prison Jumpsuit,Bored Unshaven,Bloodshot,Irish Boho
1495,,Void Black,Gray,Cowboy Shirt,Bored,Crazy,
1496,Silver Stud,Void Black,Golden Brown,Work Vest,Bored Unshaven,Blindfold,Sky Captain's Hat
1497,Diamond Stud,Void Black,Red,Puffy Vest,Bored,Angry,Bunny Ears
1498,,Void Black,Brown,Cowboy Shirt,Bored Unshaven,Closed,Ww2 Pilot Helm
1499,Gold Hoop,Void Black,Golden Brown,Smoking Jacket,Jovial,Wide Eyed,Stuntman Helmet
1500,,Void Black,Gray,Tuxedo Tee,Discomfort,Closed,Irish Boho
1501,,Void Black,Gray,Sleeveless Logo T,Grin,3d,Short Mohawk
1502,,Void Black,Void Bot,Sleeveless Logo T,Bored Unshaven,Sunglasses,
1503,,Void Black,Dark Brown,Fossil Tee,Bored,Sad,Fisherman's Hat
1504,Silver Hoop,Void Black,Blue,Sleeveless T,Dumbfounded,Heart,Glowrift Hat Black
1505,,Void Black,Golden Brown,Tanktop,Bored Unshaven Cigarette,Phantom,
1506,Silver Stud,Void Black,Cheetah,,Grin,Eyepatch,
1507,Gold Hoop,Void Black,Brown,Prison Jumpsuit,Bored Cigarette,Closed,Halo
1508,,Void Black,Tan,Pimp Coat,Bored,Prismatic,Glowrift Flipped Brim
1509,,Void Black,White,Biker Vest,Bored Unshaven Cigarette,Phantom,Sushi Chef Headband
1510,,Void Black,Phantom,Puffy Vest,Dumbfounded,Closed,Party Hat 1
1511,Silver Hoop,Void Black,Black,,Small Grin,Heart,Bunny Ears
1512,,Void Black,Black,Lumberjack Shirt,Grin,Closed,
1513,Silver Hoop,Void Black,Brown,Striped Tee,Bored,Closed,Glowrift Flipped Brim
1514,Cross,Void Black,Brown,Striped Tee,Bored,Bloodshot,
1515,,Void Black,Dark Brown,Tuxedo Tee,Bored,Sleepy,Halo
1516,,Void Black,Gray,Rainbow Suspenders,Bored,Bored,Stuntman Helmet
1517,,Void Black,Gray,Lumberjack Shirt,Bored Unshaven,Wide Eyed,Sky Captain's Hat
1518,Gold Hoop,Void Black,Dark Brown,,Bored,Chrome,Halo
1519,,Void Black,Brown,Sleeveless Logo T,Tongue Out,Hypnotized,
1520,,Void Black,Black,Sailor Shirt,Bored,Bored,Spinner Hat
1521,,Void Black,Black,Hip Hop,Small Grin,Scumbag,
1522,Gold Stud,Void Black,Dark Brown,Blue Dress,Jovial,Eyepatch,
1523,,Void Black,Brown,Sailor Shirt,Bored,Angry,Party Hat 1
1524,,Void Black,Brown,Tanktop,Bored Cigarette,Bored,S&m Hat
1525,,Void Black,Black,,Grin,Coins,
1526,Gold Stud,Void Black,Brown,Biker Vest,Bored Unshaven Cigarette,Closed,Vietnam Era Helmet
1527,,Void Black,Tan,Pimp Coat,Small Grin,Coins,Beanie
1528,Gold Hoop,Void Black,Pink,Leather Jacket,Bored Cigarette,Bored,Glowrift Hat Red
1529,Silver Hoop,Void Black,Dark Brown,Black T,Rage,Sleepy,
1530,,Void Black,Pink,Sailor Shirt,Bored,Laser Eyes,Fez
1531,,Void Black,Red,Black T,Bored Cigarette,Bored,S&m Hat
1532,,Void Black,Blue,Hip Hop,Bored Cigar,Sleepy,Crimson Hat
1533,Silver Hoop,Void Black,Blue,Wool Turtleneck,Grin Diamond Grill,Angry,Shadow Hat
1534,,Void Black,Phantom,Tie Dye,Bored Unshaven,Chrome,Faux Hawk
1535,,Void Black,Cheetah,Fossil Tee,Phoneme L,Sad,Sushi Chef Headband
1536,,Void Black,Black,,Phoneme ooo,Laser Eyes,Bunny Ears
1537,,Void Black,Brown,Tanktop,Bored,Sleepy,Ww2 Pilot Helm
1538,,Void Black,Golden Brown,Void Rift T,Bored Pizza,Sunglasses,Cowboy Hat
1539,,Void Black,Brown,Striped Tee,Bored Unshaven,Bloodshot,Cowboy Hat
1540,,Void Black,Brown,Toga,Small Grin,Scumbag,Bunny Ears
1541,,Void Black,Golden Brown,Void Rift T,Bored Unshaven,Sunglasses,
1542,,Void Black,Dark Brown,Sleeveless T,Phoneme L,Crazy,
1543,Gold Hoop,Void Black,Tan,Fossil Necklace,Bored,Coins,Safari
1544,,Void Black,Brown,Fossil Tee,Bored Unshaven Pipe,Closed,Cowboy Hat
1545,Silver Stud,Void Black,Blue,Hawaiian,Bored Unshaven,Eyepatch,Spinner Hat
1546,Gold Hoop,Void Black,Gray,Bandolier,Bored Kazoo,Bored,
1547,,Void Black,Gray,Hawaiian,Bored Unshaven,Sunglasses,Crimson Hat
1548,,Void Black,Gray,Wool Turtleneck,Bored,Scumbag,Glowrift Hat Red
1549,,Void Black,Brown,Sleeveless Logo T,Bored Cigarette,3d,Cowboy Hat
1550,,Void Black,Tan,Hawaiian,Bored,Neonborg,Fisherman's Hat
1551,,Void Black,Tan,Striped Tee,Bored,X Eyes,Patrol Motorcycle Helmet
1552,Gold Hoop,Void Black,Black,,Bored Unshaven Cigarette,Eyepatch,Cowboy Hat
1553,,Void Black,Blue,Fossil Tee,Grin,Sunglasses,
1554,,Void Black,Cream,Vietnam Jacket,Grin,Closed,Beanie
1555,Gold Hoop,Void Black,Brown,Black T,Bored,Sunglasses,Glowrift Hat Red
1556,,Void Black,Gray,Toga,Bored Pipe,Laser Eyes,Glowrift Flipped Brim
1557,,Void Black,Pink,Tuxedo Tee,Bored,Bored,Girl's Hair Short
1558,,Void Black,Dark Brown,Sailor Shirt,Bored Unshaven Cigarette,Neonborg,Patrol Motorcycle Helmet
1559,,Void Black,Cream,,Grin,Hypnotized,Shadow Hat
1560,,Void Black,Brown,Navy Striped Tee,Bored Unshaven,X Eyes,
1561,,Void Black,Pink,Prison Jumpsuit,Bored Unshaven Cigarette,Closed,
1562,Gold Stud,Void Black,Chromatic,Lumberjack Shirt,Phoneme Oh,Closed,Fez
1563,,Void Black,Chrome,Admirals Coat,Bored,Bored,Faux Hawk
1564,,Void Black,Brown,Puffy Vest,Bored,Sleepy,Halo
1565,,Void Black,Phantom,Glowrift T Black,Bored,Wide Eyed,Glowrift Flipped Brim
1566,Silver Hoop,Void Black,Red,Void Rift T,Grin,Crazy,Short Mohawk
1567,,Void Black,Dark Brown,Striped Tee,Dumbfounded,Blindfold,
1568,,Void Black,Tan,Lab Coat,Bored Unshaven,Scumbag,
1569,,Void Black,Golden Brown,,Dumbfounded,Bored,
1570,,Void Black,White,Rainbow Suspenders,Grin,Angry,Crimson Hat
1571,,Void Black,Dark Brown,Service,Dumbfounded,Bored,
1572,Silver Stud,Void Black,Tan,Striped Tee,Bored Unshaven Cigarette,Heart,Cowboy Hat
1573,Gold Hoop,Void Black,Brown,,Bored,Sleepy,Fisherman's Hat
1574,,Void Black,Black,Black T,Dumbfounded,Bored,Halo
1575,Silver Hoop,Void Black,Black,Striped Tee,Bored Unshaven,Sleepy,
1576,,Void Black,Cream,Wool Turtleneck,Bored Unshaven,Closed,Girl's Hair Pink
1577,Silver Hoop,Void Black,Phantom,,Bored Unshaven,Closed,Bowler
1578,,Void Black,Dark Brown,Black T,Bored Unshaven,Phantom,Short Mohawk
1579,,Void Black,Gray,Sailor Shirt,Bored Unshaven,Eyepatch,Cowboy Hat
1580,Cross,Void Black,Tan,Tweed Suit,Bored,Closed,Cowboy Hat
1581,,Void Black,Black,Rainbow Suspenders,Bored Unshaven,Crazy,
1582,,Void Black,Tan,Guayabera,Dumbfounded,Bored,Fisherman's Hat
1583,Silver Stud,Void Black,Golden Brown,,Dumbfounded,Wide Eyed,Beanie
1584,,Void Black,Cream,Glowrift T Red,Bored Bubblegum,Phantom,
1585,,Void Black,Cream,Lumberjack Shirt,Bored Unshaven Kazoo,Angry,Sky Captain's Hat
1586,Diamond Stud,Void Black,Pink,,Jovial,X Eyes,Horns
1587,Gold Stud,Void Black,Chrome,Lab Coat,Bored,Bored,Girl's Hair Short
1588,,Void Black,Pink,,Phoneme Vuh,Angry,Sky Captain's Hat
1589,,Void Black,Blue,Fossil Necklace,Phoneme L,3d,Sky Captain's Hat
1590,,Void Black,Black,Striped Tee,Grin,Sad,
1591,,Void Black,Cream,Hawaiian,Bored Unshaven,Coins,Bowler
1592,,Void Black,Dark Brown,Blue Dress,Discomfort,Wide Eyed,
1593,,Void Black,Brown,Black T,Grin,Sleepy,Voyager's Hat
1594,,Void Black,Dark Brown,Wool Turtleneck,Bored,Bored,Voyager's Hat
1595,,Void Black,Gray,,Bored,Sleepy,Bunny Ears
1596,Silver Stud,Void Black,Chrome,,Phoneme Oh,Bored,Bowler
1597,,Void Black,Cheetah,Hawaiian,Bored Unshaven,Bored,Glowrift Flipped Brim
1598,,Void Black,Pink,Kings Robe,Grin Multicolored,Coins,Short Mohawk
1599,,Void Black,Black,Navy Striped Tee,Bored,Heart,Spinner Hat
1600,,Void Black,Golden Brown,Puffy Vest,Bored Unshaven Cigarette,Bloodshot,
1601,Gold Hoop,Void Black,Golden Brown,,Grin,Eyepatch,Glowrift Hat Black
1602,Silver Hoop,Void Black,Blue,Leather Spectrum Jacket,Grin,Coins,Bunny Ears
1603,,Void Black,Gray,,Phoneme L,Bloodshot,King's Crown
1604,,Void Black,Pink,Hawaiian,Bored,Heart,Sushi Chef Headband
1605,Silver Hoop,Void Black,Blue,Navy Striped Tee,Bored Cigarette,Phantom,
1606,,Void Black,Blue,Pimp Coat,Bored Unshaven,Laser Eyes,Glowrift Flipped Brim
1607,Gold Hoop,Void Black,Black,Tweed Suit,Grin,Bored,Fisherman's Hat
1608,,Void Black,Phantom,,Small Grin,Crazy,Short Mohawk
1609,,Void Black,Golden Brown,Hawaiian,Bored Unshaven Bubblegum,Closed,Vietnam Era Helmet
1610,Gold Stud,Void Black,Blue,Sailor Shirt,Bored Unshaven,3d,Short Mohawk
1611,Silver Stud,Void Black,Cream,Leather Jacket,Phoneme L,Bored,Crimson Hat
1612,,Void Black,Noise,,Phoneme Wah,Bloodshot,Short Mohawk
1613,,Void Black,Tan,Sleeveless T,Jovial,Sad,
1614,Cross,Void Black,Gray,Navy Striped Tee,Bored Bubblegum,Eyepatch,Bunny Ears
1615,Silver Stud,Void Black,Phantom,Lab Coat,Bored Unshaven,Sunglasses,Beanie
1616,,Void Black,Dark Brown,Bandolier,Bored Unshaven Pipe,Sunglasses,Crimson Hat
1617,,Void Black,Brown,Sleeveless Logo T,Grin,Hypnotized,Safari
1618,,Void Black,Golden Brown,,Dumbfounded,Bored,Beanie
1619,,Void Black,Dark Brown,Admirals Coat,Dumbfounded,Bloodshot,Sky Captain's Hat
1620,,Void Black,Red,,Bored Unshaven,Chrome,
1621,Gold Hoop,Void Black,Dark Brown,,Phoneme Wah,X Eyes,Fez
1622,Silver Hoop,Void Black,Pink,Glowrift T Black,Bored Unshaven,Sad,Stuntman Helmet
1623,Silver Hoop,Void Black,Chrome,Vietnam Jacket,Bored,Sleepy,
1624,,Void Black,Dmt,Sailor Shirt,Grin,Sad,Glowrift Hat Black
1625,,Void Black,Gray,Wool Turtleneck,Bored Unshaven,3d,Voyager's Hat
1626,,Void Black,White,,Bored Cigarette,Bloodshot,
1627,Silver Hoop,Void Black,Gray,Toga,Phoneme Wah,Sad,Shadow Hat
1628,,Void Black,Red,Black T,Bored,Bloodshot,Beanie
1629,Gold Stud,Void Black,Tan,,Phoneme ooo,Bloodshot,Crimson Hat
1630,Diamond Stud,Void Black,Cheetah,Sleeveless T,Bored Pipe,Bloodshot,Bowler
1631,Silver Stud,Void Black,Brown,Hawaiian,Bored Unshaven,Heart,Sky Captain's Hat
1632,,Void Black,Golden Brown,,Jovial,3d,Beanie
1633,,Void Black,Blue,Rainbow Suspenders,Bored,Bored,Bowler
1634,,Void Black,Tan,Leather Jacket,Bored Unshaven,Blindfold,Safari
1635,Silver Stud,Void Black,Black,Lab Coat,Bored Unshaven,Bored,Prussian Helmet
1636,Gold Hoop,Void Black,Cream,Leather Jacket,Phoneme Oh,Angry,Voyager's Hat
1637,Cross,Void Black,Void Bot,Sailor Shirt,Bored,Sad,Cowboy Hat
1638,Silver Stud,Void Black,Cream,,Small Grin,Sunglasses,Beanie
1639,,Void Black,Cream,Leather Jacket,Grin Gold Grill,Sleepy,Faux Hawk
1640,,Void Black,Dark Brown,Fossil Tee,Bored Unshaven,Bored,Beanie
1641,,Void Black,Dark Brown,,Bored,Sleepy,Shadow Hat
1642,,Void Black,Brown,Vietnam Jacket,Phoneme Vuh,Wide Eyed,
1643,,Void Black,Black,Toga,Phoneme Oh,Bloodshot,Fez
1644,,Void Black,Brown,Black T,Dumbfounded,Closed,Glowrift Hat Red
1645,,Void Black,Cheetah,Prom Dress,Phoneme L,Sleepy,Beanie
1646,Diamond Stud,Void Black,Dark Brown,Wool Turtleneck,Grin,Sad,S&m Hat
1647,,Void Black,Golden Brown,Leather Jacket,Bored Unshaven,Crazy,Shadow Hat
1648,,Void Black,Black,,Phoneme ooo,Prismatic,Beanie
1649,Silver Stud,Void Black,Black,,Bored Unshaven Cigarette,Bored,Glowrift Flipped Brim
1650,,Void Black,Brown,Smoking Jacket,Grin,Closed,Glowrift Flipped Brim
1651,,Void Black,Dark Brown,Sleeveless Logo T,Small Grin,Closed,Beanie
1652,Silver Stud,Void Black,Golden Brown,Caveman Pelt,Phoneme Vuh,Bored,King's Crown
1653,Silver Hoop,Void Black,Phantom,Striped Tee,Grin,Bored,Fez
1654,Silver Stud,Void Black,Golden Brown,,Grin,Heart,Fez
1655,,Void Black,Black,Navy Striped Tee,Grin,Hypnotized,Glowrift Flipped Brim
1656,Diamond Stud,Void Black,Dmt,Navy Striped Tee,Phoneme Oh,3d,Fisherman's Hat
1657,,Void Black,Cream,Stunt Jacket,Bored Bubblegum,Laser Eyes,Spinner Hat
1658,,Void Black,Tan,Wool Turtleneck,Bored,Sad,
1659,,Void Black,Brown,Fossil Necklace,Small Grin,Heart,Bunny Ears
1660,,Void Black,White,Sleeveless T,Grin,X Eyes,Baby's Bonnet
1661,,Void Black,Golden Brown,Black T,Bored,Sad,Fisherman's Hat
1662,Silver Hoop,Void Black,Golden Brown,Striped Tee,Phoneme ooo,Bored,Vietnam Era Helmet
1663,,Void Black,Blue,Tie Dye,Bored Party Horn,Laser Eyes,
1664,,Void Black,Cheetah,Navy Striped Tee,Bored Unshaven,Bored,
1665,,Void Black,Phantom,Void Rift T,Tongue Out,Bloodshot,Beanie
1666,Silver Stud,Void Black,White,Tanktop,Phoneme Vuh,Bloodshot,Glowrift Flipped Brim
1667,Silver Stud,Void Black,Dark Brown,Blue Dress,Bored Unshaven,Crazy,Cowboy Hat
1668,,Void Black,Void Bot,Sailor Shirt,Phoneme ooo,Scumbag,
1669,Silver Stud,Void Black,Brown,Black T,Discomfort,Hypnotized,Safari
1670,,Void Black,Black,Tweed Suit,Small Grin,Wide Eyed,Girl's Hair Short
1671,,Void Black,Cheetah,,Bored,Crazy,Girl's Hair Short
1672,,Void Black,Cheetah,Glowrift T Black,Bored,Wide Eyed,
1673,Silver Hoop,Void Black,Brown,Striped Tee,Phoneme ooo,3d,Sky Captain's Hat
1674,,Void Black,Black,Black Suit,Bored Kazoo,Bloodshot,Crimson Hat
1675,,Void Black,Pink,,Bored,Sad,Spinner Hat
1676,,Void Black,Void Bot,,Bored,Scumbag,Bowler
1677,,Void Black,Phantom,,Phoneme Oh,Scumbag,
1678,,Void Black,Cheetah,Prison Jumpsuit,Phoneme Vuh,Wide Eyed,Halo
1679,Silver Stud,Void Black,Brown,Pimp Coat,Bored Cigarette,3d,Halo
1680,Gold Stud,Void Black,White,Biker Vest,Bored Cigarette,3d,Voyager's Hat
1681,,Void Black,Tan,Tie Dye,Bored,Bloodshot,Patrol Motorcycle Helmet
1682,,Void Black,Cheetah,,Bored,Sad,Beanie
1683,,Void Black,Dark Brown,Work Vest,Rage,3d,Safari
1684,,Void Black,Tan,,Grin,Chrome,Shadow Hat
1685,Silver Hoop,Void Black,Phantom,,Bored Unshaven,Crazy,Beanie
1686,,Void Black,Cream,Prison Jumpsuit,Rage,Phantom,Cowboy Hat
1687,,Void Black,Chrome,Leather Jacket,Bored Cigarette,X Eyes,Crimson Hat
1688,,Void Black,Dark Brown,,Bored,Angry,Shadow Hat
1689,Silver Hoop,Void Black,Phantom,Sleeveless T,Grin,Phantom,Fisherman's Hat
1690,,Void Black,Blue,Biker Vest,Grin,Wide Eyed,Baby's Bonnet
1691,Gold Hoop,Void Black,Noise,Striped Tee,Tongue Out,Bored,Shadow Hat
1692,,Void Black,White,Sailor Shirt,Bored Unshaven,Heart,Voyager's Hat
1693,,Void Black,Tan,Hawaiian,Phoneme Vuh,Bored,Girl's Hair Pink
1694,Gold Hoop,Void Black,Pink,Wool Turtleneck,Bored,Heart,Fez
1695,,Void Black,Cheetah,Void Rift T,Bored Unshaven,Angry,Fisherman's Hat
1696,,Void Black,Black,Tie Dye,Bored,3d,Stuntman Helmet
1697,,Void Black,White,Puffy Vest,Phoneme L,Bored,Laurel Wreath
1698,,Void Black,Golden Brown,Fossil Necklace,Bored Unshaven Cigarette,Scumbag,Fisherman's Hat
1699,,Void Black,Brown,Cowboy Shirt,Grin,Blindfold,Short Mohawk
1700,,Void Black,Black,Work Vest,Rage,Closed,Halo
1701,Gold Hoop,Void Black,Cream,Smoking Jacket,Bored Unshaven,Bloodshot,Safari
1702,,Void Black,Golden Brown,Leather Jacket,Bored Unshaven Cigarette,Coins,Sky Captain's Hat
1703,Gold Stud,Void Black,Tan,,Bored Unshaven,Chrome,Halo
1704,Silver Stud,Void Black,Brown,,Jovial,Coins,
1705,,Void Black,Brown,Void Rift T,Bored Cigarette,Coins,Halo
1706,,Void Black,Golden Brown,,Bored Cigarette,Bored,Party Hat 1
1707,,Void Black,Dark Brown,,Small Grin,Wide Eyed,Beanie
1708,Diamond Stud,Void Black,Pink,Fossil Necklace,Bored,Chrome,
1709,,Void Black,Brown,,Dumbfounded,Wide Eyed,Glowrift Hat Black
1710,,Void Black,Red,Leather Spectrum Jacket,Bored,Crazy,
1711,,Void Black,Blue,,Tongue Out,Closed,Voyager's Hat
1712,Silver Hoop,Void Black,Tan,Work Vest,Bored Unshaven,Sleepy,Faux Hawk
1713,,Void Black,Gray,Fossil Tee,Bored,Closed,Fisherman's Hat
1714,,Void Black,Tan,Leather Spectrum Jacket,Bored Bubblegum,Closed,
1715,,Void Black,Tan,Navy Striped Tee,Bored Unshaven,Closed,Voyager's Hat
1716,Silver Hoop,Void Black,Brown,Fossil Necklace,Phoneme Vuh,Chrome,Irish Boho
1717,,Void Black,Golden Brown,,Bored Dagger,Bored,Stuntman Helmet
1718,,Void Black,Brown,Hawaiian,Tongue Out,Bloodshot,
1719,,Void Black,Cheetah,Fossil Tee,Bored Unshaven Cigarette,Scumbag,Party Hat 2
1720,Silver Stud,Void Black,Black,Toga,Phoneme ooo,Crazy,Cowboy Hat
1721,,Void Black,Dark Brown,Stunt Jacket,Discomfort,Bored,Vietnam Era Helmet
1722,Silver Hoop,Void Black,Cheetah,,Bored Unshaven,Bloodshot,Voyager's Hat
1723,,Void Black,Dark Brown,Caveman Pelt,Jovial,Bloodshot,
1724,Silver Stud,Void Black,Pink,Striped Tee,Bored,Closed,Crimson Hat
1725,,Void Black,Brown,Sleeveless T,Tongue Out,Blue Beams,Halo
1726,,Void Black,Radiant Gold,Service,Bored Unshaven,Closed,
1727,,Void Black,Brown,Tie Dye,Grin,Bored,Vietnam Era Helmet
1728,Silver Stud,Void Black,Black,Caveman Pelt,Bored,Bored,Safari
1729,,Void Black,Pink,Black T,Bored Unshaven,3d,Vietnam Era Helmet
1730,Silver Stud,Void Black,Phantom,Smoking Jacket,Bored,Bored,Sky Captain's Hat
1731,Gold Hoop,Void Black,Cheetah,Navy Striped Tee,Small Grin,Sleepy,
1732,,Void Black,Cheetah,Tuxedo Tee,Phoneme L,Phantom,Laurel Wreath
1733,,Void Black,Black,Kings Robe,Tongue Out,Chrome,Bunny Ears
1734,,Void Black,Radiant Gold,,Bored Cigarette,Bored,Faux Hawk
1735,Silver Stud,Void Black,Pink,Striped Tee,Tongue Out,Sleepy,Cowboy Hat
1736,Gold Hoop,Void Black,Tan,,Bored Pizza,Phantom,
1737,,Void Black,Tan,Guayabera,Jovial,Coins,Party Hat 2
1738,,Void Black,Pink,,Dumbfounded,Angry,Fez
1739,Gold Stud,Void Black,Tan,Fossil Necklace,Bored,Bored,Laurel Wreath
1740,Gold Hoop,Void Black,Brown,Bandolier,Bored,Sad,
1741,,Void Black,Black,Fossil Tee,Small Grin,Phantom,Shadow Hat
1742,,Void Black,Pink,,Bored,3d,Beanie
1743,,Void Black,Cream,Striped Tee,Bored Unshaven,Heart,Fisherman's Hat
1744,Silver Hoop,Void Black,Gray,Sailor Shirt,Bored,Hypnotized,
1745,,Void Black,Blue,Void Rift T,Bored Unshaven,Scumbag,
1746,Gold Hoop,Void Black,Cream,Void Rift T,Bored Unshaven,Bored,Bowler
1747,,Void Black,Black,Leather Spectrum Jacket,Bored Unshaven,3d,
1748,,Void Black,Dark Brown,Admirals Coat,Bored Unshaven,Bored,
1749,,Void Black,Chrome,,Grin,Heart,Short Mohawk
1750,,Void Black,Dark Brown,,Bored Unshaven,3d,Short Mohawk
1751,,Void Black,Brown,Sleeveless T,Bored Unshaven Cigar,Closed,Fez
1752,,Void Black,Pink,,Bored Unshaven,Coins,Glowrift Flipped Brim
1753,,Void Black,Phantom,Sailor Shirt,Bored Unshaven,Crazy,
1754,Silver Stud,Void Black,Dmt,Stunt Jacket,Phoneme Vuh,Wide Eyed,Chromatic Captain's Hat
1755,,Void Black,Black,Vietnam Jacket,Phoneme L,Sad,Cowboy Hat
1756,,Void Black,Dark Brown,Leather Jacket,Jovial,Sleepy,Horns
1757,,Void Black,Brown,Puffy Vest,Bored Unshaven,Blindfold,Stuntman Helmet
1758,Gold Stud,Void Black,Pink,Leather Spectrum Jacket,Bored,Sad,
1759,,Void Black,Black,Tanktop,Bored,Sleepy,
1760,,Void Black,Black,Pimp Coat,Bored,Bloodshot,Glowrift Hat Red
1761,,Void Black,Void Bot,,Bored Unshaven,Bored,Sushi Chef Headband
1762,Cross,Void Black,Brown,Sleeveless T,Bored Unshaven,Coins,
1763,Gold Hoop,Void Black,Dmt,Striped Tee,Bored Unshaven Cigarette,Bored,
1764,,Void Black,Cheetah,Glowrift T Red,Phoneme ooo,Bored,Beanie
1765,,Void Black,Golden Brown,,Dumbfounded,Wide Eyed,Faux Hawk
1766,Gold Hoop,Void Black,Gray,Puffy Vest,Phoneme ooo,Sad,Bowler
1767,,Void Black,Dark Brown,Tanktop,Bored Cigarette,Phantom,Short Mohawk
1768,Gold Stud,Void Black,Pink,Space Suit,Phoneme Vuh,Bored,
1769,Silver Stud,Void Black,Brown,Sailor Shirt,Bored Pipe,Bored,Short Mohawk
1770,,Void Black,Dark Brown,Navy Striped Tee,Grin,Closed,Safari
1771,,Void Black,Dmt,Guayabera,Grin,Wide Eyed,Party Hat 1
1772,,Void Black,Brown,Wool Turtleneck,Jovial,Phantom,Shadow Hat
1773,,Void Black,Dark Brown,,Bored,Sleepy,Girl's Hair Pink
1774,Silver Hoop,Void Black,Pink,Toga,Bored,Closed,S&m Hat
1775,,Void Black,Golden Brown,Lab Coat,Bored Unshaven Kazoo,Closed,Short Mohawk
1776,,Void Black,Tan,Black T,Bored,Crazy,Short Mohawk
1777,Silver Stud,Void Black,Cheetah,Striped Tee,Grin,Bloodshot,Bowler
1778,,Void Black,Phantom,Glowrift T Black,Bored Unshaven,Sunglasses,Beanie
1779,Diamond Stud,Void Black,Dmt,Lumberjack Shirt,Phoneme ooo,Sunglasses,Beanie
1780,Gold Stud,Void Black,Golden Brown,Navy Striped Tee,Dumbfounded,Heart,Vietnam Era Helmet
1781,,Void Black,Phantom,,Grin,Scumbag,King's Crown
1782,,Void Black,White,Toga,Bored Unshaven,3d,Irish Boho
1783,,Void Black,Tan,Leather Jacket,Bored,Wide Eyed,Horns
1784,,Void Black,Brown,,Bored Unshaven Cigarette,Closed,
1785,,Void Black,Dark Brown,,Bored Unshaven Cigar,Bored,Irish Boho
1786,Silver Hoop,Void Black,Brown,Biker Vest,Bored,Scumbag,Sky Captain's Hat
1787,,Void Black,Tan,,Bored Cigarette,Neonborg,
1788,,Void Black,Brown,Service,Bored,Sunglasses,
1789,Silver Hoop,Void Black,Blue,Space Suit,Discomfort,Bored,Cowboy Hat
1790,,Void Black,Black,Hawaiian,Bored,Bored,Beanie
1791,,Void Black,Cream,Striped Tee,Bored,Bored,Baby's Bonnet
1792,,Void Black,Cheetah,Navy Striped Tee,Bored Unshaven,Sad,Prussian Helmet
1793,,Void Black,Tan,Void Rift T,Phoneme ooo,X Eyes,
1794,,Void Black,White,Vietnam Jacket,Rage,Bored,Cowboy Hat
1795,,Void Black,Blue,Tanktop,Dumbfounded,Bored,Bowler
1796,Gold Hoop,Void Black,Dark Brown,Lab Coat,Phoneme L,Sunglasses,S&m Hat
1797,Silver Hoop,Void Black,Dark Brown,Tanktop,Bored Unshaven,Heart,
1798,,Void Black,Brown,Work Vest,Phoneme Vuh,Wide Eyed,Irish Boho
1799,,Void Black,Black,Prison Jumpsuit,Bored Unshaven Cigarette,Coins,Crimson Hat
1800,Silver Hoop,Void Black,Gray,Work Vest,Bored,Phantom,Beanie
1801,,Void Black,Pink,Guayabera,Bored Unshaven,Bored,Voyager's Hat
1802,,Void Black,Tan,,Bored,Coins,
1803,,Void Black,Noise,Hawaiian,Bored Bubblegum,Crazy,
1804,,Void Black,Golden Brown,Sailor Shirt,Bored,Coins,
1805,,Void Black,Cheetah,Guayabera,Dumbfounded,3d,Beanie
1806,,Void Black,Brown,Glowrift T Black,Bored Cigarette,Bored,Sky Captain's Hat
1807,,Void Black,Dark Brown,Lumberjack Shirt,Bored Cigarette,Heart,Beanie
1808,,Void Black,Golden Brown,,Dumbfounded,Scumbag,Beanie
1809,,Void Black,Noise,Biker Vest,Bored,Neonborg,S&m Hat
1810,,Void Black,Red,Void Rift T,Jovial,Eyepatch,Fisherman's Hat
1811,,Void Black,Cream,,Dumbfounded,Bored,
1812,,Void Black,Blue,Tanktop,Bored,Heart,Bunny Ears
1813,Gold Stud,Void Black,Tan,Sailor Shirt,Bored Unshaven,Bored,
1814,,Void Black,Tan,Lab Coat,Bored,Coins,Beanie
1815,,Void Black,Cream,Glowrift T Red,Bored Cigarette,Sleepy,Cowboy Hat
1816,,Void Black,Black,,Bored Cigarette,Wide Eyed,Short Mohawk
1817,,Void Black,Gray,Tuxedo Tee,Bored Cigarette,Coins,Glowrift Hat Black
1818,,Void Black,Tan,Glowrift T Black,Discomfort,Bored,Bunny Ears
1819,,Void Black,Golden Brown,Tanktop,Dumbfounded,Wide Eyed,
1820,,Void Black,Chrome,Hip Hop,Bored Unshaven,Sleepy,Sky Captain's Hat
1821,Silver Stud,Void Black,Brown,Tuxedo Tee,Bored,Bored,Glowrift Hat Black
1822,,Void Black,Dark Brown,,Discomfort,Sad,
1823,,Void Black,Chrome,Admirals Coat,Tongue Out,Bored,Fisherman's Hat
1824,,Void Black,Brown,,Grin,Closed,Bowler
1825,,Void Black,Golden Brown,Wool Turtleneck,Rage,Angry,
1826,,Void Black,Tan,Navy Striped Tee,Bored Cigarette,Closed,Beanie
1827,,Void Black,Cream,Fossil Necklace,Phoneme Oh,Sleepy,
1828,,Void Black,Brown,Tie Dye,Bored Unshaven,3d,Fisherman's Hat
1829,,Void Black,Gray,Sleeveless Logo T,Bored Party Horn,X Eyes,
1830,,Void Black,Black,Vietnam Jacket,Bored,Chrome,Irish Boho
1831,,Void Black,Void Bot,Stunt Jacket,Dumbfounded,Sunglasses,Irish Boho
1832,,Void Black,Dmt,Fossil Tee,Grin,Bored,Party Hat 1
1833,,Void Black,White,Smoking Jacket,Bored Cigarette,Sunglasses,Glowrift Flipped Brim
1834,,Void Black,Cream,Service,Phoneme Vuh,Crazy,
1835,Silver Stud,Void Black,Noise,,Bored Bubblegum,Bored,Spinner Hat
1836,Silver Stud,Void Black,Brown,Tanktop,Small Grin,Bored,Short Mohawk
1837,,Void Black,Radiant Gold,Wool Turtleneck,Bored Unshaven,Crazy,Short Mohawk
1838,Silver Stud,Void Black,Dark Brown,Puffy Vest,Bored Kazoo,Blindfold,S&m Hat
1839,,Void Black,Pink,Work Vest,Discomfort,Bored,Halo
1840,Silver Stud,Void Black,Black,Vietnam Jacket,Bored Pipe,Angry,Fez
1841,,Void Black,Black,Toga,Bored Unshaven Cigarette,3d,Party Hat 2
1842,Silver Hoop,Void Black,Chrome,Fossil Necklace,Bored Pipe,Bloodshot,
1843,,Void Black,Gray,,Phoneme ooo,Bored,Horns
1844,,Void Black,White,Tweed Suit,Grin,Prismatic,
1845,Silver Hoop,Void Black,Brown,,Bored Unshaven Kazoo,Bored,
1846,,Void Black,Gray,Vietnam Jacket,Grin Gold Grill,Scumbag,Party Hat 2
1847,,Void Black,Dark Brown,Striped Tee,Bored,Sad,
1848,,Void Black,Brown,Prison Jumpsuit,Phoneme Oh,3d,Safari
1849,,Void Black,Cream,Service,Dumbfounded,Crazy,
1850,Silver Hoop,Void Black,Cream,Bandolier,Bored Cigarette,Bloodshot,Glowrift Hat Black
1851,,Void Black,Black,,Discomfort,Neonborg,Beanie
1852,Silver Stud,Void Black,Golden Brown,,Dumbfounded,Sunglasses,Short Mohawk
1853,,Void Black,Cream,Rainbow Suspenders,Bored,Coins,Bowler
1854,,Void Black,Black,Guayabera,Tongue Out,Bored,
1855,,Void Black,Golden Brown,Sleeveless Logo T,Bored Unshaven,Prismatic,Shadow Hat
1856,,Void Black,Black,,Bored Cigarette,Bored,Bowler
1857,,Void Black,Tan,Cowboy Shirt,Bored Unshaven,Bloodshot,Bowler
1858,Gold Hoop,Void Black,Brown,Lab Coat,Jovial,Hypnotized,Prussian Helmet
1859,,Void Black,Cream,Fossil Tee,Bored Unshaven,Hypnotized,Fez
1860,,Void Black,Cream,,Dumbfounded,Eyepatch,Chromatic Captain's Hat
1861,,Void Black,White,,Bored Unshaven,Blue Beams,Fez
1862,Gold Stud,Void Black,Chrome,,Dumbfounded,Coins,
1863,,Void Black,Cream,Black T,Phoneme L,Sunglasses,
1864,,Void Black,Brown,Smoking Jacket,Phoneme Oh,3d,Glowrift Hat Black
1865,,Void Black,Tan,Service,Bored Unshaven Cigar,Sleepy,
1866,,Void Black,Brown,,Dumbfounded,Bored,
1867,,Void Black,Tan,Sailor Shirt,Bored Unshaven,Coins,Horns
1868,,Void Black,Cheetah,Striped Tee,Bored Unshaven,Eyepatch,Horns
1869,Silver Stud,Void Black,Dark Brown,Sleeveless Logo T,Grin,Sleepy,Voyager's Hat
1870,,Void Black,Brown,Navy Striped Tee,Phoneme Wah,Bloodshot,Horns
1871,,Void Black,Brown,,Bored Cigarette,Bored,Halo
1872,Silver Hoop,Void Black,Dark Brown,Tanktop,Phoneme ooo,3d,Beanie
1873,,Void Black,Chrome,Glowrift T Red,Grin Multicolored,Bored,
1874,,Void Black,Red,Tweed Suit,Bored,Bloodshot,Glowrift Flipped Brim
1875,,Void Black,Blue,Sailor Shirt,Bored Cigarette,Bored,Spinner Hat
1876,Gold Hoop,Void Black,Brown,Toga,Grin,Crazy,Faux Hawk
1877,,Void Black,Cheetah,,Dumbfounded,Closed,Horns
1878,Gold Stud,Void Black,Cheetah,Leather Spectrum Jacket,Phoneme Oh,Prismatic,Girl's Hair Short
1879,,Void Black,Chrome,Work Vest,Dumbfounded,Heart,Shadow Hat
1880,,Void Black,Dark Brown,Work Vest,Phoneme ooo,Scumbag,Safari
1881,,Void Black,Red,Lab Coat,Bored Unshaven,Blindfold,Bunny Ears
1882,Gold Hoop,Void Black,Chromatic,Toga,Phoneme Wah,Bored,
1883,,Void Black,Dark Brown,Striped Tee,Small Grin,3d,Safari
1884,,Void Black,Chromatic,Service,Bored Unshaven,Sleepy,
1885,,Void Black,Black,Service,Dumbfounded,Phantom,
1886,,Void Black,Red,Caveman Pelt,Bored Unshaven,Bloodshot,Irish Boho
1887,,Void Black,Blue,Stunt Jacket,Bored,Closed,
1888,Silver Stud,Void Black,Tan,,Phoneme L,Bored,Crimson Hat
1889,,Void Black,Red,Caveman Pelt,Discomfort,Coins,
1890,,Void Black,Pink,Lumberjack Shirt,Bored,Prismatic,Horns
1891,,Void Black,Pink,Toga,Phoneme Wah,Chrome,Irish Boho
1892,,Void Black,Tan,Bandolier,Bored Unshaven,Chrome,
1893,,Void Black,White,Rainbow Suspenders,Bored Pipe,Eyepatch,Sushi Chef Headband
1894,,Void Black,Black,Guayabera,Bored Unshaven Cigarette,Bloodshot,Beanie
1895,Gold Hoop,Void Black,Black,Lumberjack Shirt,Bored Unshaven,X Eyes,Fisherman's Hat
1896,,Void Black,Black,Stunt Jacket,Bored Unshaven,Eyepatch,Chromatic Captain's Hat
1897,,Void Black,Dark Brown,Fossil Necklace,Phoneme Vuh,Sleepy,Sushi Chef Headband
1898,Silver Hoop,Void Black,Black,Striped Tee,Bored,Crazy,S&m Hat
1899,Silver Hoop,Void Black,Brown,Prison Jumpsuit,Bored Unshaven,Bloodshot,Short Mohawk
1900,Gold Hoop,Void Black,Tan,Sleeveless Logo T,Small Grin,Bloodshot,Bowler
1901,Silver Hoop,Void Black,Phantom,Hawaiian,Bored Unshaven,Sleepy,Crimson Hat
1902,,Void Black,Cream,Sailor Shirt,Bored Cigar,Blindfold,Glowrift Hat Black
1903,,Void Black,Chrome,Black T,Discomfort,Hypnotized,Cowboy Hat
1904,,Void Black,Black,Glowrift T Black,Grin,Bored,Prussian Helmet
1905,Silver Hoop,Void Black,Dark Brown,Puffy Vest,Bored Unshaven,X Eyes,Voyager's Hat
1906,,Void Black,Dark Brown,Fossil Tee,Bored,Bloodshot,Voyager's Hat
1907,,Void Black,Cheetah,Leather Spectrum Jacket,Bored Unshaven,Angry,Beanie
1908,Gold Hoop,Void Black,Golden Brown,Sleeveless T,Bored Unshaven Cigarette,Sleepy,Irish Boho
1909,,Void Black,Cream,Admirals Coat,Bored,Chrome,Sushi Chef Headband
1910,,Void Black,Brown,Black T,Grin Multicolored,Sleepy,
1911,Silver Stud,Void Black,Chrome,Tweed Suit,Grin Gold Grill,Sunglasses,Bunny Ears
1912,Silver Stud,Void Black,Chrome,Fossil Necklace,Bored,Sunglasses,Sky Captain's Hat
1913,,Void Black,White,Black Suit,Bored Pipe,Blindfold,Halo
1914,,Void Black,Pink,Sailor Shirt,Bored Unshaven,Sleepy,Glowrift Flipped Brim
1915,,Void Black,Dark Brown,Guayabera,Bored Unshaven Cigar,Sleepy,Girl's Hair Pink
1916,Silver Hoop,Void Black,Gray,Tanktop,Phoneme ooo,Crazy,Short Mohawk
1917,,Void Black,Void Bot,Prison Jumpsuit,Bored Cigarette,Laser Eyes,Girl's Hair Short
1918,,Void Black,Gray,Navy Striped Tee,Grin,Sunglasses,Bowler
1919,,Void Black,Chrome,,Bored Bubblegum,Sleepy,Safari
1920,,Void Black,Black,Puffy Vest,Phoneme Oh,Neonborg,
1921,,Void Black,Pink,Biker Vest,Bored,Wide Eyed,Sky Captain's Hat
1922,,Void Black,Cream,Leather Jacket,Bored,Sleepy,
1923,,Void Black,Brown,,Grin Diamond Grill,Sunglasses,Party Hat 1
1924,,Void Black,Dark Brown,Striped Tee,Dumbfounded,Bored,Beanie
1925,Diamond Stud,Void Black,Golden Brown,Guayabera,Phoneme Vuh,Sunglasses,
1926,,Void Black,Brown,Striped Tee,Jovial,Eyepatch,Voyager's Hat
1927,,Void Black,Cheetah,Glowrift T Red,Rage,Eyepatch,Bandana Blue
1928,,Void Black,Brown,Wool Turtleneck,Dumbfounded,Bored,
1929,,Void Black,Golden Brown,,Bored Cigarette,Hypnotized,
1930,Gold Hoop,Void Black,Black,Blue Dress,Bored Unshaven,Heart,Beanie
1931,Silver Hoop,Void Black,Blue,Toga,Grin Multicolored,Wide Eyed,Glowrift Flipped Brim
1932,,Void Black,Phantom,Puffy Vest,Dumbfounded,Sleepy,S&m Hat
1933,,Void Black,Dark Brown,Vietnam Jacket,Dumbfounded,Closed,
1934,,Void Black,Dark Brown,Caveman Pelt,Bored Unshaven Kazoo,Sleepy,Bowler
1935,,Void Black,Brown,Biker Vest,Bored Bubblegum,Sunglasses,Bunny Ears
1936,Silver Stud,Void Black,Gray,Leather Jacket,Jovial,Sad,
1937,,Void Black,Black,Leather Spectrum Jacket,Grin,Phantom,
1938,Silver Hoop,Void Black,Black,Lab Coat,Grin,Heart,Voyager's Hat
1939,,Void Black,Cream,Void Rift T,Phoneme Wah,Sad,Girl's Hair Short
1940,,Void Black,Tan,Puffy Vest,Bored,Sleepy,Halo
1941,Gold Hoop,Void Black,Cream,Tweed Suit,Bored Unshaven,Sad,Shadow Hat
1942,,Void Black,Red,Tanktop,Grin,Heart,Sky Captain's Hat
1943,,Void Black,Brown,Stunt Jacket,Bored Cigar,Eyepatch,Bowler
1944,,Void Black,Phantom,Black T,Dumbfounded,Chrome,
1945,Gold Hoop,Void Black,Red,Guayabera,Grin,Heart,Glowrift Flipped Brim
1946,,Void Black,Dark Brown,Hawaiian,Bored,Bored,Crimson Hat
1947,,Void Black,Gray,Vietnam Jacket,Bored,Closed,Beanie
1948,,Void Black,Gray,Tweed Suit,Bored,Sleepy,S&m Hat
1949,Gold Stud,Void Black,Brown,Sleeveless T,Bored,Sunglasses,Sky Captain's Hat
1950,,Void Black,Dark Brown,,Phoneme ooo,Bloodshot,Halo
1951,,Void Black,Phantom,,Bored Kazoo,Crazy,Cowboy Hat
1952,Silver Stud,Void Black,Brown,Tweed Suit,Bored,Sunglasses,Voyager's Hat
1953,,Void Black,Dark Brown,Guayabera,Dumbfounded,Sad,
1954,Gold Hoop,Void Black,Tan,,Bored,Bloodshot,Bowler
1955,Silver Stud,Void Black,Tan,Striped Tee,Bored,Bloodshot,Bunny Ears
1956,,Void Black,Brown,Leather Jacket,Grin Multicolored,3d,Glowrift Hat Red
1957,,Void Black,Phantom,Black T,Bored Unshaven Pipe,Bored,Halo
1958,,Void Black,Chrome,,Tongue Out,Coins,Voyager's Hat
1959,,Void Black,White,,Tongue Out,Sad,Irish Boho
1960,Silver Hoop,Void Black,Golden Brown,Sleeveless T,Dumbfounded,Coins,Baby's Bonnet
1961,,Void Black,Black,Work Vest,Bored Unshaven,Phantom,Glowrift Flipped Brim
1962,Silver Stud,Void Black,White,Sleeveless T,Bored Cigarette,Bloodshot,Glowrift Flipped Brim
1963,,Void Black,Tan,,Bored,Coins,
1964,,Void Black,Golden Brown,Tanktop,Phoneme Vuh,Bored,Bandana Blue
1965,,Void Black,Pink,,Bored Unshaven,Bored,Voyager's Hat
1966,,Void Black,White,Wool Turtleneck,Bored,3d,Crimson Hat
1967,,Void Black,Cheetah,Guayabera,Bored Unshaven,Wide Eyed,Shadow Hat
1968,,Void Black,Dmt,,Dumbfounded,Crazy,Girl's Hair Short
1969,Gold Hoop,Void Black,Dark Brown,Lab Coat,Grin Multicolored,Angry,Beanie
1970,,Void Black,Phantom,Toga,Grin,Closed,Sushi Chef Headband
1971,,Void Black,Cream,Fossil Tee,Grin,Blindfold,Shadow Hat
1972,,Void Black,Dark Brown,Sailor Shirt,Grin,Wide Eyed,Faux Hawk
1973,Gold Stud,Void Black,White,,Bored Unshaven,Bored,Halo
1974,Silver Hoop,Void Black,Red,Glowrift T Black,Tongue Out,Bored,Sky Captain's Hat
1975,,Void Black,Red,Black T,Bored,Bored,Safari
1976,,Void Black,Dark Brown,Tuxedo Tee,Bored,Sleepy,
1977,,Void Black,Pink,Glowrift T Red,Grin,Closed,Beanie
1978,Silver Stud,Void Black,Dmt,,Bored,Bored,Cowboy Hat
1979,,Void Black,Black,Puffy Vest,Bored,Closed,Stuntman Helmet
1980,,Void Black,Dark Brown,Tweed Suit,Phoneme L,Angry,Girl's Hair Short
1981,Silver Stud,Void Black,Tan,Striped Tee,Bored,Bored,Vietnam Era Helmet
1982,,Void Black,Brown,Space Suit,Bored Cigar,Bloodshot,Baby's Bonnet
1983,Silver Stud,Void Black,Black,Leather Jacket,Bored Party Horn,Sleepy,Safari
1984,Gold Stud,Void Black,Pink,,Bored Pipe,Chrome,Glowrift Flipped Brim
1985,,Void Black,Red,Puffy Vest,Bored,3d,Sky Captain's Hat
1986,,Void Black,Cheetah,Fossil Tee,Bored Cigarette,Heart,Voyager's Hat
1987,,Void Black,Blue,Glowrift T Red,Grin,Closed,Baby's Bonnet
1988,,Void Black,Tan,Work Vest,Bored,Bored,Shadow Hat
1989,Cross,Void Black,Dark Brown,,Grin Multicolored,Sunglasses,Vietnam Era Helmet
1990,Gold Hoop,Void Black,Tan,Striped Tee,Bored,Bored,Halo
1991,Silver Stud,Void Black,Red,Hip Hop,Phoneme ooo,Bored,Fisherman's Hat
1992,,Void Black,Black,Void Rift T,Jovial,Angry,Sky Captain's Hat
1993,,Void Black,Brown,Lumberjack Shirt,Bored,Bloodshot,Cowboy Hat
1994,,Void Black,Gray,Cowboy Shirt,Bored,Angry,
1995,,Void Black,Black,Leather Jacket,Phoneme Vuh,Chrome,Crimson Hat
1996,,Void Black,Cream,Leather Jacket,Bored,X Eyes,Horns
1997,,Void Black,Brown,Sailor Shirt,Small Grin,Crazy,Sky Captain's Hat
1998,Silver Hoop,Void Black,Chrome,Black T,Bored Unshaven,Phantom,
1999,,Void Black,Red,Leather Jacket,Jovial,Bored,Chromatic Captain's Hat
2000,,Void Black,Gray,Hip Hop,Bored Unshaven,Wide Eyed,Sky Captain's Hat
2001,Silver Stud,Void Black,Dark Brown,Hip Hop,Tongue Out,X Eyes,Irish Boho
2002,,Void Black,Chrome,Lab Coat,Bored Unshaven Pipe,Bored,Glowrift Hat Black
2003,,Void Black,Tan,Sailor Shirt,Bored Unshaven Kazoo,X Eyes,
2004,Diamond Stud,Void Black,Dark Brown,Space Suit,Grin,X Eyes,Party Hat 1
2005,,Void Black,Brown,,Dumbfounded,Chrome,Glowrift Flipped Brim
2006,Gold Hoop,Void Black,Brown,Leather Spectrum Jacket,Grin Multicolored,Coins,Glowrift Hat Black
2007,,Void Black,Blue,Sleeveless T,Phoneme Wah,Bored,Sushi Chef Headband
2008,,Void Black,Blue,Glowrift T Black,Grin,Bored,
2009,,Void Black,Tan,,Bored Cigarette,Closed,Glowrift Flipped Brim
2010,,Void Black,Brown,Wool Turtleneck,Dumbfounded,Angry,Fez
2011,,Void Black,White,Guayabera,Bored Unshaven,Sleepy,
2012,,Void Black,Dark Brown,Glowrift T Red,Bored,Hypnotized,Beanie
2013,,Void Black,Dark Brown,Caveman Pelt,Phoneme Vuh,Bored,Short Mohawk
2014,Silver Stud,Void Black,Brown,,Phoneme Oh,Sleepy,Bunny Ears
2015,,Void Black,Brown,Fossil Tee,Bored Unshaven Bubblegum,Coins,
2016,Diamond Stud,Void Black,Dark Brown,Prison Jumpsuit,Phoneme Oh,Crazy,Shadow Hat
2017,,Void Black,Dark Brown,Caveman Pelt,Jovial,Eyepatch,Vietnam Era Helmet
2018,,Void Black,Red,Vietnam Jacket,Discomfort,Bored,
2019,Diamond Stud,Void Black,Dark Brown,Leather Spectrum Jacket,Phoneme ooo,Hypnotized,Cowboy Hat
2020,Gold Stud,Void Black,Tan,Glowrift T Black,Bored Unshaven Cigar,Bored,Horns
2021,,Void Black,Black,Sailor Shirt,Bored,Coins,Glowrift Hat Black
2022,Silver Hoop,Void Black,Golden Brown,Leather Jacket,Bored,X Eyes,Sky Captain's Hat
2023,,Void Black,Gray,Admirals Coat,Bored Unshaven,Bored,Sky Captain's Hat
2024,,Void Black,Pink,Glowrift T Red,Grin Diamond Grill,Sad,Beanie
2025,,Void Black,Brown,Admirals Coat,Phoneme ooo,Angry,Fisherman's Hat
2026,,Void Black,Gray,Navy Striped Tee,Grin,Bloodshot,Short Mohawk
2027,,Void Black,Black,Admirals Coat,Grin,X Eyes,Sushi Chef Headband
2028,,Void Black,Dark Brown,Black T,Bored,Heart,Spinner Hat
2029,Silver Hoop,Void Black,Cheetah,Leather Spectrum Jacket,Bored Unshaven Cigarette,Sunglasses,Girl's Hair Short
2030,,Void Black,Phantom,,Bored,Sleepy,Halo
2031,Silver Hoop,Void Black,Pink,Wool Turtleneck,Bored Bubblegum,Sad,Glowrift Hat Black
2032,,Void Black,Black,,Bored,Wide Eyed,Fez
2033,,Void Black,Brown,Black T,Grin,3d,Baby's Bonnet
2034,,Void Black,Red,,Dumbfounded,Phantom,Glowrift Hat Red
2035,Gold Hoop,Void Black,Golden Brown,Vietnam Jacket,Phoneme Vuh,Sunglasses,Voyager's Hat
2036,Silver Stud,Void Black,White,,Phoneme ooo,Bored,Girl's Hair Pink
2037,,Void Black,Black,Void Rift T,Jovial,Scumbag,Voyager's Hat
2038,Silver Stud,Void Black,Tan,Navy Striped Tee,Bored Unshaven,Bored,Faux Hawk
2039,,Void Black,Pink,Caveman Pelt,Bored Unshaven Cigarette,Heart,Bandana Blue
2040,,Void Black,Tan,Biker Vest,Bored Unshaven,Crazy,Cowboy Hat
2041,,Void Black,Gray,Pimp Coat,Dumbfounded,3d,Short Mohawk
2042,Silver Stud,Void Black,Cheetah,,Bored Pipe,Bloodshot,Baby's Bonnet
2043,Silver Hoop,Void Black,Golden Brown,Toga,Jovial,Bloodshot,Glowrift Hat Black
2044,,Void Black,Dark Brown,Caveman Pelt,Dumbfounded,Bored,Bowler
2045,,Void Black,Cream,Hawaiian,Dumbfounded,X Eyes,Irish Boho
2046,,Void Black,Blue,Vietnam Jacket,Bored Cigarette,Sleepy,Cowboy Hat
2047,,Void Black,Brown,Blue Dress,Jovial,Bored,Horns
2048,Silver Stud,Void Black,Cream,Striped Tee,Dumbfounded,Bloodshot,Bunny Ears
2049,Silver Hoop,Void Black,Blue,Tuxedo Tee,Jovial,Bored,
2050,Diamond Stud,Void Black,Phantom,Biker Vest,Bored Bubblegum,Sleepy,
2051,,Void Black,Blue,Sailor Shirt,Phoneme L,Heart,Short Mohawk
2052,,Void Black,Dark Brown,Wool Turtleneck,Bored Cigarette,Chrome,Fisherman's Hat
2053,Diamond Stud,Void Black,Brown,,Dumbfounded,Bloodshot,Glowrift Hat Black
2054,Gold Stud,Void Black,Dark Brown,Black T,Bored,3d,Glowrift Hat Red
2055,,Void Black,Dark Brown,Biker Vest,Bored Unshaven,Heart,Girl's Hair Short
2056,,Void Black,Golden Brown,Guayabera,Bored Unshaven,Wide Eyed,Shadow Hat
2057,,Void Black,Brown,,Small Grin,Bored,Horns
2058,Gold Stud,Void Black,Black,Fossil Necklace,Bored Unshaven,Wide Eyed,Horns
2059,,Void Black,Black,Black T,Phoneme Vuh,Scumbag,Chromatic Captain's Hat
2060,,Void Black,Gray,Vietnam Jacket,Bored,Blindfold,Glowrift Hat Red
2061,,Void Black,Black,Puffy Vest,Bored Unshaven,Wide Eyed,Party Hat 1
2062,Silver Stud,Void Black,Black,Glowrift T Black,Bored,Blue Beams,
2063,Silver Hoop,Void Black,Golden Brown,Kings Robe,Bored Unshaven,Sad,
2064,Silver Stud,Void Black,Black,Lumberjack Shirt,Bored Unshaven,Chrome,Safari
2065,,Void Black,Brown,,Jovial,3d,Safari
2066,,Void Black,Cream,,Phoneme Oh,Sleepy,Cowboy Hat
2067,,Void Black,Pink,Puffy Vest,Dumbfounded,Closed,Party Hat 1
2068,Gold Hoop,Void Black,Dark Brown,Puffy Vest,Small Grin,Closed,S&m Hat
2069,,Void Black,Dark Brown,Glowrift T Black,Bored Cigarette,Blindfold,Irish Boho
2070,,Void Black,Pink,Sleeveless T,Bored Cigarette,Eyepatch,S&m Hat
2071,,Void Black,Dark Brown,Toga,Bored Cigarette,Wide Eyed,Spinner Hat
2072,,Void Black,Gray,,Bored Unshaven,Blindfold,
2073,Cross,Void Black,Pink,Pimp Coat,Bored Unshaven,Sleepy,Halo
2074,,Void Black,Brown,Void Rift T,Dumbfounded,3d,
2075,,Void Black,Black,,Grin,Bored,Vietnam Era Helmet
2076,,Void Black,Tan,Hip Hop,Bored Unshaven,Bored,
2077,,Void Black,Blue,,Bored,Sad,Party Hat 2
2078,,Void Black,Brown,Black T,Bored,Bored,Ww2 Pilot Helm
2079,,Void Black,Dark Brown,Tie Dye,Jovial,Phantom,
2080,,Void Black,Black,Navy Striped Tee,Bored,Sunglasses,Prussian Helmet
2081,,Void Black,Dark Brown,,Bored,Bored,Stuntman Helmet
2082,Silver Hoop,Void Black,Black,Fossil Tee,Bored Pizza,Bored,Fez
2083,,Void Black,Golden Brown,Tweed Suit,Bored,Chrome,Fez
2084,,Void Black,Gray,Tuxedo Tee,Discomfort,Sleepy,Short Mohawk
2085,,Void Black,Golden Brown,Striped Tee,Bored Unshaven,3d,Voyager's Hat
2086,,Void Black,Black,Rainbow Suspenders,Bored Unshaven,Coins,
2087,,Void Black,Chromatic,,Bored Cigarette,Angry,
2088,,Void Black,Dark Brown,Hip Hop,Phoneme Oh,Bored,
2089,,Void Black,Radiant Gold,Puffy Vest,Bored,Hypnotized,Halo
2090,Gold Hoop,Void Black,Cream,Sleeveless Logo T,Bored,Bloodshot,
2091,Silver Hoop,Void Black,Red,Toga,Bored Cigarette,Sad,Horns
2092,,Void Black,Tan,,Bored Unshaven,Sunglasses,Girl's Hair Short
2093,Silver Hoop,Void Black,Brown,Lumberjack Shirt,Jovial,Closed,
2094,,Void Black,Gray,Void Rift T,Phoneme Vuh,Hypnotized,Patrol Motorcycle Helmet
2095,,Void Black,Cream,Tanktop,Bored,Sleepy,Stuntman Helmet
2096,Gold Hoop,Void Black,Brown,Fossil Tee,Phoneme ooo,Closed,Sky Captain's Hat
2097,Silver Hoop,Void Black,Dark Brown,Lumberjack Shirt,Bored,Sleepy,Shadow Hat
2098,,Void Black,Tan,Guayabera,Bored Unshaven,Bored,Faux Hawk
2099,Silver Hoop,Void Black,Gray,,Bored,Wide Eyed,
2100,Gold Stud,Void Black,Pink,Tie Dye,Bored Pizza,Blindfold,Girl's Hair Short
2101,,Void Black,Golden Brown,,Bored Cigarette,Bored,
2102,,Void Black,Cheetah,Glowrift T Black,Bored Bubblegum,Bored,
2103,,Void Black,Red,,Bored Unshaven Cigarette,Bloodshot,Bandana Blue
2104,,Void Black,Black,Wool Turtleneck,Grin Multicolored,Heart,Prussian Helmet
2105,,Void Black,Golden Brown,Prison Jumpsuit,Bored Unshaven,Closed,
2106,,Void Black,Dark Brown,Black Suit,Phoneme L,Sleepy,Safari
2107,Gold Hoop,Void Black,Phantom,Admirals Coat,Grin,X Eyes,Vietnam Era Helmet
2108,Gold Stud,Void Black,Chromatic,Rainbow Suspenders,Bored Unshaven Cigarette,Bored,Horns
2109,,Void Black,Blue,Biker Vest,Bored Cigarette,Neonborg,Fez
2110,,Void Black,White,Fossil Tee,Bored Unshaven Bubblegum,X Eyes,
2111,,Void Black,Cream,,Bored Unshaven,Bloodshot,Horns
2112,,Void Black,Brown,,Rage,Sunglasses,Irish Boho
2113,Silver Stud,Void Black,Brown,Work Vest,Bored,Bored,
2114,,Void Black,Chromatic,Tuxedo Tee,Bored Unshaven,Eyepatch,Spinner Hat
2115,,Void Black,Black,Prison Jumpsuit,Tongue Out,Closed,Chromatic Captain's Hat
2116,,Void Black,Brown,Toga,Phoneme Oh,Bloodshot,Glowrift Flipped Brim
2117,,Void Black,Void Bot,Glowrift T Red,Grin Gold Grill,3d,Party Hat 2
2118,,Void Black,Dark Brown,,Phoneme Oh,Bored,
2119,,Void Black,Cream,,Bored Cigarette,Closed,Baby's Bonnet
2120,Silver Stud,Void Black,Black,Glowrift T Black,Bored,Bored,Horns
2121,,Void Black,Cream,Lab Coat,Phoneme Vuh,Prismatic,Halo
2122,,Void Black,Dmt,,Bored Unshaven,Phantom,Cowboy Hat
2123,,Void Black,White,Bandolier,Bored Unshaven Cigarette,Prismatic,Halo
2124,Silver Stud,Void Black,Golden Brown,Hawaiian,Phoneme L,Eyepatch,Bowler
2125,,Void Black,Black,Sleeveless T,Phoneme L,Wide Eyed,
2126,,Void Black,Pink,Caveman Pelt,Bored Unshaven Cigarette,Sad,Patrol Motorcycle Helmet
2127,,Void Black,Gray,Sleeveless Logo T,Grin,Closed,
2128,Gold Hoop,Void Black,Golden Brown,Tweed Suit,Bored Bubblegum,3d,Party Hat 2
2129,,Void Black,Black,Leather Spectrum Jacket,Bored,Crazy,Fez
2130,Gold Hoop,Void Black,Chromatic,Hawaiian,Bored Bubblegum,Wide Eyed,Beanie
2131,,Void Black,Dark Brown,Striped Tee,Jovial,Sleepy,Cowboy Hat
2132,,Void Black,Golden Brown,Glowrift T Black,Bored,Wide Eyed,Baby's Bonnet
2133,,Void Black,Blue,Void Rift T,Bored Kazoo,Bloodshot,Chromatic Captain's Hat
2134,,Void Black,Golden Brown,Sleeveless T,Jovial,Neonborg,
2135,Gold Hoop,Void Black,Dark Brown,,Jovial,Phantom,Baby's Bonnet
2136,Silver Hoop,Void Black,Dark Brown,Cowboy Shirt,Bored,Bored,Crimson Hat
2137,,Void Black,Brown,Sailor Shirt,Bored Cigarette,Bored,Bandana Blue
2138,,Void Black,Phantom,Striped Tee,Bored Unshaven Cigarette,Closed,S&m Hat
2139,Diamond Stud,Void Black,Pink,,Grin,Chrome,Irish Boho
2140,Gold Stud,Void Black,Brown,,Bored,Sleepy,Girl's Hair Pink
2141,Silver Hoop,Void Black,Brown,Pimp Coat,Bored Cigarette,Hypnotized,
2142,Silver Stud,Void Black,Pink,Smoking Jacket,Jovial,Closed,S&m Hat
2143,Silver Stud,Void Black,Red,,Bored,Wide Eyed,Sky Captain's Hat
2144,Gold Stud,Void Black,Chrome,Prison Jumpsuit,Bored,Bored,Baby's Bonnet
2145,,Void Black,Golden Brown,Stunt Jacket,Small Grin,Wide Eyed,
2146,,Void Black,Golden Brown,Black T,Bored,Angry,Voyager's Hat
2147,Silver Stud,Void Black,Tan,Lumberjack Shirt,Bored,X Eyes,Short Mohawk
2148,,Void Black,Gray,Toga,Bored Unshaven,Crazy,
2149,,Void Black,Brown,Void Rift T,Small Grin,Hypnotized,Girl's Hair Pink
2150,,Void Black,Pink,Sailor Shirt,Bored,Sad,Fisherman's Hat
2151,,Void Black,Tan,Rainbow Suspenders,Bored Cigarette,Chrome,
2152,Silver Stud,Void Black,Void Bot,Leather Spectrum Jacket,Bored Unshaven,Wide Eyed,Girl's Hair Short
2153,,Void Black,Tan,Space Suit,Bored,Bloodshot,Party Hat 2
2154,Silver Hoop,Void Black,Cream,,Bored Unshaven,Crazy,Short Mohawk
2155,Gold Hoop,Void Black,Brown,Fossil Tee,Dumbfounded,Closed,Beanie
2156,,Void Black,Black,,Small Grin,Heart,
2157,,Void Black,Dark Brown,Blue Dress,Tongue Out,Angry,Spinner Hat
2158,,Void Black,Golden Brown,Toga,Dumbfounded,Crazy,
2159,Silver Stud,Void Black,Dark Brown,Sailor Shirt,Bored Unshaven,Bored,Sky Captain's Hat
2160,,Void Black,Brown,Stunt Jacket,Rage,Bored,Sushi Chef Headband
2161,,Void Black,Dark Brown,Sleeveless Logo T,Bored Kazoo,Sad,
2162,,Void Black,Red,,Jovial,Bored,Beanie
2163,Gold Stud,Void Black,Black,Sleeveless T,Bored,Bored,
2164,,Void Black,Cheetah,Guayabera,Bored Cigarette,Coins,
2165,,Void Black,Blue,,Bored,3d,Bandana Blue
2166,Silver Stud,Void Black,Brown,Prom Dress,Bored Bubblegum,Sad,
2167,Gold Stud,Void Black,Phantom,Hip Hop,Bored Unshaven,Coins,Bunny Ears
2168,,Void Black,Black,,Bored Dagger,Bloodshot,Irish Boho
2169,,Void Black,Chromatic,Navy Striped Tee,Phoneme Vuh,Closed,Beanie
2170,,Void Black,Dark Brown,Toga,Jovial,Bored,Horns
2171,Silver Stud,Void Black,Pink,,Dumbfounded,Phantom,Beanie
2172,Silver Stud,Void Black,Blue,Sailor Shirt,Grin,Scumbag,Beanie
2173,Silver Hoop,Void Black,Noise,,Bored Unshaven Bubblegum,Chrome,Patrol Motorcycle Helmet
2174,,Void Black,Golden Brown,Toga,Tongue Out,Coins,Party Hat 2
2175,,Void Black,Red,,Bored,Eyepatch,
2176,,Void Black,Black,Black T,Bored,Coins,Halo
2177,Silver Stud,Void Black,Radiant Gold,Striped Tee,Bored Unshaven,Bored,Glowrift Hat Black
2178,Silver Hoop,Void Black,Phantom,Hawaiian,Bored Unshaven Cigarette,3d,
2179,,Void Black,Dark Brown,Glowrift T Black,Bored,Sad,Stuntman Helmet
2180,,Void Black,Black,Void Rift T,Bored Unshaven,Scumbag,
2181,,Void Black,Black,Leather Jacket,Bored,Wide Eyed,Laurel Wreath
2182,,Void Black,White,Biker Vest,Grin,Closed,Prussian Helmet
2183,,Void Black,Black,Glowrift T Black,Bored Unshaven,Sleepy,Sky Captain's Hat
2184,,Void Black,Golden Brown,Tuxedo Tee,Bored Unshaven Cigarette,Coins,Crimson Hat
2185,Silver Stud,Void Black,Red,Stunt Jacket,Bored,3d,Cowboy Hat
2186,,Void Black,Cream,Hip Hop,Bored,Bloodshot,
2187,,Void Black,Chrome,Hip Hop,Phoneme Vuh,Sleepy,
2188,,Void Black,Golden Brown,Sleeveless T,Bored,Closed,Spinner Hat
2189,Diamond Stud,Void Black,Gray,Guayabera,Tongue Out,Neonborg,
2190,Silver Stud,Void Black,Black,Prison Jumpsuit,Discomfort,Neonborg,Beanie
2191,,Void Black,Gray,Striped Tee,Grin,3d,
2192,,Void Black,Chrome,Fossil Necklace,Bored Unshaven,Phantom,Fisherman's Hat
2193,,Void Black,Cream,Sleeveless T,Bored Unshaven,Coins,Girl's Hair Short
2194,,Void Black,Brown,Navy Striped Tee,Bored,Sad,
2195,Silver Hoop,Void Black,Dark Brown,Vietnam Jacket,Small Grin,Bored,Chromatic Captain's Hat
2196,Gold Hoop,Void Black,Golden Brown,Smoking Jacket,Phoneme Oh,Bloodshot,Horns
2197,,Void Black,Chrome,Toga,Tongue Out,Sleepy,Beanie
2198,,Void Black,Phantom,Striped Tee,Phoneme Wah,Blue Beams,
2199,,Void Black,Brown,Guayabera,Bored Unshaven,Bored,Patrol Motorcycle Helmet
2200,,Void Black,Tan,Hawaiian,Phoneme ooo,Scumbag,Shadow Hat
2201,,Void Black,Cream,Sailor Shirt,Dumbfounded,Bloodshot,Bunny Ears
2202,,Void Black,Black,Cowboy Shirt,Rage,Coins,Glowrift Hat Black
2203,Silver Stud,Void Black,Brown,Caveman Pelt,Phoneme Oh,Eyepatch,Spinner Hat
2204,Cross,Void Black,Red,Smoking Jacket,Phoneme Vuh,Sleepy,Crimson Hat
2205,,Void Black,Dark Brown,Hip Hop,Jovial,Chrome,Girl's Hair Pink
2206,Silver Hoop,Void Black,Tan,Striped Tee,Bored,Chrome,Halo
2207,,Void Black,Brown,Guayabera,Bored Unshaven,Bored,
2208,,Void Black,Dark Brown,Lab Coat,Bored Unshaven,Crazy,
2209,,Void Black,White,,Bored Cigarette,Crazy,Faux Hawk
2210,,Void Black,Black,Sailor Shirt,Jovial,Bloodshot,
2211,,Void Black,White,Striped Tee,Bored Unshaven Cigar,Chrome,Crimson Hat
2212,,Void Black,Cheetah,Guayabera,Bored,Heart,Bandana Blue
2213,,Void Black,Cheetah,Hawaiian,Phoneme ooo,Bored,
2214,,Void Black,Phantom,,Rage,Bored,Beanie
2215,Gold Stud,Void Black,Gray,Service,Phoneme Wah,Eyepatch,
2216,,Void Black,Black,Lumberjack Shirt,Bored Unshaven,Scumbag,Short Mohawk
2217,Gold Stud,Void Black,Brown,Bandolier,Bored,Bloodshot,
2218,,Void Black,Brown,Cowboy Shirt,Bored,Sad,Cowboy Hat
2219,Silver Stud,Void Black,Dark Brown,Lumberjack Shirt,Bored Unshaven,Wide Eyed,Fisherman's Hat
2220,,Void Black,Black,,Phoneme Wah,Bloodshot,
2221,,Void Black,Dark Brown,Wool Turtleneck,Bored,Bored,S&m Hat
2222,Gold Stud,Void Black,White,Leather Jacket,Bored Cigar,Wide Eyed,Voyager's Hat
2223,Cross,Void Black,White,Lab Coat,Phoneme L,Phantom,Fez
2224,,Void Black,Dark Brown,Space Suit,Bored Unshaven,Bloodshot,Bowler
2225,,Void Black,Golden Brown,Work Vest,Bored,Bored,Patrol Motorcycle Helmet
2226,,Void Black,Brown,Smoking Jacket,Bored,X Eyes,
2227,Gold Hoop,Void Black,Noise,,Bored Unshaven,Bored,Safari
2228,Gold Hoop,Void Black,Brown,Sleeveless T,Bored Unshaven,Prismatic,Girl's Hair Short
2229,,Void Black,Cream,Hawaiian,Bored Unshaven,Coins,Fisherman's Hat
2230,,Void Black,Chrome,Bandolier,Rage,Angry,Sushi Chef Headband
2231,,Void Black,Cheetah,Lab Coat,Grin Multicolored,Closed,Short Mohawk
2232,,Void Black,Dark Brown,Leather Jacket,Bored Party Horn,Blindfold,
2233,Silver Hoop,Void Black,Cheetah,Striped Tee,Phoneme Oh,Bored,Short Mohawk
2234,,Void Black,Black,,Bored Cigarette,Sunglasses,
2235,Gold Stud,Void Black,Golden Brown,Caveman Pelt,Bored Unshaven,Coins,Halo
2236,Cross,Void Black,Red,Tweed Suit,Small Grin,Sleepy,Glowrift Hat Black
2237,,Void Black,Dark Brown,,Phoneme Vuh,Sleepy,
2238,,Void Black,Golden Brown,,Bored,Bored,Shadow Hat
2239,,Void Black,Black,Navy Striped Tee,Bored,Angry,Short Mohawk
2240,,Void Black,Noise,Glowrift T Black,Dumbfounded,Sleepy,Party Hat 2
2241,,Void Black,Black,Tie Dye,Bored,Bloodshot,Halo
2242,,Void Black,Cheetah,Prison Jumpsuit,Dumbfounded,Bored,Glowrift Hat Black
2243,Silver Hoop,Void Black,Dark Brown,Sleeveless Logo T,Phoneme Oh,Bored,Crimson Hat
2244,,Void Black,Phantom,Tanktop,Bored Unshaven Cigar,Sleepy,
2245,,Void Black,Brown,Fossil Tee,Bored,Bored,Voyager's Hat
2246,,Void Black,Red,Pimp Coat,Small Grin,Sleepy,
2247,,Void Black,Brown,Bandolier,Bored Unshaven,Wide Eyed,Fisherman's Hat
2248,Silver Stud,Void Black,Golden Brown,,Bored Cigarette,Bored,Short Mohawk
2249,,Void Black,Brown,Vietnam Jacket,Bored Unshaven Cigar,Bloodshot,Faux Hawk
2250,,Void Black,Blue,,Rage,Crazy,Short Mohawk
2251,,Void Black,Black,Striped Tee,Bored Unshaven Pipe,Bored,Patrol Motorcycle Helmet
2252,,Void Black,Phantom,Tanktop,Bored Unshaven,Phantom,Glowrift Flipped Brim
2253,,Void Black,Gray,Fossil Tee,Bored Cigarette,Scumbag,Irish Boho
2254,,Void Black,Dark Brown,Tuxedo Tee,Phoneme Oh,Bloodshot,Voyager's Hat
2255,,Void Black,Tan,,Bored Unshaven,Heart,Sky Captain's Hat
2256,,Void Black,Black,,Bored Unshaven Cigarette,Bored,Crimson Hat
2257,,Void Black,Red,Caveman Pelt,Bored Unshaven Cigarette,Angry,Voyager's Hat
2258,Gold Stud,Void Black,Dark Brown,,Bored Unshaven Cigarette,Closed,Horns
2259,,Void Black,White,,Bored Cigarette,Eyepatch,Crimson Hat
2260,,Void Black,Black,Biker Vest,Grin,Eyepatch,S&m Hat
2261,,Void Black,Blue,Blue Dress,Bored Cigarette,Angry,Cowboy Hat
2262,,Void Black,Gray,Prison Jumpsuit,Bored Bubblegum,Bored,Safari
2263,,Void Black,Dark Brown,Leather Jacket,Bored,Scumbag,
2264,,Void Black,Dark Brown,Tuxedo Tee,Bored Unshaven,Sad,Cowboy Hat
2265,,Void Black,Dark Brown,,Grin,Closed,Horns
2266,,Void Black,Gray,Tweed Suit,Discomfort,X Eyes,Ww2 Pilot Helm
2267,Silver Stud,Void Black,Dark Brown,Rainbow Suspenders,Bored Party Horn,X Eyes,Horns
2268,Silver Stud,Void Black,Black,Vietnam Jacket,Phoneme L,Hypnotized,Halo
2269,,Void Black,Golden Brown,Leather Jacket,Discomfort,Bloodshot,Fez
2270,Silver Hoop,Void Black,Red,Fossil Necklace,Small Grin,Wide Eyed,Patrol Motorcycle Helmet
2271,Silver Hoop,Void Black,Chromatic,Fossil Tee,Bored Unshaven,Sleepy,Bunny Ears
2272,,Void Black,Brown,,Bored,Coins,Glowrift Hat Black
2273,,Void Black,Golden Brown,Space Suit,Phoneme Vuh,Closed,Voyager's Hat
2274,,Void Black,White,Black T,Phoneme Vuh,Closed,
2275,Gold Hoop,Void Black,Black,,Dumbfounded,Wide Eyed,Girl's Hair Short
2276,,Void Black,Black,,Tongue Out,3d,
2277,,Void Black,Red,Smoking Jacket,Bored Unshaven,Sad,Crimson Hat
2278,,Void Black,Brown,,Bored,Bloodshot,Beanie
2279,Silver Stud,Void Black,Gray,Bandolier,Bored,Bloodshot,Beanie
2280,Gold Hoop,Void Black,Tan,Striped Tee,Dumbfounded,Bloodshot,Faux Hawk
2281,Silver Hoop,Void Black,Pink,Sleeveless T,Bored Unshaven,Sunglasses,
2282,,Void Black,Black,Vietnam Jacket,Rage,3d,
2283,,Void Black,Blue,Blue Dress,Bored Bubblegum,Phantom,Ww2 Pilot Helm
2284,,Void Black,Cream,Tanktop,Bored,Closed,Glowrift Hat Black
2285,Silver Hoop,Void Black,Brown,Cowboy Shirt,Bored,Bored,Short Mohawk
2286,Silver Hoop,Void Black,Black,Glowrift T Black,Bored,3d,
2287,,Void Black,Gray,Puffy Vest,Jovial,Hypnotized,Stuntman Helmet
2288,,Void Black,Brown,Tuxedo Tee,Phoneme ooo,Bloodshot,
2289,,Void Black,Cream,Hawaiian,Grin,Phantom,
2290,,Void Black,Dark Brown,Caveman Pelt,Phoneme ooo,Bored,Prussian Helmet
2291,Cross,Void Black,Dmt,Glowrift T Black,Bored,Bored,Fez
2292,Gold Hoop,Void Black,Pink,Prison Jumpsuit,Small Grin,Wide Eyed,Glowrift Hat Red
2293,,Void Black,Black,Hawaiian,Grin Diamond Grill,Hypnotized,Glowrift Hat Black
2294,,Void Black,Pink,Striped Tee,Dumbfounded,Closed,S&m Hat
2295,,Void Black,Brown,,Bored Cigarette,Prismatic,Party Hat 2
2296,Gold Hoop,Void Black,Brown,Kings Robe,Bored,Coins,
2297,,Void Black,Dark Brown,Tanktop,Bored Unshaven,Bored,
2298,,Void Black,Brown,Pimp Coat,Small Grin,Bored,Voyager's Hat
2299,Silver Hoop,Void Black,Cheetah,Biker Vest,Bored,Sleepy,Beanie
2300,,Void Black,Gray,Leather Spectrum Jacket,Bored Unshaven,Chrome,Shadow Hat
2301,,Void Black,Dark Brown,,Bored,Crazy,Bunny Ears
2302,,Void Black,Pink,Hawaiian,Grin,3d,Sushi Chef Headband
2303,,Void Black,Dark Brown,Lumberjack Shirt,Rage,Coins,Sky Captain's Hat
2304,,Void Black,Brown,Prison Jumpsuit,Phoneme L,Sleepy,Cowboy Hat
2305,,Void Black,Brown,Stunt Jacket,Dumbfounded,Sunglasses,Cowboy Hat
2306,Silver Hoop,Void Black,Black,Black Suit,Bored,Bored,
2307,,Void Black,White,Void Rift T,Bored Cigar,Sad,Baby's Bonnet
2308,Diamond Stud,Void Black,Dark Brown,Glowrift T Black,Bored Cigarette,Bored,Fez
2309,,Void Black,Chrome,,Bored Cigar,Eyepatch,Halo
2310,,Void Black,Dark Brown,Toga,Bored Dagger,Sleepy,Girl's Hair Short
2311,Silver Hoop,Void Black,Dark Brown,,Bored Unshaven,Bored,Prussian Helmet
2312,,Void Black,Dark Brown,Admirals Coat,Bored Unshaven,Sleepy,Cowboy Hat
2313,,Void Black,Chrome,Void Rift T,Bored,Wide Eyed,Stuntman Helmet
2314,,Void Black,Golden Brown,Fossil Necklace,Grin,Closed,
2315,,Void Black,Pink,,Bored,Bored,Bowler
2316,,Void Black,Gray,Biker Vest,Bored Unshaven Pipe,Bored,Fisherman's Hat
2317,,Void Black,Dark Brown,Prison Jumpsuit,Discomfort,Closed,Shadow Hat
2318,,Void Black,Pink,Blue Dress,Bored Unshaven,3d,Sky Captain's Hat
2319,,Void Black,Pink,Space Suit,Bored Unshaven Bubblegum,Hypnotized,S&m Hat
2320,,Void Black,Cream,Puffy Vest,Bored Cigarette,X Eyes,Beanie
2321,,Void Black,Dark Brown,Hawaiian,Bored Unshaven,Bloodshot,Girl's Hair Short
2322,,Void Black,Golden Brown,Toga,Bored Unshaven,Bored,Prussian Helmet
2323,,Void Black,White,Bandolier,Bored Unshaven Cigarette,3d,Irish Boho
2324,,Void Black,White,Vietnam Jacket,Bored Unshaven,Crazy,Horns
2325,,Void Black,Dark Brown,Striped Tee,Bored Unshaven,3d,Faux Hawk
2326,Cross,Void Black,Brown,Service,Phoneme ooo,Scumbag,
2327,,Void Black,Black,Black T,Small Grin,Eyepatch,Horns
2328,Silver Hoop,Void Black,Red,Prison Jumpsuit,Bored Unshaven,Eyepatch,Stuntman Helmet
2329,,Void Black,Golden Brown,,Bored Cigar,Bloodshot,Halo
2330,,Void Black,Red,Fossil Tee,Grin,Bored,Sky Captain's Hat
2331,,Void Black,Black,Tweed Suit,Bored,Scumbag,Crimson Hat
2332,,Void Black,Gray,,Bored Cigarette,Angry,Crimson Hat
2333,Diamond Stud,Void Black,Blue,,Grin Gold Grill,Bored,Cowboy Hat
2334,,Void Black,Pink,,Bored Unshaven,Bored,Bunny Ears
2335,,Void Black,Cheetah,Glowrift T Red,Grin,Eyepatch,
2336,,Void Black,Dark Brown,Tuxedo Tee,Bored,3d,Prussian Helmet
2337,,Void Black,Golden Brown,Fossil Necklace,Bored,Bored,Vietnam Era Helmet
2338,Gold Hoop,Void Black,Cheetah,Striped Tee,Bored Unshaven,Closed,
2339,,Void Black,Pink,Navy Striped Tee,Bored Unshaven Cigarette,Wide Eyed,Glowrift Flipped Brim
2340,,Void Black,Gray,,Jovial,Phantom,Beanie
2341,,Void Black,Gray,Striped Tee,Bored Unshaven Cigarette,Chrome,Cowboy Hat
2342,,Void Black,Cream,Puffy Vest,Grin,Wide Eyed,Vietnam Era Helmet
2343,Silver Hoop,Void Black,Cream,Vietnam Jacket,Bored,Sad,Glowrift Flipped Brim
2344,,Void Black,Brown,,Bored Cigarette,Sunglasses,
2345,,Void Black,Golden Brown,Guayabera,Bored,Coins,Crimson Hat
2346,,Void Black,Cheetah,Sleeveless T,Bored,Blindfold,
2347,,Void Black,Golden Brown,,Bored,Bored,Ww2 Pilot Helm
2348,,Void Black,Tan,,Bored,Bored,Girl's Hair Pink
2349,,Void Black,Tan,,Bored,Phantom,Irish Boho
2350,Diamond Stud,Void Black,Pink,Tie Dye,Bored,Scumbag,Faux Hawk
2351,Gold Hoop,Void Black,Black,,Grin,Sad,Party Hat 2
2352,,Void Black,White,Work Vest,Bored Unshaven,Heart,Crimson Hat
2353,,Void Black,Pink,Void Rift T,Bored Unshaven,Chrome,Bowler
2354,Silver Stud,Void Black,Brown,Wool Turtleneck,Bored,Closed,Prussian Helmet
2355,,Void Black,Gray,Glowrift T Black,Grin Multicolored,Bored,Girl's Hair Short
2356,Silver Hoop,Void Black,Pink,Striped Tee,Bored Unshaven,Wide Eyed,Crimson Hat
2357,,Void Black,Golden Brown,Sleeveless T,Bored Unshaven Pipe,Blindfold,Ww2 Pilot Helm
2358,,Void Black,Tan,Navy Striped Tee,Dumbfounded,Sad,Voyager's Hat
2359,Silver Hoop,Void Black,Black,Navy Striped Tee,Bored Unshaven,3d,Beanie
2360,,Void Black,White,Rainbow Suspenders,Phoneme Oh,Angry,Halo
2361,,Void Black,Dark Brown,Sleeveless Logo T,Phoneme Vuh,Laser Eyes,Sushi Chef Headband
2362,Silver Hoop,Void Black,Brown,Sleeveless Logo T,Bored Bubblegum,Crazy,Patrol Motorcycle Helmet
2363,,Void Black,Chromatic,Tuxedo Tee,Phoneme Vuh,Closed,Sky Captain's Hat
2364,,Void Black,Dark Brown,Cowboy Shirt,Phoneme Wah,Coins,Vietnam Era Helmet
2365,Silver Hoop,Void Black,Dark Brown,Sailor Shirt,Bored,Sad,Spinner Hat
2366,Silver Hoop,Void Black,White,Tanktop,Grin,Bloodshot,
2367,,Void Black,Golden Brown,Glowrift T Black,Phoneme Oh,Sad,
2368,,Void Black,Tan,Striped Tee,Phoneme L,Bored,
2369,,Void Black,Dark Brown,Puffy Vest,Bored Cigarette,Bored,
2370,Gold Hoop,Void Black,Black,Rainbow Suspenders,Jovial,Closed,
2371,,Void Black,White,Work Vest,Dumbfounded,Bored,Voyager's Hat
2372,,Void Black,Dmt,Fossil Tee,Grin,Blindfold,Faux Hawk
2373,,Void Black,Red,Black T,Bored,Heart,Party Hat 1
2374,,Void Black,Brown,Guayabera,Bored Cigarette,Bloodshot,
2375,,Void Black,Pink,Fossil Necklace,Discomfort,Bored,Spinner Hat
2376,,Void Black,Chromatic,Vietnam Jacket,Bored,Bored,Halo
2377,,Void Black,Cheetah,,Tongue Out,Sleepy,Glowrift Flipped Brim
2378,,Void Black,Gray,,Grin Multicolored,Sad,Glowrift Flipped Brim
2379,,Void Black,Brown,Guayabera,Bored Unshaven Cigarette,Wide Eyed,
2380,,Void Black,Dark Brown,Navy Striped Tee,Phoneme Vuh,Sleepy,Halo
2381,,Void Black,Pink,Black T,Bored Unshaven Pipe,Chrome,Halo
2382,Silver Hoop,Void Black,Dark Brown,Service,Dumbfounded,Sleepy,
2383,Silver Hoop,Void Black,Chrome,Sailor Shirt,Bored,Eyepatch,Patrol Motorcycle Helmet
2384,,Void Black,Black,Bandolier,Bored Unshaven,Phantom,Sushi Chef Headband
2385,Silver Hoop,Void Black,Dark Brown,Prom Dress,Phoneme Oh,Closed,
2386,Silver Hoop,Void Black,Black,Vietnam Jacket,Bored Unshaven Cigarette,Bored,Patrol Motorcycle Helmet
2387,,Void Black,Red,Navy Striped Tee,Bored Kazoo,Crazy,Beanie
2388,,Void Black,Chrome,,Bored Unshaven,Closed,Sky Captain's Hat
2389,,Void Black,Tan,Sleeveless T,Bored,Bored,Beanie
2390,,Void Black,Brown,,Bored,Bored,Glowrift Hat Black
2391,,Void Black,Brown,Sleeveless Logo T,Bored,Eyepatch,Sushi Chef Headband
2392,Silver Hoop,Void Black,Black,Leather Spectrum Jacket,Bored,Blindfold,Glowrift Hat Red
2393,,Void Black,White,Toga,Bored Unshaven,Blindfold,
2394,Gold Hoop,Void Black,Cheetah,Hawaiian,Small Grin,Bored,Glowrift Flipped Brim
2395,Gold Hoop,Void Black,Phantom,Sleeveless T,Bored,Wide Eyed,
2396,,Void Black,White,Caveman Pelt,Bored Unshaven,Bloodshot,Halo
2397,Silver Stud,Void Black,Phantom,Tanktop,Dumbfounded,Scumbag,Shadow Hat
2398,,Void Black,Cream,Work Vest,Grin Multicolored,Sleepy,Horns
2399,Silver Stud,Void Black,Black,Pimp Coat,Phoneme Vuh,Bored,
2400,,Void Black,Brown,Tweed Suit,Bored Pipe,Closed,Irish Boho
2401,Silver Hoop,Void Black,Gray,Admirals Coat,Bored Cigarette,Heart,Bowler
2402,Gold Hoop,Void Black,Dark Brown,Striped Tee,Bored Unshaven Pizza,Closed,Spinner Hat
2403,,Void Black,Chromatic,,Bored Unshaven,Scumbag,Glowrift Flipped Brim
2404,Silver Hoop,Void Black,White,Tie Dye,Bored,Bored,Vietnam Era Helmet
2405,,Void Black,Dmt,Prison Jumpsuit,Bored,Closed,Vietnam Era Helmet
2406,,Void Black,Cheetah,Wool Turtleneck,Bored,Phantom,Cowboy Hat
2407,,Void Black,Dark Brown,,Rage,Wide Eyed,Halo
2408,,Void Black,Cream,Caveman Pelt,Bored Cigarette,Bored,Voyager's Hat
2409,,Void Black,Blue,Smoking Jacket,Tongue Out,Angry,
2410,,Void Black,Red,Cowboy Shirt,Bored Unshaven,Closed,Stuntman Helmet
2411,,Void Black,Dark Brown,Lumberjack Shirt,Bored Unshaven,Chrome,Party Hat 1
2412,,Void Black,Black,Work Vest,Grin Gold Grill,Sleepy,
2413,,Void Black,Phantom,Toga,Bored Cigarette,Closed,Cowboy Hat
2414,,Void Black,Gray,Striped Tee,Tongue Out,Phantom,Baby's Bonnet
2415,,Void Black,Gray,Bandolier,Tongue Out,Sunglasses,Short Mohawk
2416,,Void Black,White,Smoking Jacket,Bored Kazoo,Hypnotized,Horns
2417,,Void Black,Blue,Puffy Vest,Bored Unshaven Cigarette,Chrome,
2418,Gold Hoop,Void Black,Phantom,Toga,Discomfort,Heart,
2419,,Void Black,White,Rainbow Suspenders,Bored Unshaven,X Eyes,Sushi Chef Headband
2420,,Void Black,Cheetah,Leather Spectrum Jacket,Tongue Out,Bored,
2421,,Void Black,Tan,Tanktop,Grin,Sleepy,Glowrift Hat Red
2422,Silver Stud,Void Black,Golden Brown,Fossil Tee,Bored Unshaven,Bored,Beanie
2423,,Void Black,Dark Brown,Caveman Pelt,Phoneme ooo,Phantom,Cowboy Hat
2424,,Void Black,Brown,Tuxedo Tee,Bored Cigarette,3d,
2425,,Void Black,Black,,Bored Cigarette,Sleepy,
2426,,Void Black,Red,,Bored Cigarette,Bloodshot,Fisherman's Hat
2427,,Void Black,Phantom,Stunt Jacket,Bored,Sleepy,Ww2 Pilot Helm
2428,,Void Black,Brown,Black T,Small Grin,Coins,Crimson Hat
2429,,Void Black,Blue,,Bored Unshaven,Chrome,
2430,,Void Black,Brown,Tie Dye,Bored Cigar,Bloodshot,Cowboy Hat
2431,Silver Hoop,Void Black,White,Navy Striped Tee,Grin,Blindfold,Glowrift Hat Black
2432,,Void Black,Chromatic,Bandolier,Bored Unshaven Party horn,Wide Eyed,
2433,Diamond Stud,Void Black,Brown,Striped Tee,Grin,Bored,
2434,,Void Black,Pink,Blue Dress,Dumbfounded,Bloodshot,
2435,Gold Stud,Void Black,Brown,Lab Coat,Grin,Crazy,Beanie
2436,,Void Black,Gray,,Phoneme Vuh,Bored,Sushi Chef Headband
2437,,Void Black,Phantom,Striped Tee,Phoneme Oh,Bored,Voyager's Hat
2438,Silver Hoop,Void Black,Black,,Phoneme ooo,Crazy,Horns
2439,,Void Black,Dmt,Void Rift T,Bored Unshaven,Bored,Spinner Hat
2440,,Void Black,Brown,Navy Striped Tee,Bored Unshaven Cigar,Angry,Patrol Motorcycle Helmet
2441,,Void Black,Dark Brown,,Phoneme Vuh,Sleepy,
2442,,Void Black,Blue,Sailor Shirt,Bored Unshaven Cigar,Bored,Laurel Wreath
2443,,Void Black,Black,Biker Vest,Bored,Bored,Sushi Chef Headband
2444,,Void Black,Brown,,Bored,Sunglasses,Beanie
2445,,Void Black,White,Prison Jumpsuit,Bored Cigarette,Coins,Bunny Ears
2446,,Void Black,Brown,Fossil Tee,Bored Unshaven,Bored,Ww2 Pilot Helm
2447,Silver Hoop,Void Black,Brown,Lab Coat,Bored,Prismatic,
2448,,Void Black,Brown,Sailor Shirt,Bored,Bored,Horns
2449,,Void Black,Pink,Hawaiian,Bored Unshaven Cigarette,Bored,Safari
2450,,Void Black,Dark Brown,,Bored,Coins,Sushi Chef Headband
2451,,Void Black,Cheetah,Guayabera,Grin Gold Grill,Sunglasses,S&m Hat
2452,,Void Black,Golden Brown,Tuxedo Tee,Bored Unshaven,3d,Voyager's Hat
2453,Silver Stud,Void Black,Cream,Sleeveless T,Bored Party Horn,Closed,
2454,,Void Black,Pink,Tuxedo Tee,Bored Unshaven,Bored,Beanie
2455,,Void Black,White,Toga,Dumbfounded,Angry,Cowboy Hat
2456,,Void Black,Red,Bandolier,Bored Unshaven Bubblegum,Bored,Patrol Motorcycle Helmet
2457,Silver Hoop,Void Black,Golden Brown,Work Vest,Bored,Coins,Voyager's Hat
2458,,Void Black,Red,,Grin,Bored,Glowrift Flipped Brim
2459,,Void Black,White,Black T,Bored Unshaven,Blindfold,Beanie
2460,Silver Stud,Void Black,Red,Tanktop,Bored,Closed,Bunny Ears
2461,,Void Black,Blue,Navy Striped Tee,Bored Unshaven,Sleepy,Shadow Hat
2462,,Void Black,Cheetah,Glowrift T Black,Tongue Out,Bored,Fisherman's Hat
2463,,Void Black,Blue,Void Rift T,Bored Pipe,Bored,Baby's Bonnet
2464,,Void Black,Cream,Black T,Rage,Closed,Sky Captain's Hat
2465,,Void Black,Brown,Prison Jumpsuit,Bored Unshaven,Bored,Faux Hawk
2466,Silver Hoop,Void Black,Noise,Glowrift T Black,Bored,Bored,Beanie
2467,,Void Black,Brown,Leather Spectrum Jacket,Phoneme Wah,Bored,Bowler
2468,,Void Black,Black,Striped Tee,Jovial,Phantom,Irish Boho
2469,,Void Black,Dark Brown,Blue Dress,Grin,Sleepy,Girl's Hair Short
2470,Silver Stud,Void Black,Tan,Lumberjack Shirt,Grin Gold Grill,Wide Eyed,Voyager's Hat
2471,Diamond Stud,Void Black,Dark Brown,Striped Tee,Bored,Crazy,Halo
2472,Cross,Void Black,Blue,Tie Dye,Bored Unshaven,Heart,
2473,,Void Black,Cheetah,Glowrift T Red,Phoneme Wah,Bored,Beanie
2474,Diamond Stud,Void Black,Gray,Fossil Tee,Bored,Sunglasses,S&m Hat
2475,,Void Black,Black,Caveman Pelt,Bored,Eyepatch,Fez
2476,,Void Black,Black,Tie Dye,Bored Kazoo,Blindfold,
2477,Silver Hoop,Void Black,Tan,,Jovial,Sad,Glowrift Hat Black
2478,,Void Black,Brown,Prison Jumpsuit,Rage,Sad,Fez
2479,,Void Black,Brown,Prom Dress,Bored Party Horn,Sad,Short Mohawk
2480,,Void Black,Chrome,Striped Tee,Bored Unshaven,Wide Eyed,
2481,,Void Black,Golden Brown,Sailor Shirt,Phoneme ooo,Eyepatch,
2482,Gold Hoop,Void Black,Cream,,Bored Cigarette,Coins,Party Hat 2
2483,Silver Stud,Void Black,Black,,Phoneme Oh,3d,Halo
2484,,Void Black,Gray,Tuxedo Tee,Bored,Sad,
2485,Gold Stud,Void Black,Black,Toga,Bored,Crazy,Laurel Wreath
2486,,Void Black,Brown,,Grin,Chrome,Safari
2487,,Void Black,Brown,Smoking Jacket,Bored,Bored,Stuntman Helmet
2488,,Void Black,Chromatic,Hawaiian,Phoneme Wah,Blue Beams,
2489,,Void Black,Radiant Gold,Guayabera,Bored Bubblegum,Eyepatch,
2490,Gold Stud,Void Black,Dark Brown,Vietnam Jacket,Bored Unshaven,Chrome,
2491,Gold Stud,Void Black,Red,Leather Spectrum Jacket,Grin,Crazy,
2492,,Void Black,Dark Brown,Striped Tee,Bored Unshaven Cigarette,Heart,Beanie
2493,,Void Black,Tan,Biker Vest,Phoneme Vuh,Eyepatch,Voyager's Hat
2494,,Void Black,Dark Brown,Striped Tee,Bored Cigarette,Bored,Vietnam Era Helmet
2495,,Void Black,Black,,Jovial,Sleepy,Ww2 Pilot Helm
2496,Silver Stud,Void Black,Cream,Leather Jacket,Bored Cigarette,Phantom,Beanie
2497,Gold Hoop,Void Black,Dmt,Leather Jacket,Bored Unshaven,Heart,Vietnam Era Helmet
2498,,Void Black,Noise,Fossil Tee,Bored Unshaven,Wide Eyed,Stuntman Helmet
2499,Silver Stud,Void Black,Red,Caveman Pelt,Bored Party Horn,Bored,Glowrift Hat Black
2500,,Void Black,Gray,Navy Striped Tee,Bored,Chrome,
2501,,Void Black,Dark Brown,,Rage,X Eyes,Shadow Hat
2502,,Void Black,Tan,Blue Dress,Bored,Sleepy,Fisherman's Hat
2503,,Void Black,Pink,Prison Jumpsuit,Bored,Bored,Irish Boho
2504,,Void Black,Dark Brown,Guayabera,Bored,Bored,
2505,,Void Black,Dark Brown,Hawaiian,Bored Unshaven,Bored,Fez
2506,Gold Stud,Void Black,Brown,Fossil Necklace,Bored,Laser Eyes,Shadow Hat
2507,,Void Black,Black,,Grin,Bored,
2508,,Void Black,Gray,Sleeveless Logo T,Bored,Blindfold,Girl's Hair Pink
2509,,Void Black,Black,,Bored Cigarette,Crazy,Short Mohawk
2510,,Void Black,Dark Brown,Black T,Bored,Bored,
2511,,Void Black,Dark Brown,Navy Striped Tee,Phoneme L,Wide Eyed,
2512,,Void Black,Cheetah,Wool Turtleneck,Phoneme Vuh,Bored,
2513,,Void Black,Dark Brown,Toga,Bored Unshaven,Bored,Girl's Hair Pink
2514,,Void Black,Dmt,Work Vest,Bored Unshaven Cigarette,Wide Eyed,Beanie
2515,,Void Black,Brown,Leather Jacket,Bored Unshaven,Sunglasses,Fez
2516,,Void Black,Tan,Tie Dye,Phoneme Oh,Blindfold,Vietnam Era Helmet
2517,,Void Black,Dark Brown,,Grin,Crazy,Baby's Bonnet
2518,,Void Black,Brown,Fossil Tee,Phoneme Oh,Closed,Beanie
2519,Silver Hoop,Void Black,Dark Brown,Caveman Pelt,Phoneme L,Heart,Cowboy Hat
2520,Silver Hoop,Void Black,Black,,Phoneme L,Sunglasses,Bowler
2521,,Void Black,Blue,Wool Turtleneck,Bored,Sleepy,Bowler
2522,,Void Black,Brown,Fossil Tee,Bored,Phantom,Stuntman Helmet
2523,,Void Black,Noise,Striped Tee,Small Grin,Sunglasses,Prussian Helmet
2524,,Void Black,Phantom,Guayabera,Discomfort,Crazy,
2525,Silver Hoop,Void Black,Dark Brown,Caveman Pelt,Grin Gold Grill,Sad,Shadow Hat
2526,,Void Black,Red,Rainbow Suspenders,Grin Gold Grill,Chrome,
2527,,Void Black,Void Bot,,Bored,Sleepy,Prussian Helmet
2528,Silver Hoop,Void Black,Red,Smoking Jacket,Bored,Wide Eyed,Patrol Motorcycle Helmet
2529,Silver Hoop,Void Black,Pink,Wool Turtleneck,Bored,Bloodshot,Bunny Ears
2530,,Void Black,Phantom,Glowrift T Red,Dumbfounded,Bored,
2531,,Void Black,Pink,,Bored,Wide Eyed,Horns
2532,Gold Stud,Void Black,Dark Brown,Navy Striped Tee,Bored,Sleepy,
2533,Gold Hoop,Void Black,Golden Brown,,Bored,X Eyes,Beanie
2534,,Void Black,Pink,Hawaiian,Phoneme Vuh,Wide Eyed,Ww2 Pilot Helm
2535,,Void Black,Red,Toga,Jovial,Bored,Short Mohawk
2536,Silver Hoop,Void Black,Black,Prison Jumpsuit,Dumbfounded,Coins,Horns
2537,Diamond Stud,Void Black,Cream,Striped Tee,Bored Unshaven,Sad,Beanie
2538,,Void Black,Phantom,Smoking Jacket,Jovial,Bloodshot,Safari
2539,Diamond Stud,Void Black,Cream,Navy Striped Tee,Bored Unshaven,Chrome,Bandana Blue
2540,Diamond Stud,Void Black,Golden Brown,Tanktop,Bored Pipe,Eyepatch,Voyager's Hat
2541,Silver Hoop,Void Black,Cream,Service,Discomfort,Sad,
2542,,Void Black,Cream,Navy Striped Tee,Bored,Laser Eyes,Party Hat 1
2543,Gold Stud,Void Black,Dark Brown,Bandolier,Bored,Angry,Beanie
2544,,Void Black,Dark Brown,Hip Hop,Bored Unshaven Cigar,Crazy,Horns
2545,,Void Black,Dmt,Striped Tee,Bored,Blindfold,Patrol Motorcycle Helmet
2546,,Void Black,Brown,,Bored Cigarette,Chrome,Patrol Motorcycle Helmet
2547,Gold Stud,Void Black,Brown,,Bored,Phantom,S&m Hat
2548,,Void Black,Dark Brown,Caveman Pelt,Dumbfounded,Closed,Glowrift Hat Red
2549,,Void Black,Red,,Bored,Bored,S&m Hat
2550,Gold Hoop,Void Black,Cream,,Bored Unshaven Pizza,Sleepy,Voyager's Hat
2551,,Void Black,Golden Brown,,Bored,Bored,Girl's Hair Pink
2552,,Void Black,Cheetah,Biker Vest,Small Grin,Phantom,Faux Hawk
2553,,Void Black,Golden Brown,Black T,Bored Cigarette,Coins,King's Crown
2554,Silver Hoop,Void Black,Gray,Sleeveless T,Grin,Sad,Fisherman's Hat
2555,,Void Black,Dark Brown,Puffy Vest,Phoneme Vuh,3d,
2556,,Void Black,Cheetah,Vietnam Jacket,Bored Unshaven Cigarette,Sleepy,Patrol Motorcycle Helmet
2557,,Void Black,Black,Space Suit,Jovial,Angry,Bowler
2558,,Void Black,Phantom,,Bored,Phantom,Glowrift Hat Red
2559,,Void Black,Brown,,Bored,Bored,Short Mohawk
2560,,Void Black,Golden Brown,,Bored Cigarette,Bored,Safari
2561,,Void Black,Cheetah,Caveman Pelt,Bored Unshaven,Closed,Fez
2562,,Void Black,Red,,Bored Cigarette,Prismatic,Horns
2563,,Void Black,Cream,Vietnam Jacket,Bored Pipe,Angry,Sky Captain's Hat
2564,,Void Black,Black,Guayabera,Bored Unshaven Cigarette,Sleepy,
2565,,Void Black,Brown,Lab Coat,Small Grin,Closed,
2566,,Void Black,Black,Glowrift T Red,Phoneme L,Phantom,Beanie
2567,,Void Black,White,,Bored Unshaven,Chrome,Vietnam Era Helmet
2568,,Void Black,Gray,Prison Jumpsuit,Bored Unshaven Cigarette,Crazy,
2569,Silver Hoop,Void Black,Black,Prison Jumpsuit,Jovial,Phantom,Bowler
2570,Gold Hoop,Void Black,Black,,Bored,Bloodshot,Horns
2571,,Void Black,Cream,Striped Tee,Bored,Wide Eyed,Chromatic Captain's Hat
2572,,Void Black,Red,Tuxedo Tee,Small Grin,Bored,Vietnam Era Helmet
2573,,Void Black,Dark Brown,Void Rift T,Discomfort,Bored,
2574,,Void Black,Dmt,,Bored Cigar,Closed,Irish Boho
2575,,Void Black,Brown,,Discomfort,Wide Eyed,Fisherman's Hat
2576,Gold Hoop,Void Black,Golden Brown,Smoking Jacket,Bored Cigarette,Sleepy,Voyager's Hat
2577,,Void Black,Pink,Fossil Tee,Bored Cigarette,Bored,Cowboy Hat
2578,,Void Black,Brown,Smoking Jacket,Bored,Crazy,Crimson Hat
2579,,Void Black,Dmt,Guayabera,Bored Cigarette,Heart,Bowler
2580,,Void Black,Brown,Prison Jumpsuit,Grin,Bored,Fez
2581,,Void Black,Red,Navy Striped Tee,Tongue Out,Prismatic,Glowrift Flipped Brim
2582,,Void Black,Tan,Striped Tee,Bored,Coins,S&m Hat
2583,,Void Black,Blue,Biker Vest,Bored Unshaven Pipe,Coins,
2584,,Void Black,Chrome,Prom Dress,Tongue Out,Sleepy,Bunny Ears
2585,,Void Black,Gray,Fossil Necklace,Grin,Sunglasses,Sushi Chef Headband
2586,,Void Black,White,Sailor Shirt,Bored,Crazy,Party Hat 2
2587,,Void Black,Brown,Striped Tee,Bored Unshaven Pizza,Bored,
2588,Gold Hoop,Void Black,Tan,Smoking Jacket,Bored Unshaven,Phantom,S&m Hat
2589,Silver Stud,Void Black,Black,Space Suit,Grin,X Eyes,Sky Captain's Hat
2590,,Void Black,Golden Brown,Tie Dye,Tongue Out,Angry,Girl's Hair Pink
2591,Cross,Void Black,Black,,Bored,Sunglasses,
2592,Silver Stud,Void Black,Black,Vietnam Jacket,Phoneme Vuh,Bloodshot,Beanie
2593,Silver Hoop,Void Black,Gray,Stunt Jacket,Dumbfounded,Bored,Cowboy Hat
2594,,Void Black,Blue,Sailor Shirt,Bored Unshaven,Sleepy,Beanie
2595,Silver Hoop,Void Black,Golden Brown,,Grin,3d,Faux Hawk
2596,,Void Black,Void Bot,Space Suit,Bored,Bored,Short Mohawk
2597,,Void Black,White,Navy Striped Tee,Discomfort,Phantom,Ww2 Pilot Helm
2598,,Void Black,Dark Brown,Fossil Tee,Bored,Bored,Horns
2599,Cross,Void Black,Pink,Wool Turtleneck,Bored Cigarette,Heart,Halo
2600,,Void Black,Tan,Wool Turtleneck,Bored,3d,Safari
2601,Silver Stud,Void Black,Dark Brown,Striped Tee,Discomfort,Blindfold,
2602,Silver Hoop,Void Black,Dark Brown,Vietnam Jacket,Grin,Sleepy,Spinner Hat
2603,,Void Black,Red,Work Vest,Bored Unshaven,Coins,Sky Captain's Hat
2604,,Void Black,Brown,Service,Phoneme ooo,Wide Eyed,
2605,,Void Black,Tan,Puffy Vest,Discomfort,3d,Bowler
2606,,Void Black,Black,Hawaiian,Bored,Hypnotized,Beanie
2607,,Void Black,Noise,Sailor Shirt,Bored Cigarette,Wide Eyed,Fisherman's Hat
2608,,Void Black,Black,Vietnam Jacket,Bored,Angry,Faux Hawk
2609,Diamond Stud,Void Black,Brown,Fossil Tee,Bored Cigarette,Bored,
2610,Silver Stud,Void Black,Dark Brown,Work Vest,Bored Unshaven,Sleepy,Bandana Blue
2611,Gold Hoop,Void Black,Golden Brown,Smoking Jacket,Phoneme Oh,Angry,Horns
2612,,Void Black,Cheetah,Toga,Bored Cigarette,3d,Beanie
2613,,Void Black,Black,Void Rift T,Discomfort,Chrome,Bowler
2614,,Void Black,Tan,Leather Spectrum Jacket,Phoneme ooo,Sunglasses,Faux Hawk
2615,,Void Black,Pink,Smoking Jacket,Grin,Bored,Spinner Hat
2616,,Void Black,Dark Brown,Lumberjack Shirt,Bored,Blindfold,Glowrift Flipped Brim
2617,Cross,Void Black,Brown,Sleeveless T,Grin,3d,Party Hat 1
2618,,Void Black,Black,Prison Jumpsuit,Dumbfounded,Hypnotized,
2619,,Void Black,Dark Brown,Striped Tee,Grin Gold Grill,Phantom,Crimson Hat
2620,,Void Black,Cheetah,Caveman Pelt,Phoneme Vuh,Coins,
2621,,Void Black,Dark Brown,,Phoneme Vuh,Chrome,Vietnam Era Helmet
2622,,Void Black,Blue,,Phoneme Wah,3d,S&m Hat
2623,,Void Black,Chrome,,Bored Cigarette,Crazy,
2624,Silver Hoop,Void Black,Tan,Leather Spectrum Jacket,Jovial,Laser Eyes,Beanie
2625,,Void Black,Brown,Prison Jumpsuit,Bored Unshaven,Blindfold,Short Mohawk
2626,,Void Black,White,Glowrift T Red,Grin,Bored,Fez
2627,,Void Black,Golden Brown,Blue Dress,Bored Unshaven,Closed,Cowboy Hat
2628,,Void Black,Dark Brown,Tanktop,Bored Bubblegum,Wide Eyed,Fisherman's Hat
2629,,Void Black,Brown,Lumberjack Shirt,Bored Cigarette,Bored,Irish Boho
2630,Silver Stud,Void Black,Red,Lumberjack Shirt,Discomfort,Bored,Beanie
2631,,Void Black,Black,Pimp Coat,Bored,Bloodshot,Voyager's Hat
2632,,Void Black,Black,,Bored,Closed,
2633,,Void Black,Dark Brown,Fossil Necklace,Bored Unshaven Pipe,Bloodshot,Voyager's Hat
2634,,Void Black,Cream,Service,Grin,Bloodshot,
2635,,Void Black,Golden Brown,Sailor Shirt,Bored Cigarette,3d,
2636,Silver Hoop,Void Black,Brown,Fossil Necklace,Bored,Angry,Fez
2637,,Void Black,Black,,Grin,Bored,Glowrift Hat Black
2638,,Void Black,Cream,,Bored Unshaven,Bored,Baby's Bonnet
2639,Silver Hoop,Void Black,White,Tuxedo Tee,Bored,Blindfold,Glowrift Hat Black
2640,Silver Hoop,Void Black,Void Bot,Navy Striped Tee,Bored,Bloodshot,Fez
2641,Silver Stud,Void Black,Black,Leather Jacket,Bored Unshaven,Closed,Laurel Wreath
2642,,Void Black,Dark Brown,Leather Spectrum Jacket,Bored,Bored,Fez
2643,,Void Black,Brown,Stunt Jacket,Grin Gold Grill,Bloodshot,Irish Boho
2644,,Void Black,Pink,Lab Coat,Phoneme Wah,Bored,
2645,,Void Black,Brown,Caveman Pelt,Bored Unshaven,X Eyes,Halo
2646,,Void Black,Radiant Gold,Toga,Bored Unshaven Bubblegum,Sad,Glowrift Flipped Brim
2647,,Void Black,Pink,Work Vest,Bored Cigarette,Eyepatch,
2648,,Void Black,Dark Brown,Tweed Suit,Grin,Prismatic,Beanie
2649,,Void Black,Brown,Fossil Tee,Phoneme Vuh,Bored,Spinner Hat
2650,,Void Black,Pink,Sailor Shirt,Phoneme Wah,Bored,Sky Captain's Hat
2651,,Void Black,Chromatic,,Bored Unshaven,Bored,
2652,,Void Black,Chrome,Wool Turtleneck,Bored,Sleepy,Stuntman Helmet
2653,,Void Black,Pink,,Small Grin,Bored,Spinner Hat
2654,,Void Black,Gray,Hip Hop,Phoneme Wah,3d,
2655,,Void Black,Black,Wool Turtleneck,Dumbfounded,Crazy,
2656,,Void Black,Blue,Fossil Tee,Grin,Closed,
2657,Silver Stud,Void Black,Pink,Prison Jumpsuit,Bored Cigarette,Neonborg,Bunny Ears
2658,,Void Black,Tan,,Small Grin,3d,Bunny Ears
2659,,Void Black,Black,Tanktop,Bored,Angry,Irish Boho
2660,,Void Black,White,Glowrift T Black,Bored,Bored,Halo
2661,Gold Stud,Void Black,Dmt,Pimp Coat,Tongue Out,Heart,Beanie
2662,,Void Black,Tan,Hip Hop,Bored Unshaven,Crazy,S&m Hat
2663,,Void Black,Golden Brown,Prison Jumpsuit,Bored Unshaven,Laser Eyes,Beanie
2664,Silver Stud,Void Black,Black,Navy Striped Tee,Grin Multicolored,Wide Eyed,Glowrift Hat Red
2665,,Void Black,Black,,Bored,Heart,Glowrift Flipped Brim
2666,,Void Black,Black,Sailor Shirt,Grin,Bored,
2667,,Void Black,White,Tweed Suit,Tongue Out,Bored,Short Mohawk
2668,,Void Black,Red,Biker Vest,Dumbfounded,Bored,
2669,,Void Black,Pink,Prison Jumpsuit,Bored,Crazy,Girl's Hair Pink
2670,,Void Black,Pink,Smoking Jacket,Bored Unshaven,Closed,Sushi Chef Headband
2671,Silver Hoop,Void Black,Gray,,Phoneme Wah,Bored,Beanie
2672,,Void Black,Cream,Caveman Pelt,Bored,Chrome,Voyager's Hat
2673,,Void Black,Golden Brown,Glowrift T Black,Bored,Bored,Irish Boho
2674,,Void Black,Pink,Hawaiian,Bored Unshaven Pipe,Sad,Bunny Ears
2675,Silver Stud,Void Black,Pink,Sleeveless T,Dumbfounded,Sleepy,Cowboy Hat
2676,,Void Black,Cheetah,Prison Jumpsuit,Grin Multicolored,Chrome,Spinner Hat
2677,,Void Black,Golden Brown,Guayabera,Bored Unshaven,Bored,Irish Boho
2678,,Void Black,Brown,Blue Dress,Phoneme Vuh,Sleepy,Short Mohawk
2679,,Void Black,Cream,Fossil Necklace,Bored,Bloodshot,Sushi Chef Headband
2680,,Void Black,White,Black T,Bored Unshaven,Bored,
2681,,Void Black,Black,Prom Dress,Dumbfounded,Eyepatch,Fez
2682,,Void Black,Red,Hip Hop,Bored Cigarette,Closed,Beanie
2683,Silver Stud,Void Black,Brown,Black T,Bored Unshaven Cigarette,Angry,Beanie
2684,Silver Stud,Void Black,Golden Brown,Glowrift T Black,Dumbfounded,3d,Bowler
2685,,Void Black,Brown,Leather Spectrum Jacket,Bored,Blindfold,Ww2 Pilot Helm
2686,,Void Black,Cream,Bandolier,Dumbfounded,Sleepy,Crimson Hat
2687,Silver Stud,Void Black,Cheetah,,Tongue Out,Bored,Short Mohawk
2688,,Void Black,Brown,,Grin Multicolored,Phantom,Sky Captain's Hat
2689,,Void Black,Dark Brown,Black T,Grin,Wide Eyed,Crimson Hat
2690,Gold Hoop,Void Black,Tan,,Bored Unshaven,Bored,
2691,Silver Stud,Void Black,Gray,Sleeveless Logo T,Phoneme L,Closed,Vietnam Era Helmet
2692,,Void Black,Cream,Glowrift T Red,Dumbfounded,Wide Eyed,Chromatic Captain's Hat
2693,,Void Black,Dark Brown,,Bored,Closed,Beanie
2694,Silver Hoop,Void Black,Dark Brown,Prom Dress,Small Grin,Sleepy,Laurel Wreath
2695,Silver Hoop,Void Black,Cream,,Bored Unshaven,Angry,Sushi Chef Headband
2696,,Void Black,Dark Brown,Fossil Necklace,Jovial,Angry,Patrol Motorcycle Helmet
2697,,Void Black,Phantom,Tuxedo Tee,Phoneme L,Wide Eyed,Spinner Hat
2698,,Void Black,Cream,Sailor Shirt,Rage,Sleepy,
2699,Gold Stud,Void Black,Pink,Sleeveless T,Grin,Bloodshot,Horns
2700,,Void Black,Dark Brown,Leather Jacket,Dumbfounded,Bored,Bunny Ears
2701,,Void Black,Brown,Black T,Bored Pipe,Bloodshot,Spinner Hat
2702,,Void Black,Golden Brown,,Bored Unshaven,Sunglasses,
2703,,Void Black,Dark Brown,Toga,Grin,Chrome,
2704,Silver Stud,Void Black,Cheetah,Tuxedo Tee,Bored,Sleepy,Voyager's Hat
2705,,Void Black,Black,Tanktop,Bored Cigar,Bloodshot,Bowler
2706,,Void Black,Black,Guayabera,Bored Cigarette,Eyepatch,Baby's Bonnet
2707,Gold Stud,Void Black,Golden Brown,Sleeveless T,Jovial,Chrome,Fisherman's Hat
2708,,Void Black,Chrome,Fossil Necklace,Bored,Crazy,
2709,Gold Hoop,Void Black,Phantom,,Bored Unshaven,Sleepy,Fez
2710,,Void Black,Chrome,Fossil Necklace,Small Grin,Coins,Horns
2711,,Void Black,Cheetah,Glowrift T Red,Bored Pipe,Sleepy,Horns
2712,Silver Hoop,Void Black,Cream,Sleeveless T,Phoneme L,Chrome,Baby's Bonnet
2713,,Void Black,Noise,Sailor Shirt,Bored Unshaven Pipe,Wide Eyed,Patrol Motorcycle Helmet
2714,,Void Black,Golden Brown,Striped Tee,Phoneme Wah,Chrome,Voyager's Hat
2715,,Void Black,Golden Brown,Tie Dye,Bored,Sunglasses,Fez
2716,Gold Hoop,Void Black,Dark Brown,Glowrift T Red,Bored,Bored,Bowler
2717,,Void Black,Void Bot,Striped Tee,Jovial,Crazy,Halo
2718,,Void Black,Dark Brown,Puffy Vest,Bored Unshaven,Crazy,Fez
2719,,Void Black,Cheetah,Sailor Shirt,Bored Cigarette,Coins,Glowrift Hat Black
2720,,Void Black,Gray,Prom Dress,Bored Unshaven,3d,Ww2 Pilot Helm
2721,,Void Black,Brown,Leather Spectrum Jacket,Rage,Bloodshot,
2722,,Void Black,Gray,,Bored Unshaven,Closed,Shadow Hat
2723,,Void Black,Void Bot,Hawaiian,Bored,Hypnotized,Vietnam Era Helmet
2724,,Void Black,Brown,Tie Dye,Phoneme Vuh,Bored,
2725,,Void Black,Tan,,Bored Kazoo,Bloodshot,Fisherman's Hat
2726,Gold Hoop,Void Black,Cream,Biker Vest,Phoneme Oh,Bored,Vietnam Era Helmet
2727,,Void Black,Chrome,Vietnam Jacket,Bored,Bloodshot,Sky Captain's Hat
2728,Diamond Stud,Void Black,Cheetah,,Bored Cigarette,Sunglasses,Voyager's Hat
2729,Silver Stud,Void Black,Golden Brown,Prom Dress,Bored,Heart,
2730,,Void Black,Black,Glowrift T Black,Bored Unshaven,3d,
2731,Cross,Void Black,Dmt,Sailor Shirt,Dumbfounded,Heart,Bandana Blue
2732,,Void Black,Red,Leather Spectrum Jacket,Bored,Bloodshot,Sushi Chef Headband
2733,,Void Black,Dark Brown,,Bored Cigarette,Scumbag,
2734,,Void Black,Tan,Sailor Shirt,Bored Pipe,Bloodshot,S&m Hat
2735,,Void Black,Brown,Guayabera,Grin,Heart,Vietnam Era Helmet
2736,,Void Black,Cream,Smoking Jacket,Bored,Bored,
2737,,Void Black,Pink,Striped Tee,Bored,Bloodshot,S&m Hat
2738,,Void Black,Red,,Bored Unshaven,Bloodshot,Bowler
2739,Silver Hoop,Void Black,Gray,,Grin Gold Grill,Bored,
2740,Silver Hoop,Void Black,Black,Void Rift T,Bored Unshaven Cigar,Crazy,Girl's Hair Short
2741,,Void Black,Black,Black T,Phoneme Vuh,Blindfold,Patrol Motorcycle Helmet
2742,,Void Black,Chromatic,Leather Spectrum Jacket,Bored Cigarette,Scumbag,Short Mohawk
2743,,Void Black,Black,,Bored Unshaven Cigar,Bored,
2744,,Void Black,Black,Tanktop,Phoneme Wah,Bored,Bunny Ears
2745,,Void Black,Tan,Stunt Jacket,Grin,Bored,Halo
2746,Cross,Void Black,Cheetah,Void Rift T,Phoneme L,Sad,Girl's Hair Pink
2747,,Void Black,Brown,Space Suit,Bored Unshaven,Hypnotized,Safari
2748,,Void Black,Gray,,Bored Unshaven Cigarette,Angry,Short Mohawk
2749,,Void Black,Cream,Stunt Jacket,Bored,Bored,Bunny Ears
2750,,Void Black,Brown,Work Vest,Phoneme ooo,Sleepy,Girl's Hair Short
2751,Gold Hoop,Void Black,Blue,Guayabera,Discomfort,Bored,
2752,,Void Black,Red,Puffy Vest,Phoneme Vuh,Bored,Horns
2753,Silver Stud,Void Black,Brown,Tuxedo Tee,Tongue Out,3d,Shadow Hat
2754,,Void Black,Brown,Smoking Jacket,Bored,Heart,Bowler
2755,Diamond Stud,Void Black,Chrome,,Dumbfounded,Prismatic,
2756,Gold Stud,Void Black,Cream,Toga,Jovial,Bloodshot,Horns
2757,,Void Black,Golden Brown,Hip Hop,Bored Unshaven Bubblegum,Heart,Faux Hawk
2758,Silver Hoop,Void Black,Golden Brown,Glowrift T Black,Bored Unshaven,Scumbag,Sky Captain's Hat
2759,,Void Black,Brown,Bandolier,Bored Kazoo,Prismatic,
2760,Silver Hoop,Void Black,Brown,Fossil Necklace,Bored Unshaven,Sleepy,
2761,Gold Hoop,Void Black,Dark Brown,Leather Jacket,Bored,Bloodshot,Shadow Hat
2762,,Void Black,Tan,Sailor Shirt,Bored Unshaven,Eyepatch,
2763,,Void Black,Brown,Sailor Shirt,Bored Unshaven,Wide Eyed,Fez
2764,Silver Hoop,Void Black,Golden Brown,Space Suit,Grin Multicolored,3d,
2765,,Void Black,Cream,Leather Jacket,Grin,Sad,
2766,,Void Black,Blue,,Bored Cigarette,Blindfold,Vietnam Era Helmet
2767,,Void Black,Dark Brown,Navy Striped Tee,Bored Cigarette,Sad,Prussian Helmet
2768,Gold Stud,Void Black,Black,Wool Turtleneck,Bored,Sunglasses,S&m Hat
2769,,Void Black,Gray,Work Vest,Phoneme Vuh,Crazy,Halo
2770,,Void Black,Dark Brown,Tuxedo Tee,Bored,Eyepatch,Horns
2771,,Void Black,Chrome,Stunt Jacket,Bored Cigarette,Prismatic,Prussian Helmet
2772,Diamond Stud,Void Black,Pink,Striped Tee,Bored Unshaven,Closed,Chromatic Captain's Hat
2773,,Void Black,Dark Brown,,Dumbfounded,Bored,
2774,,Void Black,Brown,Stunt Jacket,Tongue Out,Scumbag,Short Mohawk
2775,,Void Black,Dark Brown,Fossil Tee,Bored,Closed,Halo
2776,,Void Black,Gray,Leather Jacket,Rage,Sad,Halo
2777,,Void Black,Pink,Sleeveless Logo T,Phoneme Vuh,Bored,Safari
2778,Gold Hoop,Void Black,Black,Wool Turtleneck,Bored Unshaven,Bored,Cowboy Hat
2779,,Void Black,Golden Brown,Sleeveless Logo T,Bored Unshaven,Crazy,Baby's Bonnet
2780,,Void Black,Black,Glowrift T Black,Discomfort,Hypnotized,Safari
2781,,Void Black,Phantom,Wool Turtleneck,Bored,Prismatic,Girl's Hair Short
2782,,Void Black,Gray,,Bored Unshaven,Bloodshot,Shadow Hat
2783,,Void Black,Void Bot,Black T,Bored,3d,Voyager's Hat
2784,,Void Black,Dark Brown,Stunt Jacket,Small Grin,Closed,Short Mohawk
2785,Silver Hoop,Void Black,Tan,Cowboy Shirt,Bored Unshaven,Chrome,Fez
2786,,Void Black,Golden Brown,,Bored,3d,Voyager's Hat
2787,,Void Black,Golden Brown,Rainbow Suspenders,Dumbfounded,Phantom,Halo
2788,,Void Black,Brown,Void Rift T,Bored Pizza,Sunglasses,Beanie
2789,,Void Black,Brown,Tanktop,Dumbfounded,Eyepatch,Sky Captain's Hat
2790,Gold Stud,Void Black,Phantom,Sleeveless T,Bored,Coins,Baby's Bonnet
2791,,Void Black,Black,,Bored,Prismatic,Shadow Hat
2792,,Void Black,Gray,Admirals Coat,Bored,Bored,Crimson Hat
2793,,Void Black,Chrome,Fossil Necklace,Rage,Heart,Crimson Hat
2794,,Void Black,Chrome,Cowboy Shirt,Bored Unshaven Pizza,Neonborg,
2795,Silver Hoop,Void Black,Gray,,Bored,Sleepy,Party Hat 2
2796,,Void Black,Red,,Bored,Bored,Safari
2797,,Void Black,Golden Brown,Vietnam Jacket,Bored Cigarette,Neonborg,Crimson Hat
2798,,Void Black,Dark Brown,,Discomfort,Closed,Vietnam Era Helmet
2799,Silver Hoop,Void Black,Golden Brown,Toga,Discomfort,3d,Crimson Hat
2800,,Void Black,Cheetah,Tuxedo Tee,Bored Unshaven Dagger,Sleepy,Glowrift Flipped Brim
2801,,Void Black,Dark Brown,,Bored,Closed,Irish Boho
2802,,Void Black,White,Caveman Pelt,Bored,Chrome,
2803,,Void Black,Dark Brown,Striped Tee,Bored,Sleepy,Party Hat 1
2804,,Void Black,Tan,Black T,Phoneme L,Closed,Fisherman's Hat
2805,,Void Black,Red,Tanktop,Grin,Wide Eyed,
2806,Gold Hoop,Void Black,Golden Brown,Striped Tee,Bored Kazoo,Scumbag,
2807,,Void Black,Pink,Glowrift T Black,Grin Multicolored,Wide Eyed,Horns
2808,,Void Black,Brown,Leather Jacket,Bored Cigarette,Bored,Safari
2809,Gold Stud,Void Black,Phantom,Leather Jacket,Bored,3d,Party Hat 2
2810,Silver Stud,Void Black,Pink,Navy Striped Tee,Bored Unshaven,Closed,Voyager's Hat
2811,,Void Black,Dark Brown,Fossil Tee,Bored Unshaven,Sleepy,
2812,,Void Black,Tan,Smoking Jacket,Bored Unshaven,Bored,Fisherman's Hat
2813,,Void Black,Noise,Biker Vest,Bored Unshaven,Crazy,Horns
2814,,Void Black,Cheetah,Smoking Jacket,Rage,Wide Eyed,Girl's Hair Pink
2815,Silver Stud,Void Black,Pink,,Rage,Bloodshot,Fisherman's Hat
2816,,Void Black,Black,Puffy Vest,Bored,Bored,Bandana Blue
2817,,Void Black,Golden Brown,,Rage,Wide Eyed,Girl's Hair Pink
2818,,Void Black,Pink,,Bored Unshaven,X Eyes,Halo
2819,Gold Stud,Void Black,Cream,,Grin,Sad,Baby's Bonnet
2820,,Void Black,Blue,Prison Jumpsuit,Phoneme Oh,Sleepy,
2821,,Void Black,Pink,Wool Turtleneck,Phoneme Vuh,Bloodshot,Cowboy Hat
2822,,Void Black,White,,Bored Unshaven,Closed,
2823,,Void Black,Black,,Bored Unshaven,Closed,Cowboy Hat
2824,Silver Hoop,Void Black,Black,Wool Turtleneck,Bored,Coins,Horns
2825,Silver Stud,Void Black,Dark Brown,,Bored Cigarette,Bored,S&m Hat
2826,,Void Black,White,,Grin,Heart,Glowrift Hat Red
2827,,Void Black,Dark Brown,Kings Robe,Jovial,Bored,Sky Captain's Hat
2828,,Void Black,Cream,,Phoneme ooo,Closed,Short Mohawk
2829,,Void Black,Black,,Bored Unshaven Cigarette,Sad,Beanie
2830,,Void Black,Golden Brown,Vietnam Jacket,Bored Bubblegum,Prismatic,Sushi Chef Headband
2831,,Void Black,Blue,,Phoneme Vuh,Coins,Beanie
2832,,Void Black,Pink,Glowrift T Red,Phoneme Wah,Eyepatch,Baby's Bonnet
2833,,Void Black,Red,Lumberjack Shirt,Bored Pipe,Bored,Sky Captain's Hat
2834,Silver Hoop,Void Black,Brown,Fossil Necklace,Bored Cigarette,Phantom,Shadow Hat
2835,Diamond Stud,Void Black,Cheetah,Leather Jacket,Tongue Out,Crazy,
2836,,Void Black,Cream,Leather Jacket,Bored,Bored,Voyager's Hat
2837,,Void Black,Dmt,Smoking Jacket,Phoneme L,Bored,Irish Boho
2838,,Void Black,Dark Brown,Rainbow Suspenders,Phoneme Vuh,Chrome,Vietnam Era Helmet
2839,,Void Black,Tan,Work Vest,Bored Unshaven Party horn,Bloodshot,Bowler
2840,Silver Hoop,Void Black,Dark Brown,Puffy Vest,Phoneme L,Closed,Bowler
2841,,Void Black,Black,Navy Striped Tee,Bored,Bloodshot,Sushi Chef Headband
2842,,Void Black,Brown,Puffy Vest,Grin,Bored,
2843,Gold Hoop,Void Black,Brown,Vietnam Jacket,Rage,Hypnotized,Bunny Ears
2844,,Void Black,Dark Brown,Service,Rage,Sleepy,
2845,,Void Black,Dmt,Vietnam Jacket,Bored Unshaven,Angry,Crimson Hat
2846,Gold Stud,Void Black,Golden Brown,Glowrift T Black,Grin,Coins,Voyager's Hat
2847,,Void Black,Gray,Fossil Necklace,Tongue Out,Sleepy,Safari
2848,Gold Hoop,Void Black,Noise,Vietnam Jacket,Bored Cigarette,Bored,S&m Hat
2849,,Void Black,Black,Fossil Tee,Bored Unshaven,Eyepatch,Cowboy Hat
2850,Silver Stud,Void Black,Cheetah,Hawaiian,Bored Unshaven,Bloodshot,Fisherman's Hat
2851,,Void Black,Dark Brown,Biker Vest,Bored,Bloodshot,Beanie
2852,,Void Black,Dark Brown,Black T,Bored Unshaven,Crazy,Party Hat 2
2853,,Void Black,Tan,Prison Jumpsuit,Bored Pipe,Bored,
2854,,Void Black,Golden Brown,Rainbow Suspenders,Phoneme Oh,Heart,Short Mohawk
2855,,Void Black,Brown,Stunt Jacket,Bored,Coins,
2856,,Void Black,Golden Brown,Sailor Shirt,Bored Unshaven Cigarette,Neonborg,Horns
2857,,Void Black,Black,,Bored,Hypnotized,King's Crown
2858,,Void Black,Tan,Tuxedo Tee,Grin,Crazy,Short Mohawk
2859,,Void Black,Brown,Caveman Pelt,Small Grin,Coins,
2860,,Void Black,Black,Stunt Jacket,Bored Pizza,Sad,Irish Boho
2861,,Void Black,Chromatic,Wool Turtleneck,Bored Unshaven,Bored,Bowler
2862,,Void Black,Brown,Black T,Rage,Closed,Fez
2863,,Void Black,Dmt,Tie Dye,Phoneme L,Bored,Party Hat 1
2864,Silver Hoop,Void Black,Black,,Bored,Heart,
2865,,Void Black,Pink,,Bored Unshaven Kazoo,Scumbag,Shadow Hat
2866,Cross,Void Black,Tan,Toga,Bored Unshaven,Bored,
2867,Silver Stud,Void Black,Dark Brown,,Grin,Heart,
2868,,Void Black,Dmt,Guayabera,Grin,Heart,
2869,,Void Black,Dark Brown,Smoking Jacket,Bored,Chrome,Beanie
2870,,Void Black,Black,Hip Hop,Phoneme Oh,Sad,Shadow Hat
2871,Silver Stud,Void Black,Golden Brown,Smoking Jacket,Phoneme Vuh,Blindfold,
2872,Silver Stud,Void Black,Dark Brown,Smoking Jacket,Rage,Hypnotized,
2873,,Void Black,Golden Brown,Space Suit,Bored Unshaven,Bored,
2874,Silver Hoop,Void Black,Dark Brown,Guayabera,Bored,Angry,Sushi Chef Headband
2875,Silver Stud,Void Black,Cheetah,Stunt Jacket,Bored Unshaven,Bored,
2876,,Void Black,Tan,Service,Bored Unshaven,Bloodshot,
2877,,Void Black,Tan,,Rage,Phantom,Fisherman's Hat
2878,Silver Stud,Void Black,Blue,,Bored Unshaven,Neonborg,
2879,,Void Black,Pink,Fossil Tee,Bored Unshaven,Wide Eyed,Beanie
2880,Gold Stud,Void Black,Phantom,Fossil Necklace,Phoneme Oh,Sleepy,Short Mohawk
2881,,Void Black,Gray,Leather Jacket,Bored Cigarette,Hypnotized,Beanie
2882,,Void Black,Pink,Hip Hop,Small Grin,X Eyes,Bunny Ears
2883,,Void Black,Blue,Stunt Jacket,Bored Unshaven Cigar,Wide Eyed,
2884,,Void Black,Pink,Fossil Necklace,Rage,Bloodshot,
2885,,Void Black,Blue,Pimp Coat,Phoneme Oh,Bloodshot,Cowboy Hat
2886,Silver Hoop,Void Black,Brown,Black T,Bored Pipe,Sad,Beanie
2887,,Void Black,Void Bot,Prison Jumpsuit,Bored,Wide Eyed,Chromatic Captain's Hat
2888,,Void Black,Gray,,Bored,Sunglasses,Girl's Hair Short
2889,,Void Black,Dark Brown,Black T,Bored Cigarette,Phantom,Horns
2890,,Void Black,Black,Sleeveless T,Small Grin,Bored,Voyager's Hat
2891,,Void Black,Void Bot,Glowrift T Red,Jovial,Bored,
2892,Silver Stud,Void Black,Blue,,Bored Unshaven,Sunglasses,Short Mohawk
2893,,Void Black,Gray,Service,Dumbfounded,Sad,
2894,,Void Black,Brown,Vietnam Jacket,Bored,Phantom,
2895,,Void Black,Brown,Tuxedo Tee,Phoneme Vuh,Sleepy,
2896,,Void Black,Pink,Vietnam Jacket,Rage,Wide Eyed,King's Crown
2897,,Void Black,Gray,,Grin Gold Grill,Closed,
2898,,Void Black,Brown,Sleeveless T,Phoneme L,3d,
2899,,Void Black,Cream,Toga,Grin,Sleepy,Shadow Hat
2900,,Void Black,Golden Brown,Lab Coat,Bored,Bored,Party Hat 1
2901,,Void Black,Tan,Puffy Vest,Bored Cigarette,Closed,Horns
2902,,Void Black,Cheetah,Sailor Shirt,Grin,Sunglasses,King's Crown
2903,,Void Black,Phantom,Void Rift T,Grin,Wide Eyed,Party Hat 1
2904,Silver Stud,Void Black,Brown,Toga,Dumbfounded,Crazy,Shadow Hat
2905,,Void Black,Brown,Service,Bored Cigarette,Eyepatch,
2906,,Void Black,Chrome,Hawaiian,Bored Unshaven,Sleepy,Prussian Helmet
2907,,Void Black,Dark Brown,Rainbow Suspenders,Bored Unshaven,Bored,S&m Hat
2908,,Void Black,Black,Navy Striped Tee,Jovial,Crazy,
2909,,Void Black,Chrome,,Bored,Sleepy,
2910,,Void Black,Brown,,Bored,Heart,
2911,,Void Black,Dark Brown,Glowrift T Black,Grin,Phantom,Horns
2912,Silver Stud,Void Black,Cream,Puffy Vest,Bored,Chrome,Glowrift Flipped Brim
2913,,Void Black,White,,Bored Unshaven,Crazy,Shadow Hat
2914,,Void Black,Black,,Phoneme L,3d,Fez
2915,,Void Black,Red,Tuxedo Tee,Jovial,Bored,
2916,Gold Hoop,Void Black,Gray,Glowrift T Red,Bored Cigarette,Heart,Fisherman's Hat
2917,Silver Hoop,Void Black,Black,Sailor Shirt,Bored Unshaven Pipe,Closed,Halo
2918,Gold Stud,Void Black,Noise,,Small Grin,Crazy,Beanie
2919,,Void Black,Tan,Bandolier,Phoneme Vuh,3d,Cowboy Hat
2920,Diamond Stud,Void Black,White,Hip Hop,Grin,Closed,Voyager's Hat
2921,,Void Black,Golden Brown,,Bored Bubblegum,Closed,Prussian Helmet
2922,,Void Black,Brown,,Dumbfounded,Closed,
2923,Silver Stud,Void Black,Brown,Leather Spectrum Jacket,Discomfort,Sad,Beanie
2924,,Void Black,Phantom,Tie Dye,Bored Unshaven,Bored,Horns
2925,,Void Black,Phantom,Tanktop,Bored Unshaven,Crazy,Crimson Hat
2926,,Void Black,Red,Glowrift T Black,Bored,3d,
2927,Gold Hoop,Void Black,Gray,Biker Vest,Bored Unshaven Cigarette,Wide Eyed,
2928,,Void Black,Phantom,Fossil Tee,Bored,Bloodshot,Horns
2929,,Void Black,Golden Brown,Leather Spectrum Jacket,Phoneme ooo,Bloodshot,Voyager's Hat
2930,,Void Black,White,,Bored,Heart,Sushi Chef Headband
2931,,Void Black,Black,Striped Tee,Small Grin,Closed,Beanie
2932,,Void Black,White,Biker Vest,Bored Cigarette,Wide Eyed,S&m Hat
2933,Silver Hoop,Void Black,Cream,Vietnam Jacket,Rage,Sad,Crimson Hat
2934,Gold Stud,Void Black,Brown,,Bored,Sunglasses,Short Mohawk
2935,Silver Stud,Void Black,Black,Rainbow Suspenders,Bored,Bloodshot,
2936,Gold Hoop,Void Black,Red,,Grin,3d,Bunny Ears
2937,,Void Black,Tan,,Bored,Bored,Stuntman Helmet
2938,Silver Hoop,Void Black,Cheetah,Sleeveless T,Grin Diamond Grill,Phantom,Fisherman's Hat
2939,,Void Black,White,,Jovial,Prismatic,
2940,,Void Black,Cheetah,Lab Coat,Bored Unshaven Bubblegum,Eyepatch,Irish Boho
2941,,Void Black,Dark Brown,Glowrift T Red,Bored Cigar,X Eyes,Stuntman Helmet
2942,,Void Black,Noise,Navy Striped Tee,Bored,Phantom,Horns
2943,,Void Black,Black,Rainbow Suspenders,Grin,Angry,Bowler
2944,,Void Black,Blue,Tie Dye,Rage,Sleepy,Sky Captain's Hat
2945,,Void Black,Void Bot,Kings Robe,Rage,Crazy,Crimson Hat
2946,Gold Stud,Void Black,Golden Brown,Lab Coat,Bored Unshaven Bubblegum,Eyepatch,Cowboy Hat
2947,,Void Black,Black,Fossil Tee,Bored,Sad,Cowboy Hat
2948,,Void Black,Chrome,Blue Dress,Bored Unshaven,Eyepatch,Vietnam Era Helmet
2949,,Void Black,Black,Puffy Vest,Bored,Sad,Halo
2950,,Void Black,Brown,,Jovial,Bored,Faux Hawk
2951,Silver Stud,Void Black,Pink,,Rage,Closed,Halo
2952,,Void Black,Void Bot,Tuxedo Tee,Jovial,Angry,Halo
2953,,Void Black,Dark Brown,Bandolier,Bored Unshaven Cigarette,Bored,Fisherman's Hat
2954,,Void Black,Dark Brown,Tuxedo Tee,Grin,Sleepy,Fisherman's Hat
2955,Silver Stud,Void Black,Black,,Bored Unshaven Cigarette,Blindfold,Stuntman Helmet
2956,Silver Hoop,Void Black,White,Sleeveless Logo T,Bored,Bloodshot,Bowler
2957,,Void Black,Void Bot,Blue Dress,Grin,Hypnotized,S&m Hat
2958,Silver Hoop,Void Black,Cheetah,,Bored,Bloodshot,
2959,Silver Stud,Void Black,Chrome,Tweed Suit,Phoneme L,Bloodshot,
2960,,Void Black,Tan,,Phoneme Oh,Prismatic,Cowboy Hat
2961,,Void Black,Tan,Stunt Jacket,Bored,Bored,
2962,,Void Black,Cream,,Phoneme Oh,Phantom,Fisherman's Hat
2963,,Void Black,Chrome,Sleeveless T,Small Grin,Wide Eyed,Bowler
2964,Gold Hoop,Void Black,Cream,Black T,Rage,X Eyes,Fisherman's Hat
2965,Diamond Stud,Void Black,Dark Brown,Sleeveless T,Bored Bubblegum,3d,Girl's Hair Short
2966,Silver Stud,Void Black,Gray,Sleeveless Logo T,Bored Cigar,Bored,
2967,Gold Hoop,Void Black,Dark Brown,,Bored Unshaven Party horn,Coins,Vietnam Era Helmet
2968,,Void Black,Dark Brown,Glowrift T Black,Bored Cigarette,Wide Eyed,Party Hat 1
2969,,Void Black,Brown,,Grin Multicolored,Chrome,Sky Captain's Hat
2970,,Void Black,Brown,Blue Dress,Bored Unshaven,Sleepy,
2971,,Void Black,Blue,Vietnam Jacket,Bored Unshaven Kazoo,Bored,
2972,,Void Black,Dark Brown,Vietnam Jacket,Bored Cigar,Hypnotized,Cowboy Hat
2973,Gold Hoop,Void Black,Golden Brown,,Bored Cigarette,Hypnotized,
2974,,Void Black,Pink,Lumberjack Shirt,Bored,X Eyes,Girl's Hair Short
2975,,Void Black,White,,Bored,Sleepy,Glowrift Hat Red
2976,Diamond Stud,Void Black,Red,Black T,Bored Unshaven,Closed,Fisherman's Hat
2977,,Void Black,Gray,Prison Jumpsuit,Grin,Sleepy,
2978,,Void Black,Brown,Biker Vest,Bored,Bored,
2979,,Void Black,White,Caveman Pelt,Bored,Closed,Voyager's Hat
2980,Silver Hoop,Void Black,Red,Sleeveless Logo T,Bored Unshaven Dagger,Sunglasses,Shadow Hat
2981,,Void Black,Black,Glowrift T Black,Grin,Heart,Girl's Hair Short
2982,,Void Black,Brown,Caveman Pelt,Bored Bubblegum,X Eyes,
2983,,Void Black,Red,Sailor Shirt,Bored,Sad,Stuntman Helmet
2984,,Void Black,Phantom,Hawaiian,Bored Unshaven,Heart,
2985,,Void Black,Brown,Hip Hop,Grin,Sad,
2986,Cross,Void Black,Chrome,Kings Robe,Bored,Bored,Party Hat 2
2987,,Void Black,Gray,Vietnam Jacket,Grin,Prismatic,Sushi Chef Headband
2988,,Void Black,Pink,Stunt Jacket,Bored,Scumbag,Prussian Helmet
2989,Gold Hoop,Void Black,Pink,Wool Turtleneck,Bored Cigarette,Crazy,
2990,Cross,Void Black,Chrome,Striped Tee,Phoneme Oh,Bored,Bunny Ears
2991,Silver Stud,Void Black,Blue,Caveman Pelt,Bored Cigarette,Bored,Glowrift Flipped Brim
2992,,Void Black,Dark Brown,Vietnam Jacket,Bored Cigarette,Sleepy,
2993,,Void Black,Dark Brown,,Bored,Heart,Glowrift Flipped Brim
2994,Gold Hoop,Void Black,Brown,,Dumbfounded,Laser Eyes,Irish Boho
2995,,Void Black,Tan,,Bored,Wide Eyed,
2996,,Void Black,Cheetah,Vietnam Jacket,Bored,Wide Eyed,Laurel Wreath
2997,,Void Black,Dark Brown,,Phoneme Vuh,Bored,Laurel Wreath
2998,,Void Black,Void Bot,Prison Jumpsuit,Bored Unshaven,Bored,Shadow Hat
2999,,Void Black,Golden Brown,Sailor Shirt,Bored,Closed,Stuntman Helmet
3000,Silver Hoop,Void Black,Tan,Black T,Grin,3d,Fisherman's Hat
3001,,Void Black,Dark Brown,Black T,Bored Unshaven,Sad,
3002,,Void Black,Black,Hawaiian,Dumbfounded,Angry,Bunny Ears
3003,,Void Black,Cream,Sleeveless Logo T,Bored,Bloodshot,S&m Hat
3004,,Void Black,Brown,,Bored,Closed,Short Mohawk
3005,Gold Stud,Void Black,Pink,Leather Jacket,Phoneme Vuh,Closed,Bandana Blue
3006,,Void Black,Chrome,Glowrift T Black,Bored Unshaven Cigar,Bloodshot,Horns
3007,,Void Black,Golden Brown,Lumberjack Shirt,Bored Cigar,Closed,Irish Boho
3008,Gold Hoop,Void Black,Pink,Tanktop,Bored Unshaven,Crazy,Fez
3009,Diamond Stud,Void Black,Phantom,Leather Jacket,Grin Diamond Grill,Phantom,Irish Boho
3010,,Void Black,Dmt,,Dumbfounded,Coins,Girl's Hair Short
3011,,Void Black,Brown,Rainbow Suspenders,Grin,Bloodshot,Beanie
3012,,Void Black,Black,Hawaiian,Phoneme Wah,Coins,Glowrift Hat Black
3013,,Void Black,Black,Puffy Vest,Bored,Sleepy,Horns
3014,Silver Hoop,Void Black,Dark Brown,,Bored,Bloodshot,Glowrift Hat Red
3015,,Void Black,White,Navy Striped Tee,Bored,Wide Eyed,Short Mohawk
3016,,Void Black,Tan,Glowrift T Black,Tongue Out,Bloodshot,
3017,,Void Black,Cream,Tweed Suit,Bored Unshaven Bubblegum,Sleepy,Girl's Hair Pink
3018,,Void Black,Dark Brown,,Bored Unshaven,Eyepatch,King's Crown
3019,Gold Hoop,Void Black,Golden Brown,Sleeveless T,Bored,Heart,
3020,,Void Black,Red,,Bored Unshaven,Sleepy,Fez
3021,,Void Black,White,Sleeveless T,Phoneme Vuh,Bored,Shadow Hat
3022,,Void Black,White,Guayabera,Grin Diamond Grill,Heart,Fisherman's Hat
3023,,Void Black,Gray,Sleeveless T,Bored,Bored,Stuntman Helmet
3024,,Void Black,Black,Wool Turtleneck,Bored Unshaven,Bored,Stuntman Helmet
3025,,Void Black,Golden Brown,Sleeveless T,Discomfort,Blindfold,Shadow Hat
3026,,Void Black,Dmt,Lumberjack Shirt,Dumbfounded,Bored,Voyager's Hat
3027,,Void Black,Cream,,Small Grin,Wide Eyed,Stuntman Helmet
3028,,Void Black,Dark Brown,Prison Jumpsuit,Discomfort,Wide Eyed,Halo
3029,,Void Black,Brown,Sleeveless T,Grin,Wide Eyed,Party Hat 1
3030,,Void Black,Golden Brown,Leather Jacket,Phoneme ooo,Closed,Cowboy Hat
3031,,Void Black,Black,Tuxedo Tee,Bored,Sleepy,Shadow Hat
3032,,Void Black,Tan,Blue Dress,Tongue Out,Phantom,Fez
3033,,Void Black,Cheetah,Navy Striped Tee,Bored Cigarette,Sunglasses,Fisherman's Hat
3034,Silver Stud,Void Black,Dark Brown,Leather Jacket,Bored,Crazy,Beanie
3035,,Void Black,Black,,Rage,Bored,Glowrift Flipped Brim
3036,Silver Hoop,Void Black,Blue,Tanktop,Bored Unshaven,3d,Short Mohawk
3037,,Void Black,Dark Brown,,Bored,Heart,Crimson Hat
3038,,Void Black,Dmt,Glowrift T Black,Phoneme Oh,3d,
3039,Diamond Stud,Void Black,Dark Brown,,Bored Unshaven,Prismatic,
3040,,Void Black,Brown,Guayabera,Small Grin,Crazy,
3041,,Void Black,Dark Brown,Toga,Bored Unshaven,Crazy,
3042,Silver Hoop,Void Black,White,Biker Vest,Grin,Crazy,Laurel Wreath
3043,Diamond Stud,Void Black,Dark Brown,Cowboy Shirt,Phoneme ooo,Bored,Fisherman's Hat
3044,Gold Hoop,Void Black,Tan,Tanktop,Phoneme ooo,Sad,Fez
3045,,Void Black,Dark Brown,,Dumbfounded,Phantom,Fez
3046,,Void Black,Golden Brown,,Bored Unshaven Pizza,Chrome,Crimson Hat
3047,Gold Stud,Void Black,Black,Bandolier,Bored,Bored,Crimson Hat
3048,Silver Hoop,Void Black,Dark Brown,Sailor Shirt,Phoneme ooo,Bored,Chromatic Captain's Hat
3049,Silver Stud,Void Black,Gray,Glowrift T Black,Bored Cigarette,Blindfold,King's Crown
3050,Gold Stud,Void Black,Gray,Toga,Bored Unshaven,3d,Fez
3051,Silver Hoop,Void Black,Cheetah,,Bored,Crazy,
3052,Gold Stud,Void Black,Brown,Black T,Bored,Scumbag,
3053,,Void Black,Dark Brown,Biker Vest,Bored Unshaven,Chrome,Glowrift Flipped Brim
3054,,Void Black,Pink,Glowrift T Red,Dumbfounded,Wide Eyed,
3055,Silver Hoop,Void Black,Tan,Toga,Bored,Crazy,Shadow Hat
3056,,Void Black,Phantom,Rainbow Suspenders,Bored,Bored,
3057,,Void Black,Brown,Leather Jacket,Bored Pipe,Bored,Beanie
3058,,Void Black,Chrome,Hawaiian,Discomfort,X Eyes,Fez
3059,,Void Black,Dark Brown,Stunt Jacket,Grin,Bored,Short Mohawk
3060,Silver Stud,Void Black,Red,Navy Striped Tee,Grin,3d,Sushi Chef Headband
3061,Silver Stud,Void Black,Pink,Bandolier,Bored,Sad,
3062,,Void Black,Blue,Prison Jumpsuit,Bored,Blue Beams,
3063,,Void Black,Golden Brown,Service,Grin,Wide Eyed,
3064,,Void Black,Dark Brown,Sleeveless T,Bored Unshaven Cigar,Sad,Chromatic Captain's Hat
3065,Gold Hoop,Void Black,Black,,Bored,Eyepatch,Sky Captain's Hat
3066,,Void Black,Cheetah,Striped Tee,Bored,Phantom,Cowboy Hat
3067,,Void Black,Red,,Bored,Blindfold,Vietnam Era Helmet
3068,,Void Black,Blue,,Jovial,Sad,
3069,,Void Black,Black,Lumberjack Shirt,Dumbfounded,Closed,Glowrift Hat Black
3070,,Void Black,Phantom,Service,Phoneme ooo,Angry,
3071,Silver Stud,Void Black,Black,Work Vest,Bored,Blindfold,Bunny Ears
3072,,Void Black,Radiant Gold,Striped Tee,Bored,Bored,Beanie
3073,Diamond Stud,Void Black,Dark Brown,Hawaiian,Bored,Heart,Beanie
3074,Gold Hoop,Void Black,Dark Brown,Sleeveless T,Bored Unshaven,Closed,
3075,,Void Black,Tan,Leather Spectrum Jacket,Bored,Closed,Safari
3076,,Void Black,Dark Brown,Puffy Vest,Bored Unshaven,Bored,Party Hat 1
3077,,Void Black,Black,Lumberjack Shirt,Bored Unshaven,Bored,Glowrift Hat Black
3078,Gold Hoop,Void Black,Black,Prison Jumpsuit,Jovial,3d,
3079,,Void Black,Dark Brown,Work Vest,Bored,Scumbag,
3080,,Void Black,Cream,Wool Turtleneck,Phoneme ooo,Scumbag,Fez
3081,Silver Hoop,Void Black,Tan,Prom Dress,Bored,Coins,
3082,,Void Black,Brown,Striped Tee,Bored,Bored,Faux Hawk
3083,,Void Black,Pink,Service,Grin,Crazy,
3084,,Void Black,Cream,Puffy Vest,Dumbfounded,Coins,Sky Captain's Hat
3085,,Void Black,Brown,Stunt Jacket,Bored,Sad,Bowler
3086,,Void Black,Cream,,Discomfort,Phantom,Glowrift Flipped Brim
3087,,Void Black,Tan,Glowrift T Red,Bored,Sad,Halo
3088,,Void Black,Blue,Void Rift T,Grin,Closed,Horns
3089,,Void Black,Void Bot,Hawaiian,Phoneme ooo,Chrome,Cowboy Hat
3090,,Void Black,White,Service,Bored,Phantom,
3091,,Void Black,Gray,Hawaiian,Bored Kazoo,Sunglasses,Shadow Hat
3092,,Void Black,Dark Brown,Toga,Bored Unshaven Cigarette,Sad,Cowboy Hat
3093,,Void Black,Cream,,Grin,Crazy,Shadow Hat
3094,,Void Black,Cream,Void Rift T,Bored Unshaven,Chrome,S&m Hat
3095,,Void Black,Brown,Work Vest,Small Grin,Sad,Voyager's Hat
3096,,Void Black,Golden Brown,Prison Jumpsuit,Bored,Sunglasses,S&m Hat
3097,,Void Black,Black,,Phoneme Oh,Eyepatch,Glowrift Hat Black
3098,,Void Black,Brown,Tuxedo Tee,Grin,Closed,Prussian Helmet
3099,,Void Black,Dark Brown,Smoking Jacket,Small Grin,Phantom,
3100,Silver Hoop,Void Black,Brown,Sailor Shirt,Jovial,Bored,Laurel Wreath
3101,,Void Black,Dark Brown,Hawaiian,Phoneme Oh,Chrome,Short Mohawk
3102,,Void Black,Tan,Prison Jumpsuit,Phoneme Vuh,Crazy,
3103,,Void Black,Golden Brown,Wool Turtleneck,Bored Unshaven Pipe,Neonborg,Voyager's Hat
3104,,Void Black,Blue,Navy Striped Tee,Bored Unshaven,Wide Eyed,
3105,,Void Black,Radiant Gold,Bandolier,Bored,Closed,Laurel Wreath
3106,Gold Hoop,Void Black,Dmt,Glowrift T Black,Bored,Heart,Crimson Hat
3107,,Void Black,Blue,Cowboy Shirt,Grin Multicolored,Bored,
3108,,Void Black,Cheetah,Sailor Shirt,Bored Unshaven Kazoo,Scumbag,Stuntman Helmet
3109,Silver Stud,Void Black,Pink,Fossil Necklace,Phoneme Vuh,Bored,
3110,,Void Black,Dark Brown,Sleeveless Logo T,Bored,Bored,Beanie
3111,Diamond Stud,Void Black,Blue,Prison Jumpsuit,Rage,Sad,Crimson Hat
3112,Silver Hoop,Void Black,Dark Brown,,Bored Unshaven,Bored,
3113,,Void Black,Tan,,Grin,Crazy,
3114,,Void Black,Black,Striped Tee,Bored,Angry,Glowrift Hat Red
3115,,Void Black,Cheetah,,Bored Unshaven Cigarette,Closed,Irish Boho
3116,,Void Black,Brown,Navy Striped Tee,Bored Unshaven,Closed,Party Hat 2
3117,,Void Black,Brown,Prom Dress,Bored Unshaven,Sad,
3118,Gold Stud,Void Black,Black,Space Suit,Bored Unshaven,Bloodshot,
3119,,Void Black,Gray,Prison Jumpsuit,Bored,Laser Eyes,Prussian Helmet
3120,,Void Black,White,Fossil Tee,Jovial,Angry,Sushi Chef Headband
3121,,Void Black,Dark Brown,Prison Jumpsuit,Phoneme ooo,Coins,Horns
3122,Gold Stud,Void Black,Noise,Fossil Tee,Bored Unshaven,Closed,Fisherman's Hat
3123,,Void Black,Dark Brown,Black T,Bored Unshaven Cigar,Sad,Spinner Hat
3124,,Void Black,Blue,Stunt Jacket,Discomfort,Bored,Fisherman's Hat
3125,,Void Black,Black,Prom Dress,Bored,Sad,Shadow Hat
3126,,Void Black,Gray,,Bored Cigarette,Closed,
3127,,Void Black,Noise,Leather Spectrum Jacket,Bored Unshaven Cigarette,Blindfold,Shadow Hat
3128,Gold Stud,Void Black,Brown,Lumberjack Shirt,Phoneme Oh,Bloodshot,Crimson Hat
3129,,Void Black,Golden Brown,Striped Tee,Bored Unshaven,Bored,Sky Captain's Hat
3130,Silver Stud,Void Black,Gray,Sleeveless T,Jovial,Bloodshot,Bowler
3131,,Void Black,Dark Brown,,Bored Unshaven,Sleepy,
3132,,Void Black,Pink,,Grin,Sad,
3133,,Void Black,Red,Wool Turtleneck,Bored,Sunglasses,
3134,Silver Stud,Void Black,White,Striped Tee,Bored Cigarette,Bloodshot,Vietnam Era Helmet
3135,Silver Hoop,Void Black,Pink,,Jovial,Phantom,
3136,,Void Black,Brown,,Bored Cigarette,Bored,Ww2 Pilot Helm
3137,,Void Black,Golden Brown,Guayabera,Small Grin,Phantom,Girl's Hair Pink
3138,,Void Black,Brown,Glowrift T Black,Bored,Angry,
3139,,Void Black,Brown,,Phoneme Vuh,Sad,Sushi Chef Headband
3140,,Void Black,Pink,Glowrift T Black,Grin,Bloodshot,Short Mohawk
3141,,Void Black,Red,Navy Striped Tee,Bored Unshaven,Crazy,Short Mohawk
3142,,Void Black,Dark Brown,,Dumbfounded,Bored,Faux Hawk
3143,,Void Black,Black,,Bored,3d,Halo
3144,,Void Black,Cream,,Bored Unshaven,Bored,
3145,,Void Black,Cream,Leather Jacket,Bored Cigarette,Closed,Beanie
3146,,Void Black,Void Bot,Void Rift T,Bored Pipe,Sleepy,Glowrift Flipped Brim
3147,,Void Black,Tan,Rainbow Suspenders,Rage,Crazy,Girl's Hair Pink
3148,Silver Stud,Void Black,Tan,,Bored,Chrome,Vietnam Era Helmet
3149,Gold Stud,Void Black,Brown,Striped Tee,Bored Bubblegum,Blue Beams,
3150,Silver Hoop,Void Black,Dark Brown,Stunt Jacket,Phoneme ooo,Prismatic,Horns
3151,,Void Black,Black,Work Vest,Phoneme Oh,Bored,Irish Boho
3152,,Void Black,Dmt,,Bored Unshaven,Bloodshot,King's Crown
3153,Diamond Stud,Void Black,Blue,,Bored Cigar,Sad,
3154,,Void Black,Golden Brown,Bandolier,Bored,Bored,Faux Hawk
3155,,Void Black,Blue,Striped Tee,Rage,Sunglasses,Beanie
3156,,Void Black,Brown,,Bored Cigarette,Angry,Vietnam Era Helmet
3157,,Void Black,Dark Brown,Tweed Suit,Bored Unshaven,Coins,Chromatic Captain's Hat
3158,,Void Black,Black,Rainbow Suspenders,Bored Unshaven,Chrome,Short Mohawk
3159,,Void Black,Golden Brown,,Bored Pizza,Eyepatch,Glowrift Hat Red
3160,,Void Black,Blue,,Tongue Out,Chrome,
3161,Gold Hoop,Void Black,Dark Brown,Striped Tee,Bored Pipe,Closed,Girl's Hair Short
3162,,Void Black,Brown,,Bored Unshaven,Sad,
3163,,Void Black,Brown,Fossil Necklace,Bored,Chrome,Prussian Helmet
3164,,Void Black,Pink,Lab Coat,Bored,Closed,Party Hat 2
3165,Gold Stud,Void Black,Brown,Rainbow Suspenders,Phoneme Wah,Bloodshot,Beanie
3166,,Void Black,Brown,Fossil Tee,Bored Bubblegum,Phantom,Laurel Wreath
3167,Silver Hoop,Void Black,Brown,Guayabera,Bored Cigarette,Coins,Vietnam Era Helmet
3168,Silver Stud,Void Black,Black,,Bored Unshaven Cigar,Bored,S&m Hat
3169,Silver Hoop,Void Black,Dark Brown,Tanktop,Discomfort,Chrome,Stuntman Helmet
3170,,Void Black,Black,Lumberjack Shirt,Bored Unshaven Cigarette,Eyepatch,
3171,,Void Black,Brown,,Bored Pipe,Sunglasses,Short Mohawk
3172,Silver Stud,Void Black,Dark Brown,Wool Turtleneck,Discomfort,Sleepy,Baby's Bonnet
3173,,Void Black,Gray,,Bored,Bloodshot,
3174,,Void Black,Tan,Biker Vest,Grin Gold Grill,Bored,Party Hat 2
3175,,Void Black,Tan,Leather Spectrum Jacket,Phoneme ooo,3d,Bunny Ears
3176,,Void Black,Tan,,Dumbfounded,Closed,Vietnam Era Helmet
3177,,Void Black,White,Tuxedo Tee,Phoneme Oh,Closed,Cowboy Hat
3178,,Void Black,Dark Brown,Lab Coat,Bored Dagger,Sunglasses,Glowrift Flipped Brim
3179,,Void Black,Cheetah,Glowrift T Red,Bored Unshaven Cigarette,Sad,Glowrift Hat Black
3180,,Void Black,Brown,Bandolier,Bored Unshaven,Prismatic,Glowrift Hat Red
3181,,Void Black,White,Wool Turtleneck,Grin Multicolored,Bored,
3182,,Void Black,Tan,Striped Tee,Bored Cigarette,Bloodshot,Shadow Hat
3183,,Void Black,Gray,,Bored Pipe,X Eyes,Irish Boho
3184,Silver Hoop,Void Black,Dark Brown,Blue Dress,Grin,Sunglasses,King's Crown
3185,Gold Stud,Void Black,Tan,Toga,Grin,Wide Eyed,Voyager's Hat
3186,,Void Black,Phantom,Tuxedo Tee,Bored,Sad,Halo
3187,Silver Stud,Void Black,Black,Space Suit,Dumbfounded,Closed,Cowboy Hat
3188,,Void Black,Dark Brown,Toga,Jovial,Sleepy,Crimson Hat
3189,,Void Black,Chrome,,Bored Cigar,Sleepy,Sky Captain's Hat
3190,Silver Stud,Void Black,Chrome,Biker Vest,Small Grin,Coins,Horns
3191,,Void Black,Black,Guayabera,Dumbfounded,X Eyes,Girl's Hair Short
3192,,Void Black,Brown,Tanktop,Grin Diamond Grill,Closed,Fisherman's Hat
3193,,Void Black,Blue,Toga,Bored Unshaven,Bored,Beanie
3194,,Void Black,Pink,Stunt Jacket,Bored,Heart,Safari
3195,,Void Black,Blue,Tuxedo Tee,Dumbfounded,Heart,Irish Boho
3196,,Void Black,Dark Brown,Prom Dress,Phoneme Vuh,Bloodshot,Vietnam Era Helmet
3197,Gold Hoop,Void Black,Tan,Striped Tee,Bored Unshaven Bubblegum,Bloodshot,Crimson Hat
3198,,Void Black,Cream,Cowboy Shirt,Bored,Bored,Beanie
3199,Gold Hoop,Void Black,Blue,Navy Striped Tee,Phoneme Vuh,Bloodshot,Glowrift Hat Red
3200,,Void Black,Blue,Sailor Shirt,Grin,Bloodshot,
3201,Silver Hoop,Void Black,Tan,Tuxedo Tee,Phoneme ooo,Neonborg,Voyager's Hat
3202,,Void Black,Red,Bandolier,Bored Unshaven Kazoo,Closed,Vietnam Era Helmet
3203,,Void Black,Golden Brown,Void Rift T,Phoneme L,Eyepatch,Bowler
3204,,Void Black,Brown,Rainbow Suspenders,Bored,Coins,Cowboy Hat
3205,Silver Stud,Void Black,Black,Fossil Tee,Tongue Out,Bloodshot,Girl's Hair Short
3206,Silver Hoop,Void Black,Golden Brown,Black T,Grin,Hypnotized,
3207,,Void Black,Dark Brown,Glowrift T Black,Bored,Eyepatch,Bandana Blue
3208,,Void Black,Black,Sleeveless T,Grin,Coins,Fisherman's Hat
3209,Silver Stud,Void Black,Golden Brown,Void Rift T,Grin,Angry,Fisherman's Hat
3210,,Void Black,Cream,,Rage,Sleepy,Fez
3211,Silver Stud,Void Black,Gray,Bandolier,Bored Cigarette,Bored,Glowrift Hat Red
3212,,Void Black,Brown,,Phoneme Wah,3d,Safari
3213,Gold Hoop,Void Black,Red,Lumberjack Shirt,Bored Unshaven Cigarette,3d,S&m Hat
3214,,Void Black,Dark Brown,Stunt Jacket,Discomfort,Phantom,Sky Captain's Hat
3215,,Void Black,Golden Brown,Sleeveless Logo T,Jovial,Eyepatch,
3216,,Void Black,Phantom,,Rage,Closed,Bunny Ears
3217,,Void Black,Golden Brown,Bandolier,Bored Unshaven,Bored,Irish Boho
3218,,Void Black,Dark Brown,Vietnam Jacket,Bored Kazoo,Sleepy,
3219,Silver Stud,Void Black,Cheetah,Work Vest,Bored Unshaven Cigar,3d,Fez
3220,,Void Black,Brown,,Phoneme ooo,Chrome,Party Hat 1
3221,,Void Black,Golden Brown,,Bored,Blindfold,
3222,,Void Black,Void Bot,Bandolier,Bored,Coins,Fisherman's Hat
3223,Silver Stud,Void Black,Chrome,Tweed Suit,Bored,Sleepy,Horns
3224,,Void Black,Black,Void Rift T,Bored Cigarette,Eyepatch,Laurel Wreath
3225,,Void Black,Dark Brown,Black T,Dumbfounded,Angry,Short Mohawk
3226,,Void Black,Gray,Biker Vest,Jovial,Eyepatch,Shadow Hat
3227,Silver Stud,Void Black,Brown,,Tongue Out,Wide Eyed,Sushi Chef Headband
3228,Silver Stud,Void Black,Cream,Wool Turtleneck,Bored Cigarette,Chrome,Prussian Helmet
3229,,Void Black,Tan,Lab Coat,Discomfort,Bored,
3230,Silver Stud,Void Black,Red,,Bored Unshaven Cigarette,Heart,Beanie
3231,Silver Stud,Void Black,Tan,Striped Tee,Grin Multicolored,Sleepy,Glowrift Hat Red
3232,,Void Black,Dark Brown,,Bored,Sad,Glowrift Flipped Brim
3233,,Void Black,Brown,Black T,Grin,Bored,Halo
3234,Gold Stud,Void Black,Brown,Leather Spectrum Jacket,Grin,Bloodshot,Bowler
3235,,Void Black,Tan,,Rage,Prismatic,
3236,Silver Stud,Void Black,Tan,Pimp Coat,Bored,Bloodshot,
3237,,Void Black,Pink,Biker Vest,Phoneme Oh,Angry,Party Hat 1
3238,Gold Stud,Void Black,Dark Brown,Sailor Shirt,Discomfort,Closed,Bowler
3239,,Void Black,Tan,Fossil Necklace,Bored,Crazy,Halo
3240,Silver Stud,Void Black,Gray,Hawaiian,Grin,Bored,Bowler
3241,,Void Black,Golden Brown,Tie Dye,Bored Unshaven Cigar,Sleepy,
3242,,Void Black,Red,,Dumbfounded,Blindfold,Shadow Hat
3243,,Void Black,Brown,Bandolier,Bored Unshaven Bubblegum,Phantom,
3244,Gold Hoop,Void Black,Black,Prom Dress,Phoneme Oh,Sad,Crimson Hat
3245,,Void Black,Red,Sailor Shirt,Jovial,Crazy,Fez
3246,,Void Black,Red,Fossil Necklace,Bored,Phantom,Sky Captain's Hat
3247,,Void Black,Dark Brown,Puffy Vest,Bored,Heart,Fisherman's Hat
3248,,Void Black,Dark Brown,Sailor Shirt,Bored,Blindfold,Glowrift Hat Black
3249,,Void Black,Brown,Sailor Shirt,Bored Cigarette,Blindfold,
3250,,Void Black,Dark Brown,Black T,Bored Unshaven Pipe,Bored,Beanie
3251,Gold Stud,Void Black,Pink,Black T,Bored,Closed,Glowrift Flipped Brim
3252,,Void Black,Golden Brown,Tuxedo Tee,Phoneme Wah,Bloodshot,
3253,Silver Stud,Void Black,Void Bot,,Grin,Bored,Glowrift Hat Black
3254,,Void Black,Pink,Striped Tee,Bored Unshaven Pipe,Blindfold,Fez
3255,,Void Black,Phantom,Service,Bored Pipe,Sleepy,
3256,,Void Black,Cheetah,,Bored Unshaven,Sleepy,Bandana Blue
3257,,Void Black,Dark Brown,Smoking Jacket,Bored,Crazy,
3258,Silver Stud,Void Black,Dark Brown,Striped Tee,Discomfort,Bored,Glowrift Hat Black
3259,,Void Black,Dark Brown,,Bored Unshaven Party horn,Sad,Girl's Hair Pink
3260,Gold Stud,Void Black,Blue,Wool Turtleneck,Phoneme L,Heart,
3261,,Void Black,Black,Tanktop,Bored,Bloodshot,Fisherman's Hat
3262,,Void Black,Cheetah,Black T,Grin,Heart,Glowrift Hat Black
3263,Gold Hoop,Void Black,Dark Brown,Leather Jacket,Grin,Bored,Short Mohawk
3264,,Void Black,Cream,Guayabera,Phoneme Oh,Eyepatch,Voyager's Hat
3265,,Void Black,Dmt,Glowrift T Black,Rage,Sleepy,
3266,,Void Black,Dark Brown,Sleeveless T,Grin Gold Grill,Crazy,S&m Hat
3267,Silver Hoop,Void Black,Pink,,Dumbfounded,Phantom,
3268,,Void Black,Void Bot,Leather Spectrum Jacket,Bored,Angry,Voyager's Hat
3269,Silver Hoop,Void Black,Cream,Lab Coat,Grin,3d,Beanie
3270,,Void Black,Brown,Fossil Necklace,Bored,Phantom,Glowrift Hat Black
3271,Gold Stud,Void Black,Cream,Lumberjack Shirt,Bored,Angry,Safari
3272,,Void Black,Red,Black T,Grin Multicolored,Scumbag,Voyager's Hat
3273,Silver Stud,Void Black,Brown,Lab Coat,Bored,3d,Halo
3274,Silver Hoop,Void Black,Cream,Vietnam Jacket,Phoneme L,Bored,
3275,Silver Stud,Void Black,Chromatic,Pimp Coat,Bored Unshaven,X Eyes,Irish Boho
3276,Silver Stud,Void Black,Dark Brown,Void Rift T,Dumbfounded,3d,Voyager's Hat
3277,,Void Black,Golden Brown,Bandolier,Bored,Blindfold,Fez
3278,,Void Black,Golden Brown,Kings Robe,Bored Unshaven Cigarette,Coins,Glowrift Hat Black
3279,Silver Stud,Void Black,Gray,Prison Jumpsuit,Bored,Bored,Voyager's Hat
3280,,Void Black,Golden Brown,Cowboy Shirt,Grin,Sunglasses,Voyager's Hat
3281,,Void Black,Pink,Sailor Shirt,Small Grin,Sleepy,
3282,Gold Stud,Void Black,Blue,Tie Dye,Bored Unshaven,Sleepy,Cowboy Hat
3283,,Void Black,Brown,Black T,Bored Cigar,Bored,
3284,,Void Black,Cream,Rainbow Suspenders,Bored Unshaven Dagger,Chrome,
3285,,Void Black,Chrome,Striped Tee,Bored,Wide Eyed,Party Hat 1
3286,,Void Black,Cream,Tweed Suit,Bored Unshaven,Heart,Fisherman's Hat
3287,,Void Black,Void Bot,,Grin Gold Grill,Chrome,
3288,,Void Black,Pink,Stunt Jacket,Phoneme Oh,Eyepatch,Spinner Hat
3289,,Void Black,Dark Brown,Fossil Tee,Bored Unshaven Cigar,Eyepatch,Horns
3290,,Void Black,Gray,Hip Hop,Bored,Heart,
3291,,Void Black,Dark Brown,Sailor Shirt,Phoneme Wah,Eyepatch,
3292,,Void Black,Dark Brown,Bandolier,Grin,Closed,Bowler
3293,,Void Black,White,,Bored,Bored,Party Hat 1
3294,,Void Black,Brown,Tweed Suit,Bored,Sad,Irish Boho
3295,Silver Hoop,Void Black,Red,Rainbow Suspenders,Phoneme Vuh,Sleepy,
3296,,Void Black,Cream,Biker Vest,Bored Unshaven,Angry,Glowrift Flipped Brim
3297,Gold Stud,Void Black,Cream,Caveman Pelt,Grin,3d,Glowrift Flipped Brim
3298,,Void Black,Noise,Work Vest,Bored,Sleepy,Beanie
3299,,Void Black,Pink,,Bored,Bored,Irish Boho
3300,Silver Stud,Void Black,Cream,Sleeveless T,Bored Unshaven Cigarette,Heart,
3301,Silver Stud,Void Black,Brown,Black T,Bored Cigarette,Bored,
3302,Gold Hoop,Void Black,Brown,,Bored Cigarette,Sleepy,Short Mohawk
3303,Silver Hoop,Void Black,Gray,Prom Dress,Bored Unshaven,X Eyes,
3304,,Void Black,Brown,Navy Striped Tee,Bored,Phantom,
3305,,Void Black,Dark Brown,Tweed Suit,Dumbfounded,Bored,
3306,,Void Black,Dark Brown,Hawaiian,Bored Unshaven,Bloodshot,Voyager's Hat
3307,Silver Hoop,Void Black,Dmt,Wool Turtleneck,Small Grin,Closed,Halo
3308,,Void Black,Dark Brown,Fossil Tee,Grin Multicolored,Closed,Vietnam Era Helmet
3309,,Void Black,Brown,Navy Striped Tee,Phoneme L,Chrome,Beanie
3310,,Void Black,Tan,Toga,Bored Kazoo,Sad,Beanie
3311,,Void Black,Red,Wool Turtleneck,Rage,Bloodshot,Fez
3312,,Void Black,Noise,Sleeveless Logo T,Bored Unshaven,Crazy,Horns
3313,,Void Black,Black,,Bored Unshaven Cigarette,Bloodshot,Faux Hawk
3314,Silver Stud,Void Black,Black,Fossil Tee,Bored,Bored,Shadow Hat
3315,,Void Black,Black,Black T,Bored Unshaven,Chrome,
3316,,Void Black,Black,Void Rift T,Bored Cigarette,Bored,
3317,,Void Black,Dark Brown,,Bored Pipe,Hypnotized,
3318,Gold Hoop,Void Black,Golden Brown,Tanktop,Bored,Crazy,Shadow Hat
3319,,Void Black,Brown,Black T,Bored,Eyepatch,Cowboy Hat
3320,,Void Black,Chrome,Glowrift T Red,Bored,Bloodshot,Cowboy Hat
3321,Gold Hoop,Void Black,Brown,Guayabera,Grin,Bloodshot,Voyager's Hat
3322,,Void Black,Noise,Tuxedo Tee,Small Grin,Coins,Short Mohawk
3323,,Void Black,Dmt,,Bored Cigarette,Bored,Sky Captain's Hat
3324,Gold Stud,Void Black,Blue,Sailor Shirt,Bored Unshaven Cigar,Sad,Bowler
3325,,Void Black,Black,Wool Turtleneck,Bored Bubblegum,Bored,Shadow Hat
3326,Silver Stud,Void Black,Brown,Black T,Bored Unshaven Party horn,3d,Fez
3327,,Void Black,Black,Hawaiian,Bored Cigarette,Angry,
3328,,Void Black,Black,,Bored Unshaven,Crazy,Shadow Hat
3329,,Void Black,Dark Brown,Navy Striped Tee,Bored,Sleepy,Crimson Hat
3330,,Void Black,Black,Striped Tee,Bored Unshaven Cigarette,Phantom,Girl's Hair Short
3331,Silver Hoop,Void Black,Tan,Sleeveless T,Bored,Sleepy,Voyager's Hat
3332,Silver Hoop,Void Black,Black,,Grin,Chrome,Fisherman's Hat
3333,Silver Stud,Void Black,Gray,,Phoneme ooo,Sleepy,Voyager's Hat
3334,,Void Black,Cream,,Phoneme Vuh,Sad,Short Mohawk
3335,Silver Hoop,Void Black,Chrome,Vietnam Jacket,Grin Multicolored,Bored,Fisherman's Hat
3336,Gold Hoop,Void Black,Black,,Bored Cigarette,3d,Shadow Hat
3337,Silver Hoop,Void Black,Gray,,Bored Unshaven,Phantom,Cowboy Hat
3338,,Void Black,Void Bot,Wool Turtleneck,Bored Unshaven,Bored,Sushi Chef Headband
3339,,Void Black,Blue,Glowrift T Red,Jovial,Coins,Safari
3340,Silver Hoop,Void Black,Dark Brown,Work Vest,Bored Cigarette,Heart,Sky Captain's Hat
3341,,Void Black,Tan,Striped Tee,Bored,Chrome,Faux Hawk
3342,,Void Black,Pink,Sailor Shirt,Bored Unshaven,Sunglasses,Fisherman's Hat
3343,Silver Stud,Void Black,Phantom,Lab Coat,Grin,Closed,Cowboy Hat
3344,,Void Black,Tan,Lumberjack Shirt,Small Grin,Chrome,Cowboy Hat
3345,,Void Black,Black,Black T,Grin,Angry,
3346,,Void Black,Golden Brown,Tweed Suit,Phoneme Oh,Bored,Fisherman's Hat
3347,,Void Black,Cream,Bandolier,Dumbfounded,Closed,
3348,,Void Black,Black,Sleeveless T,Bored,Wide Eyed,
3349,,Void Black,Black,Tie Dye,Bored,Wide Eyed,Shadow Hat
3350,,Void Black,Brown,Navy Striped Tee,Bored Cigarette,Closed,Halo
3351,,Void Black,White,Prom Dress,Phoneme ooo,Sleepy,Glowrift Hat Red
3352,Silver Stud,Void Black,Black,Tie Dye,Bored Unshaven,Bored,
3353,,Void Black,Cheetah,Prison Jumpsuit,Dumbfounded,Eyepatch,Bowler
3354,Gold Stud,Void Black,Blue,,Grin,Eyepatch,Crimson Hat
3355,Diamond Stud,Void Black,Tan,Work Vest,Bored Cigarette,Sad,Fisherman's Hat
3356,,Void Black,White,,Bored Unshaven Cigarette,Scumbag,
3357,,Void Black,Phantom,Rainbow Suspenders,Bored,Blindfold,Cowboy Hat
3358,,Void Black,Dark Brown,Bandolier,Bored Cigar,Sleepy,
3359,,Void Black,White,Lab Coat,Bored Cigar,X Eyes,Halo
3360,,Void Black,Pink,Toga,Rage,Bored,Vietnam Era Helmet
3361,Silver Stud,Void Black,Golden Brown,Fossil Necklace,Bored Unshaven Cigarette,Crazy,Faux Hawk
3362,,Void Black,Dark Brown,Rainbow Suspenders,Bored Cigarette,Sleepy,Party Hat 2
3363,,Void Black,Pink,Smoking Jacket,Bored Unshaven Kazoo,3d,Bowler
3364,Silver Hoop,Void Black,Brown,Tuxedo Tee,Grin Diamond Grill,Bored,Glowrift Hat Black
3365,Silver Hoop,Void Black,Red,Hip Hop,Bored,Sleepy,Stuntman Helmet
3366,Gold Hoop,Void Black,Phantom,,Dumbfounded,Sunglasses,Glowrift Flipped Brim
3367,,Void Black,Golden Brown,Wool Turtleneck,Bored,Wide Eyed,Fez
3368,,Void Black,Red,,Grin,Angry,Irish Boho
3369,,Void Black,Tan,Hip Hop,Bored,Blindfold,
3370,Diamond Stud,Void Black,Cream,Leather Jacket,Bored Unshaven Kazoo,Angry,
3371,,Void Black,Dark Brown,Stunt Jacket,Bored Unshaven,Sad,Voyager's Hat
3372,Silver Hoop,Void Black,Noise,Bandolier,Phoneme Vuh,Sleepy,Bandana Blue
3373,,Void Black,Tan,Void Rift T,Tongue Out,Prismatic,Fez
3374,,Void Black,Chromatic,Sleeveless T,Bored Pizza,Bored,Glowrift Flipped Brim
3375,,Void Black,Golden Brown,Hawaiian,Bored Bubblegum,Sleepy,Beanie
3376,,Void Black,Red,Leather Jacket,Bored,Bored,Party Hat 2
3377,,Void Black,Brown,Leather Jacket,Bored,Coins,Glowrift Hat Black
3378,,Void Black,Noise,Wool Turtleneck,Discomfort,Sad,
3379,,Void Black,Void Bot,Service,Phoneme Wah,Closed,
3380,,Void Black,Blue,Leather Jacket,Phoneme Vuh,Scumbag,Safari
3381,,Void Black,Brown,,Grin,Sleepy,Beanie
3382,Silver Hoop,Void Black,Red,Sleeveless Logo T,Phoneme ooo,Bloodshot,Irish Boho
3383,Silver Stud,Void Black,Tan,,Jovial,Eyepatch,Halo
3384,,Void Black,Golden Brown,Toga,Tongue Out,Closed,S&m Hat
3385,Silver Stud,Void Black,Dark Brown,,Bored,Laser Eyes,Glowrift Flipped Brim
3386,Silver Stud,Void Black,Gray,Prison Jumpsuit,Discomfort,Phantom,S&m Hat
3387,,Void Black,Golden Brown,Leather Jacket,Bored,Prismatic,
3388,,Void Black,Cream,Tweed Suit,Bored Unshaven Cigarette,Wide Eyed,Party Hat 2
3389,,Void Black,Black,Fossil Tee,Phoneme Oh,Sad,
3390,,Void Black,Phantom,,Phoneme L,Coins,Prussian Helmet
3391,Gold Hoop,Void Black,Dark Brown,Striped Tee,Bored Unshaven Cigarette,Bloodshot,
3392,,Void Black,Cream,Toga,Grin,Bloodshot,Sushi Chef Headband
3393,,Void Black,Gray,Tie Dye,Grin Gold Grill,Bloodshot,Safari
3394,,Void Black,Red,Wool Turtleneck,Rage,Bored,Sky Captain's Hat
3395,,Void Black,Black,Prison Jumpsuit,Bored,Eyepatch,Fez
3396,,Void Black,Void Bot,Striped Tee,Grin,Chrome,
3397,,Void Black,Red,Guayabera,Dumbfounded,Bored,
3398,Gold Stud,Void Black,Black,Leather Spectrum Jacket,Bored Unshaven Party horn,Bored,Safari
3399,,Void Black,Gray,Kings Robe,Bored Unshaven,Wide Eyed,Bowler
3400,,Void Black,Brown,Guayabera,Bored Unshaven Party horn,Bloodshot,Irish Boho
3401,,Void Black,Brown,,Bored Pipe,Bloodshot,Sky Captain's Hat
3402,Silver Stud,Void Black,White,Work Vest,Bored,Closed,Voyager's Hat
3403,Silver Stud,Void Black,Golden Brown,Void Rift T,Grin,Coins,
3404,,Void Black,Dark Brown,Tweed Suit,Bored,X Eyes,Bowler
3405,Gold Stud,Void Black,Void Bot,Wool Turtleneck,Bored Bubblegum,Closed,Irish Boho
3406,Silver Stud,Void Black,Gray,Tuxedo Tee,Bored,Closed,Shadow Hat
3407,,Void Black,Golden Brown,Bandolier,Bored Unshaven Cigar,Sad,Voyager's Hat
3408,,Void Black,Tan,Puffy Vest,Bored Unshaven Cigarette,Bored,
3409,Silver Stud,Void Black,Pink,Lab Coat,Bored Unshaven Cigarette,X Eyes,Voyager's Hat
3410,,Void Black,Gray,,Bored Pipe,Scumbag,
3411,,Void Black,Dark Brown,Fossil Tee,Bored Cigarette,Neonborg,Chromatic Captain's Hat
3412,,Void Black,Tan,Striped Tee,Jovial,3d,
3413,,Void Black,Black,Pimp Coat,Bored Cigarette,Wide Eyed,Girl's Hair Short
3414,Silver Hoop,Void Black,Gray,Wool Turtleneck,Jovial,Bored,S&m Hat
3415,,Void Black,Void Bot,,Bored,Sunglasses,
3416,Gold Stud,Void Black,Red,Vietnam Jacket,Dumbfounded,Coins,Party Hat 2
3417,Gold Hoop,Void Black,Gray,Fossil Tee,Dumbfounded,Bored,Girl's Hair Short
3418,,Void Black,Chrome,Lumberjack Shirt,Bored Cigarette,Closed,Bandana Blue
3419,,Void Black,Brown,Striped Tee,Bored,Bored,Voyager's Hat
3420,,Void Black,Black,Black T,Bored Unshaven,Blindfold,Bunny Ears
3421,Gold Stud,Void Black,Brown,,Bored,Coins,Glowrift Flipped Brim
3422,,Void Black,Dark Brown,Prison Jumpsuit,Phoneme Oh,Chrome,Sushi Chef Headband
3423,Silver Hoop,Void Black,Black,,Bored Unshaven,Heart,Vietnam Era Helmet
3424,,Void Black,White,Blue Dress,Phoneme ooo,Sleepy,
3425,,Void Black,Gray,Admirals Coat,Bored Unshaven,Hypnotized,Fez
3426,,Void Black,Red,Hawaiian,Tongue Out,Crazy,Beanie
3427,Gold Hoop,Void Black,Cheetah,Sailor Shirt,Bored Cigar,Coins,Glowrift Flipped Brim
3428,,Void Black,Black,Guayabera,Bored,Eyepatch,Beanie
3429,,Void Black,Brown,Navy Striped Tee,Grin Gold Grill,Sleepy,Glowrift Hat Black
3430,,Void Black,Cream,Blue Dress,Bored,Bored,
3431,,Void Black,Dark Brown,Leather Spectrum Jacket,Bored,Angry,Spinner Hat
3432,,Void Black,Chrome,,Jovial,Closed,
3433,Silver Stud,Void Black,Red,Service,Bored Unshaven Cigarette,Closed,
3434,,Void Black,Brown,Lab Coat,Small Grin,Coins,Crimson Hat
3435,,Void Black,Black,Wool Turtleneck,Discomfort,Bored,King's Crown
3436,Gold Hoop,Void Black,Black,Puffy Vest,Bored,Scumbag,Glowrift Hat Red
3437,,Void Black,Golden Brown,Smoking Jacket,Phoneme L,Bloodshot,Irish Boho
3438,Silver Hoop,Void Black,Black,,Small Grin,Closed,
3439,,Void Black,Radiant Gold,Glowrift T Black,Grin,Phantom,Fez
3440,,Void Black,Dark Brown,Biker Vest,Bored Cigarette,Sunglasses,Vietnam Era Helmet
3441,Silver Hoop,Void Black,Blue,Smoking Jacket,Bored Cigar,Sad,Sky Captain's Hat
3442,Silver Stud,Void Black,Cream,Wool Turtleneck,Phoneme L,3d,Vietnam Era Helmet
3443,,Void Black,Blue,Lab Coat,Bored,Bored,Cowboy Hat
3444,,Void Black,Pink,,Grin,Bloodshot,Voyager's Hat
3445,Gold Stud,Void Black,Dark Brown,Puffy Vest,Dumbfounded,Bored,S&m Hat
3446,Silver Stud,Void Black,Cheetah,Sailor Shirt,Bored Cigarette,Chrome,Party Hat 1
3447,,Void Black,Dmt,Stunt Jacket,Bored,Sleepy,Beanie
3448,Gold Stud,Void Black,Cheetah,Toga,Bored,3d,Baby's Bonnet
3449,,Void Black,Red,,Phoneme L,Bloodshot,Party Hat 1
3450,,Void Black,Dark Brown,Fossil Necklace,Small Grin,Coins,Vietnam Era Helmet
3451,Silver Stud,Void Black,Brown,Hawaiian,Bored Unshaven,Blindfold,
3452,,Void Black,Phantom,Sleeveless T,Bored Unshaven Cigarette,Closed,Patrol Motorcycle Helmet
3453,,Void Black,Cheetah,Lab Coat,Bored Unshaven Pipe,Chrome,Patrol Motorcycle Helmet
3454,Silver Hoop,Void Black,Gray,Stunt Jacket,Bored Unshaven Pipe,Bored,Sushi Chef Headband
3455,,Void Black,White,,Bored Party Horn,Phantom,Fisherman's Hat
3456,,Void Black,Black,Black T,Phoneme Vuh,Scumbag,
3457,,Void Black,White,,Bored Unshaven Cigarette,Angry,Voyager's Hat
3458,,Void Black,Golden Brown,Void Rift T,Bored Unshaven,Heart,Party Hat 2
3459,,Void Black,Cream,Prison Jumpsuit,Phoneme Oh,Phantom,Fez
3460,Silver Hoop,Void Black,Red,Tuxedo Tee,Bored Bubblegum,Bored,Beanie
3461,,Void Black,Brown,Tanktop,Bored Cigarette,Scumbag,
3462,,Void Black,Pink,Tie Dye,Phoneme ooo,Sleepy,Sushi Chef Headband
3463,,Void Black,Cream,,Grin,Crazy,Short Mohawk
3464,,Void Black,Gray,,Bored,Scumbag,Glowrift Flipped Brim
3465,Cross,Void Black,Black,Smoking Jacket,Rage,Closed,Voyager's Hat
3466,,Void Black,Pink,Biker Vest,Phoneme Oh,Bored,Cowboy Hat
3467,Gold Stud,Void Black,Dark Brown,Striped Tee,Bored,Sleepy,Halo
3468,,Void Black,Cheetah,Cowboy Shirt,Phoneme Wah,Sleepy,Faux Hawk
3469,,Void Black,Brown,Leather Jacket,Bored Unshaven,X Eyes,Laurel Wreath
3470,,Void Black,Black,Caveman Pelt,Grin,Prismatic,S&m Hat
3471,,Void Black,Dark Brown,Leather Jacket,Bored Cigarette,Chrome,Beanie
3472,,Void Black,Dark Brown,Lumberjack Shirt,Bored,Closed,Cowboy Hat
3473,,Void Black,Cream,Lumberjack Shirt,Phoneme ooo,Scumbag,
3474,Silver Hoop,Void Black,Red,Leather Jacket,Bored Unshaven,Bored,
3475,Gold Hoop,Void Black,Tan,Wool Turtleneck,Phoneme Vuh,Sunglasses,Baby's Bonnet
3476,,Void Black,Tan,Tweed Suit,Discomfort,Closed,Beanie
3477,,Void Black,Black,Space Suit,Phoneme ooo,Closed,Beanie
3478,,Void Black,Black,Biker Vest,Bored,Scumbag,Girl's Hair Short
3479,,Void Black,Golden Brown,Work Vest,Bored Unshaven,Eyepatch,Shadow Hat
3480,,Void Black,Blue,Guayabera,Bored,Crazy,Cowboy Hat
3481,,Void Black,Gray,Striped Tee,Bored Unshaven,Bloodshot,Halo
3482,,Void Black,Phantom,,Grin,Bored,Bandana Blue
3483,Cross,Void Black,Dark Brown,Tie Dye,Bored Unshaven Party horn,Bored,Short Mohawk
3484,,Void Black,Blue,Black T,Phoneme L,Bored,
3485,,Void Black,White,Puffy Vest,Phoneme L,Bored,Voyager's Hat
3486,,Void Black,Tan,Guayabera,Dumbfounded,Coins,Bowler
3487,,Void Black,Red,,Small Grin,Blindfold,Ww2 Pilot Helm
3488,,Void Black,Brown,Void Rift T,Bored Unshaven,Prismatic,Beanie
3489,,Void Black,Dark Brown,Lab Coat,Bored Cigarette,Eyepatch,
3490,,Void Black,Black,Tanktop,Bored Unshaven,Phantom,Beanie
3491,,Void Black,Tan,Hawaiian,Bored Party Horn,Bloodshot,
3492,,Void Black,Chrome,Puffy Vest,Bored Unshaven,Wide Eyed,Horns
3493,,Void Black,Black,Lumberjack Shirt,Bored Unshaven,Bored,Irish Boho
3494,,Void Black,Void Bot,Tuxedo Tee,Bored,Sad,Stuntman Helmet
3495,,Void Black,Dark Brown,Service,Phoneme Vuh,Bored,
3496,,Void Black,Brown,Navy Striped Tee,Bored Unshaven,Prismatic,Vietnam Era Helmet
3497,,Void Black,Black,Biker Vest,Bored,3d,Voyager's Hat
3498,Silver Hoop,Void Black,White,Sleeveless Logo T,Bored Unshaven,Sleepy,
3499,,Void Black,Black,Tie Dye,Bored Cigarette,Bored,Horns
3500,Silver Hoop,Void Black,Phantom,Striped Tee,Phoneme Vuh,Coins,Cowboy Hat
3501,Gold Stud,Void Black,Dmt,Vietnam Jacket,Phoneme Vuh,Sad,Party Hat 2
3502,,Void Black,Black,,Discomfort,Prismatic,Bandana Blue
3503,,Void Black,Void Bot,Guayabera,Bored,Bored,Irish Boho
3504,Gold Stud,Void Black,Golden Brown,Sailor Shirt,Bored Cigar,Bored,Stuntman Helmet
3505,,Void Black,Golden Brown,Pimp Coat,Bored,Coins,
3506,,Void Black,Black,Cowboy Shirt,Small Grin,Closed,Girl's Hair Pink
3507,,Void Black,Cheetah,Striped Tee,Bored Unshaven,Bored,
3508,Silver Hoop,Void Black,Brown,Glowrift T Black,Discomfort,Bloodshot,Beanie
3509,,Void Black,Blue,Navy Striped Tee,Bored Unshaven Cigar,Closed,Ww2 Pilot Helm
3510,,Void Black,Black,,Phoneme Vuh,Sleepy,Safari
3511,,Void Black,Golden Brown,Striped Tee,Bored Cigarette,Chrome,Safari
3512,,Void Black,Tan,Puffy Vest,Bored,Chrome,
3513,,Void Black,Red,Tanktop,Bored Unshaven,Angry,Sushi Chef Headband
3514,,Void Black,Blue,,Dumbfounded,Heart,
3515,Silver Stud,Void Black,Black,Rainbow Suspenders,Phoneme Oh,Sad,Safari
3516,Silver Stud,Void Black,White,,Discomfort,Sleepy,Crimson Hat
3517,,Void Black,Chrome,Smoking Jacket,Phoneme Vuh,3d,Voyager's Hat
3518,,Void Black,White,,Bored,Phantom,S&m Hat
3519,,Void Black,Dark Brown,,Bored,Closed,Beanie
3520,,Void Black,Gray,,Grin,Wide Eyed,Safari
3521,Cross,Void Black,Black,Sailor Shirt,Bored Cigarette,Sleepy,Crimson Hat
3522,,Void Black,Brown,Tuxedo Tee,Bored Cigarette,Bloodshot,Vietnam Era Helmet
3523,,Void Black,Dark Brown,Black T,Grin,Closed,
3524,,Void Black,White,Wool Turtleneck,Bored Unshaven,Phantom,Irish Boho
3525,Silver Stud,Void Black,Noise,Sleeveless Logo T,Bored Unshaven,Bored,Faux Hawk
3526,,Void Black,Blue,,Bored Unshaven Cigarette,X Eyes,Sky Captain's Hat
3527,,Void Black,Black,Biker Vest,Bored Unshaven Kazoo,Sunglasses,
3528,Silver Stud,Void Black,Dark Brown,Black T,Phoneme Vuh,Sleepy,Bunny Ears
3529,Silver Stud,Void Black,Tan,Guayabera,Bored Unshaven Party horn,Sunglasses,Glowrift Hat Red
3530,,Void Black,Tan,Tie Dye,Bored Dagger,Bloodshot,Bowler
3531,,Void Black,Dark Brown,,Grin,Sad,Irish Boho
3532,,Void Black,Black,Sleeveless Logo T,Bored,Bored,Fez
3533,,Void Black,Dark Brown,Work Vest,Bored Unshaven Kazoo,Sunglasses,Beanie
3534,,Void Black,Dark Brown,Rainbow Suspenders,Dumbfounded,Bloodshot,Faux Hawk
3535,Diamond Stud,Void Black,Dark Brown,Striped Tee,Bored Unshaven Cigarette,Wide Eyed,Safari
3536,Gold Stud,Void Black,Red,Tie Dye,Bored Unshaven,3d,
3537,,Void Black,Brown,Sleeveless T,Bored,Bloodshot,Cowboy Hat
3538,,Void Black,Cream,,Tongue Out,Sunglasses,Voyager's Hat
3539,,Void Black,Black,,Bored,3d,Fisherman's Hat
3540,Gold Stud,Void Black,Chrome,Sailor Shirt,Bored,Blindfold,Fisherman's Hat
3541,,Void Black,Black,Biker Vest,Bored Unshaven,Bored,
3542,,Void Black,Cheetah,Rainbow Suspenders,Phoneme Vuh,Heart,Bowler
3543,,Void Black,White,Tanktop,Bored Unshaven Bubblegum,Bloodshot,Voyager's Hat
3544,Gold Hoop,Void Black,Tan,Biker Vest,Dumbfounded,3d,Fez
3545,Silver Stud,Void Black,Tan,Fossil Necklace,Phoneme Wah,X Eyes,
3546,,Void Black,Golden Brown,Tweed Suit,Bored Unshaven,Phantom,Irish Boho
3547,Gold Stud,Void Black,Chrome,,Bored,X Eyes,Short Mohawk
3548,,Void Black,Dmt,,Bored Unshaven Cigarette,Crazy,S&m Hat
3549,Silver Stud,Void Black,Dark Brown,,Bored Cigarette,Bored,Party Hat 2
3550,,Void Black,Red,Caveman Pelt,Discomfort,Bloodshot,Halo
3551,,Void Black,Dmt,Hawaiian,Small Grin,Bored,Sky Captain's Hat
3552,,Void Black,Cream,,Bored Unshaven,Sleepy,Patrol Motorcycle Helmet
3553,Silver Hoop,Void Black,Cheetah,Wool Turtleneck,Bored Party Horn,Chrome,Crimson Hat
3554,,Void Black,Brown,,Bored Cigarette,Wide Eyed,Voyager's Hat
3555,Gold Stud,Void Black,Cheetah,Fossil Tee,Grin,X Eyes,Cowboy Hat
3556,,Void Black,White,Sailor Shirt,Small Grin,Sunglasses,Beanie
3557,Silver Stud,Void Black,Phantom,Lab Coat,Grin,Wide Eyed,Glowrift Hat Black
3558,,Void Black,Chrome,Wool Turtleneck,Bored Unshaven,X Eyes,Cowboy Hat
3559,Gold Hoop,Void Black,Black,Sailor Shirt,Grin,Coins,Beanie
3560,,Void Black,Noise,Wool Turtleneck,Bored,Scumbag,Stuntman Helmet
3561,,Void Black,Dark Brown,Glowrift T Black,Bored Unshaven Bubblegum,Sad,
3562,,Void Black,Brown,Black Suit,Bored Unshaven,Phantom,Glowrift Flipped Brim
3563,,Void Black,Cream,Caveman Pelt,Bored Unshaven Dagger,Crazy,Shadow Hat
3564,Silver Stud,Void Black,Dark Brown,Toga,Grin,Bloodshot,
3565,,Void Black,Black,Striped Tee,Discomfort,Chrome,Patrol Motorcycle Helmet
3566,,Void Black,Golden Brown,Vietnam Jacket,Jovial,Bored,
3567,,Void Black,Gray,Striped Tee,Bored Cigarette,Closed,Horns
3568,,Void Black,Red,Striped Tee,Bored Pipe,Chrome,Voyager's Hat
3569,,Void Black,Brown,Prison Jumpsuit,Bored Cigarette,Crazy,
3570,,Void Black,Gray,,Phoneme Vuh,Bloodshot,Crimson Hat
3571,,Void Black,Tan,,Grin,Bored,Party Hat 1
3572,,Void Black,Red,Striped Tee,Grin,Coins,
3573,,Void Black,Black,Biker Vest,Bored,Angry,
3574,,Void Black,Black,Lab Coat,Rage,Wide Eyed,Crimson Hat
3575,,Void Black,Dark Brown,Black T,Bored Unshaven,Scumbag,Sky Captain's Hat
3576,,Void Black,Brown,,Bored Unshaven Cigarette,Eyepatch,Glowrift Flipped Brim
3577,,Void Black,White,Hawaiian,Bored Unshaven,Hypnotized,
3578,,Void Black,Cream,Striped Tee,Bored Cigarette,Sleepy,Bandana Blue
3579,,Void Black,Cream,,Bored,Angry,Voyager's Hat
3580,,Void Black,White,,Bored Unshaven,Bored,Sky Captain's Hat
3581,Silver Hoop,Void Black,Gray,Glowrift T Black,Dumbfounded,Coins,Voyager's Hat
3582,,Void Black,Phantom,Fossil Tee,Grin Gold Grill,Wide Eyed,Cowboy Hat
3583,,Void Black,Gray,Tanktop,Bored,Bored,Beanie
3584,,Void Black,Dark Brown,Wool Turtleneck,Grin Diamond Grill,Sunglasses,Beanie
3585,,Void Black,Blue,,Dumbfounded,Angry,Chromatic Captain's Hat
3586,,Void Black,Dark Brown,Biker Vest,Rage,Sleepy,Glowrift Flipped Brim
3587,Silver Stud,Void Black,Cream,Tanktop,Bored,Bored,Fisherman's Hat
3588,,Void Black,Pink,Hip Hop,Bored,Angry,Voyager's Hat
3589,Silver Stud,Void Black,Brown,Glowrift T Black,Grin,3d,
3590,,Void Black,Dark Brown,Navy Striped Tee,Phoneme L,Angry,
3591,Gold Hoop,Void Black,Brown,Sleeveless T,Bored Unshaven,Bored,Cowboy Hat
3592,,Void Black,Cream,Space Suit,Bored Cigar,3d,Beanie
3593,Silver Stud,Void Black,Brown,Bandolier,Bored,Phantom,Cowboy Hat
3594,Silver Hoop,Void Black,Black,,Bored Unshaven Party horn,Sleepy,Halo
3595,,Void Black,Brown,Work Vest,Bored Unshaven,Prismatic,
3596,,Void Black,Golden Brown,,Bored Cigarette,Sleepy,Ww2 Pilot Helm
3597,Silver Hoop,Void Black,Red,Vietnam Jacket,Discomfort,Angry,Beanie
3598,,Void Black,Gray,Glowrift T Red,Dumbfounded,Sunglasses,Shadow Hat
3599,,Void Black,Golden Brown,,Small Grin,Wide Eyed,Safari
3600,,Void Black,Red,Pimp Coat,Bored Cigarette,Chrome,Sky Captain's Hat
3601,,Void Black,Phantom,Glowrift T Red,Dumbfounded,Sad,Halo
3602,,Void Black,Brown,Biker Vest,Tongue Out,Laser Eyes,
3603,,Void Black,Black,Admirals Coat,Bored Unshaven,3d,
3604,,Void Black,Brown,Admirals Coat,Bored Unshaven Cigarette,Bored,
3605,,Void Black,Brown,Prison Jumpsuit,Rage,Bored,Horns
3606,,Void Black,Brown,,Bored,Closed,
3607,,Void Black,Pink,Smoking Jacket,Bored Cigarette,Sleepy,Irish Boho
3608,,Void Black,Black,Tanktop,Small Grin,Neonborg,
3609,,Void Black,Blue,,Bored Unshaven Dagger,Chrome,Ww2 Pilot Helm
3610,Silver Stud,Void Black,Chrome,Kings Robe,Bored Unshaven Cigar,Prismatic,
3611,,Void Black,Phantom,Leather Spectrum Jacket,Bored Unshaven,Sleepy,Bandana Blue
3612,Gold Hoop,Void Black,Tan,Wool Turtleneck,Bored,Blindfold,Fez
3613,,Void Black,Golden Brown,Tanktop,Phoneme L,Closed,S&m Hat
3614,,Void Black,Noise,Leather Spectrum Jacket,Rage,Coins,Short Mohawk
3615,Silver Stud,Void Black,Black,Bandolier,Bored Unshaven,Sad,Safari
3616,,Void Black,Pink,Hawaiian,Bored,Heart,Girl's Hair Short
3617,,Void Black,Red,Leather Spectrum Jacket,Bored Bubblegum,Bloodshot,Chromatic Captain's Hat
3618,Cross,Void Black,Golden Brown,,Bored Unshaven,Wide Eyed,Voyager's Hat
3619,,Void Black,Brown,,Dumbfounded,3d,
3620,Silver Stud,Void Black,Cheetah,Vietnam Jacket,Grin Gold Grill,Closed,
3621,Silver Stud,Void Black,Dark Brown,Biker Vest,Bored Unshaven,Chrome,
3622,Gold Hoop,Void Black,Blue,Prison Jumpsuit,Grin,Crazy,
3623,Silver Stud,Void Black,Cheetah,Hawaiian,Grin,Sunglasses,S&m Hat
3624,,Void Black,Dark Brown,Fossil Necklace,Bored,Wide Eyed,Vietnam Era Helmet
3625,,Void Black,Dark Brown,Biker Vest,Small Grin,Bloodshot,Fez
3626,,Void Black,Dark Brown,Leather Jacket,Grin,Chrome,Crimson Hat
3627,Diamond Stud,Void Black,Dark Brown,Wool Turtleneck,Bored,Crazy,Fez
3628,,Void Black,Tan,Rainbow Suspenders,Phoneme Oh,Sleepy,Ww2 Pilot Helm
3629,,Void Black,Golden Brown,,Bored,Sleepy,Short Mohawk
3630,,Void Black,Cream,Striped Tee,Grin Multicolored,Wide Eyed,Horns
3631,,Void Black,Cream,Prison Jumpsuit,Small Grin,3d,
3632,,Void Black,Golden Brown,Tie Dye,Bored Kazoo,Angry,Spinner Hat
3633,,Void Black,Phantom,Wool Turtleneck,Bored Cigarette,Bored,Fez
3634,,Void Black,Black,Guayabera,Bored Cigarette,Closed,
3635,,Void Black,Dark Brown,Hawaiian,Phoneme Oh,Wide Eyed,Party Hat 1
3636,,Void Black,Golden Brown,Black T,Bored,Bored,Shadow Hat
3637,,Void Black,Chrome,,Bored,Sad,Sky Captain's Hat
3638,,Void Black,Dark Brown,Sailor Shirt,Bored,Bloodshot,
3639,Gold Hoop,Void Black,Golden Brown,Tweed Suit,Bored,Eyepatch,Sky Captain's Hat
3640,,Void Black,Red,Smoking Jacket,Small Grin,Sleepy,Safari
3641,,Void Black,Gray,Striped Tee,Bored,3d,Spinner Hat
3642,Silver Stud,Void Black,Pink,Prison Jumpsuit,Bored,Scumbag,Sky Captain's Hat
3643,,Void Black,Chrome,Void Rift T,Bored,Bored,
3644,,Void Black,Dmt,Biker Vest,Bored,Bloodshot,Girl's Hair Pink
3645,Silver Hoop,Void Black,Cream,Black T,Bored,3d,Beanie
3646,,Void Black,Cream,Stunt Jacket,Bored Unshaven Kazoo,Eyepatch,Halo
3647,,Void Black,White,Leather Jacket,Bored,Hypnotized,Sky Captain's Hat
3648,,Void Black,Brown,Black T,Bored,Bloodshot,Beanie
3649,,Void Black,Tan,Prison Jumpsuit,Bored,Closed,Voyager's Hat
3650,Silver Hoop,Void Black,Blue,,Bored Unshaven Cigarette,Closed,Horns
3651,,Void Black,Cheetah,Fossil Tee,Bored Unshaven,Coins,Crimson Hat
3652,,Void Black,Cream,Black T,Bored,Bloodshot,Party Hat 2
3653,,Void Black,Dark Brown,Rainbow Suspenders,Phoneme Oh,Bored,Beanie
3654,,Void Black,Phantom,Smoking Jacket,Bored,Heart,Glowrift Flipped Brim
3655,,Void Black,Dark Brown,,Bored Cigar,Bloodshot,Patrol Motorcycle Helmet
3656,,Void Black,Cheetah,Cowboy Shirt,Jovial,Neonborg,Cowboy Hat
3657,,Void Black,Blue,Glowrift T Red,Tongue Out,3d,Voyager's Hat
3658,Gold Hoop,Void Black,Brown,Tie Dye,Bored Unshaven,Phantom,
3659,,Void Black,Dark Brown,Stunt Jacket,Bored,Blindfold,Spinner Hat
3660,Gold Stud,Void Black,Dark Brown,Tie Dye,Rage,Bored,King's Crown
3661,Silver Hoop,Void Black,Brown,,Rage,Angry,Bowler
3662,,Void Black,Void Bot,Work Vest,Small Grin,Sleepy,Fisherman's Hat
3663,Gold Hoop,Void Black,Brown,Navy Striped Tee,Bored,Chrome,Irish Boho
3664,Gold Stud,Void Black,Tan,Sailor Shirt,Bored Unshaven Bubblegum,Bored,Crimson Hat
3665,,Void Black,Black,,Bored Unshaven,Coins,
3666,,Void Black,Golden Brown,Black Suit,Phoneme Vuh,Blindfold,Shadow Hat
3667,,Void Black,Dark Brown,Sleeveless Logo T,Bored Unshaven Cigarette,Angry,Ww2 Pilot Helm
3668,Silver Stud,Void Black,Golden Brown,,Phoneme Vuh,Phantom,
3669,,Void Black,Blue,Navy Striped Tee,Rage,Coins,Glowrift Hat Black
3670,,Void Black,Dark Brown,Lumberjack Shirt,Bored,Sleepy,Stuntman Helmet
3671,Cross,Void Black,Black,Smoking Jacket,Phoneme L,Prismatic,Girl's Hair Short
3672,Silver Hoop,Void Black,Black,Biker Vest,Bored Unshaven,3d,Crimson Hat
3673,,Void Black,Dark Brown,,Dumbfounded,Phantom,Glowrift Flipped Brim
3674,,Void Black,Chrome,,Bored Unshaven,Sad,Sushi Chef Headband
3675,,Void Black,Chrome,Hip Hop,Phoneme Oh,Crazy,
3676,,Void Black,Black,Guayabera,Grin,Chrome,Cowboy Hat
3677,Silver Stud,Void Black,Black,Sleeveless Logo T,Rage,Closed,Bandana Blue
3678,Cross,Void Black,Black,Smoking Jacket,Bored Unshaven,3d,Cowboy Hat
3679,,Void Black,Pink,Blue Dress,Phoneme Wah,Coins,
3680,,Void Black,White,,Bored Pizza,Angry,Voyager's Hat
3681,,Void Black,Golden Brown,Lab Coat,Phoneme ooo,Bored,
3682,,Void Black,White,,Bored,Closed,Halo
3683,,Void Black,Cream,Tuxedo Tee,Grin,Bloodshot,
3684,Gold Hoop,Void Black,Dark Brown,Tuxedo Tee,Grin,Coins,Fez
3685,Gold Stud,Void Black,Phantom,Void Rift T,Rage,Bloodshot,S&m Hat
3686,Silver Stud,Void Black,Brown,,Bored Party Horn,Phantom,
3687,Gold Hoop,Void Black,Brown,,Bored,Coins,Horns
3688,Silver Hoop,Void Black,Black,,Bored Unshaven Bubblegum,Coins,Sky Captain's Hat
3689,,Void Black,Black,Bandolier,Bored,Chrome,
3690,Gold Hoop,Void Black,White,,Grin,Wide Eyed,Bunny Ears
3691,Gold Stud,Void Black,Tan,Striped Tee,Grin,Crazy,Irish Boho
3692,Silver Stud,Void Black,Phantom,Caveman Pelt,Phoneme Vuh,Bored,Sky Captain's Hat
3693,,Void Black,Tan,Fossil Necklace,Bored Unshaven,Neonborg,Glowrift Flipped Brim
3694,Gold Hoop,Void Black,White,,Bored,Sunglasses,
3695,Silver Hoop,Void Black,Tan,Glowrift T Red,Bored Unshaven,Bloodshot,Girl's Hair Short
3696,Gold Stud,Void Black,Dark Brown,Glowrift T Black,Grin Diamond Grill,Sleepy,Glowrift Flipped Brim
3697,,Void Black,Gray,Void Rift T,Bored,Wide Eyed,Horns
3698,,Void Black,Dark Brown,,Tongue Out,Bloodshot,Crimson Hat
3699,,Void Black,Cream,Black T,Bored,Sad,
3700,Silver Stud,Void Black,Dark Brown,Sailor Shirt,Bored Cigarette,Sad,
3701,,Void Black,Brown,Prison Jumpsuit,Small Grin,Sleepy,Bandana Blue
3702,,Void Black,Dark Brown,Space Suit,Grin Multicolored,Sunglasses,S&m Hat
3703,,Void Black,Dark Brown,Glowrift T Black,Jovial,Closed,Prussian Helmet
3704,,Void Black,White,,Bored Unshaven,Hypnotized,Bunny Ears
3705,Silver Stud,Void Black,Black,Sleeveless Logo T,Phoneme Oh,Bored,Irish Boho
3706,Silver Hoop,Void Black,Golden Brown,Leather Jacket,Bored,Bored,Spinner Hat
3707,Silver Hoop,Void Black,Golden Brown,Void Rift T,Bored,Eyepatch,
3708,,Void Black,Dark Brown,Lab Coat,Rage,Crazy,Horns
3709,,Void Black,Brown,Hawaiian,Bored Unshaven,Angry,Ww2 Pilot Helm
3710,,Void Black,Brown,Tie Dye,Bored,Bored,
3711,,Void Black,Dark Brown,,Grin,Phantom,Halo
3712,Gold Stud,Void Black,Dark Brown,,Bored Cigarette,Sad,Sky Captain's Hat
3713,,Void Black,Cream,Sleeveless T,Tongue Out,Chrome,
3714,,Void Black,Dark Brown,Space Suit,Bored Kazoo,Bored,
3715,,Void Black,Gray,Striped Tee,Small Grin,Closed,
3716,Silver Hoop,Void Black,White,Smoking Jacket,Bored Unshaven,Heart,
3717,,Void Black,Brown,,Small Grin,Phantom,Party Hat 2
3718,,Void Black,Noise,Void Rift T,Bored Unshaven Cigarette,Wide Eyed,Voyager's Hat
3719,Silver Stud,Void Black,Void Bot,Biker Vest,Phoneme ooo,Prismatic,Beanie
3720,,Void Black,Black,Hip Hop,Grin,Angry,Short Mohawk
3721,,Void Black,Pink,Hip Hop,Grin Gold Grill,Angry,Fez
3722,Gold Hoop,Void Black,Brown,Black T,Bored Unshaven Pizza,Bored,
3723,,Void Black,Black,Black T,Bored Unshaven,Phantom,Stuntman Helmet
3724,,Void Black,Golden Brown,Caveman Pelt,Jovial,Chrome,Baby's Bonnet
3725,,Void Black,Brown,Leather Spectrum Jacket,Bored Unshaven,Bloodshot,Glowrift Flipped Brim
3726,,Void Black,Golden Brown,Space Suit,Jovial,X Eyes,Horns
3727,,Void Black,Dark Brown,Black T,Phoneme ooo,Sleepy,S&m Hat
3728,,Void Black,Blue,Fossil Tee,Bored,Sleepy,Shadow Hat
3729,Gold Stud,Void Black,Tan,Cowboy Shirt,Bored Unshaven,X Eyes,Bunny Ears
3730,Silver Hoop,Void Black,Brown,Black T,Bored Unshaven Dagger,Heart,Prussian Helmet
3731,Silver Hoop,Void Black,Brown,Glowrift T Black,Rage,Bored,Fisherman's Hat
3732,,Void Black,Red,Biker Vest,Grin Diamond Grill,Bloodshot,Girl's Hair Short
3733,Silver Stud,Void Black,Dark Brown,,Bored Unshaven Cigar,Chrome,S&m Hat
3734,,Void Black,Brown,Prom Dress,Bored Cigar,Sad,Cowboy Hat
3735,,Void Black,Dmt,Striped Tee,Bored,3d,
3736,,Void Black,Cream,Stunt Jacket,Phoneme Vuh,Heart,Bowler
3737,,Void Black,Tan,,Bored,Chrome,Fez
3738,,Void Black,Pink,Stunt Jacket,Grin Diamond Grill,Angry,
3739,,Void Black,Dark Brown,,Bored,Sleepy,
3740,Silver Stud,Void Black,Blue,Biker Vest,Grin Multicolored,Neonborg,Safari
3741,,Void Black,Brown,Black T,Bored Unshaven,Blindfold,Spinner Hat
3742,,Void Black,Brown,Sleeveless T,Grin,Sleepy,
3743,,Void Black,Dark Brown,,Bored,Bored,Laurel Wreath
3744,Silver Hoop,Void Black,Pink,Puffy Vest,Bored Unshaven Bubblegum,Coins,Baby's Bonnet
3745,Silver Hoop,Void Black,Black,Prom Dress,Phoneme Wah,Angry,
3746,,Void Black,Gray,Puffy Vest,Bored Unshaven Cigarette,Crazy,Beanie
3747,Silver Hoop,Void Black,Blue,Leather Jacket,Bored Unshaven Cigarette,Hypnotized,Horns
3748,Gold Stud,Void Black,Chrome,Blue Dress,Bored Cigar,Wide Eyed,Bowler
3749,,Void Black,Radiant Gold,Black T,Small Grin,Laser Eyes,Sky Captain's Hat
3750,,Void Black,Dark Brown,Work Vest,Bored,Bloodshot,
3751,Silver Hoop,Void Black,Black,Tanktop,Phoneme L,Sunglasses,Beanie
3752,,Void Black,Gray,Stunt Jacket,Phoneme ooo,Chrome,Girl's Hair Pink
3753,,Void Black,Cream,Lab Coat,Phoneme Oh,Sad,
3754,Silver Hoop,Void Black,Brown,Stunt Jacket,Small Grin,3d,
3755,,Void Black,Golden Brown,Work Vest,Grin,Sad,King's Crown
3756,Gold Stud,Void Black,Chromatic,Leather Jacket,Grin Multicolored,Bored,S&m Hat
3757,,Void Black,Dark Brown,Biker Vest,Bored Unshaven,Hypnotized,Baby's Bonnet
3758,,Void Black,Cream,Sailor Shirt,Bored Unshaven,Closed,Bunny Ears
3759,Silver Hoop,Void Black,Pink,Navy Striped Tee,Jovial,Coins,Horns
3760,,Void Black,Chrome,Prison Jumpsuit,Bored,Bored,Sky Captain's Hat
3761,,Void Black,Black,Wool Turtleneck,Bored Unshaven Kazoo,Wide Eyed,Faux Hawk
3762,,Void Black,Red,Hip Hop,Bored Unshaven Cigar,Neonborg,Ww2 Pilot Helm
3763,,Void Black,Pink,Sleeveless T,Bored,Bloodshot,Glowrift Hat Black
3764,,Void Black,Brown,Leather Spectrum Jacket,Bored,Eyepatch,Glowrift Hat Black
3765,,Void Black,Void Bot,Prom Dress,Bored Pipe,Angry,Bowler
3766,,Void Black,Tan,Sailor Shirt,Bored,Wide Eyed,
3767,,Void Black,Golden Brown,Toga,Phoneme Wah,Eyepatch,Crimson Hat
3768,,Void Black,Red,Navy Striped Tee,Bored Unshaven,Heart,Short Mohawk
3769,,Void Black,Brown,Fossil Necklace,Bored Unshaven,Hypnotized,Girl's Hair Short
3770,Silver Hoop,Void Black,Gray,Lumberjack Shirt,Bored Unshaven,Sad,Beanie
3771,,Void Black,Gray,Bandolier,Grin Diamond Grill,Prismatic,
3772,Silver Hoop,Void Black,Cheetah,,Bored Unshaven,Closed,Short Mohawk
3773,Gold Stud,Void Black,Pink,Wool Turtleneck,Bored,Bloodshot,King's Crown
3774,,Void Black,Pink,Tuxedo Tee,Rage,Sunglasses,
3775,,Void Black,Cream,Prison Jumpsuit,Bored Unshaven,Bored,Sky Captain's Hat
3776,Gold Stud,Void Black,Brown,Black T,Bored,Sleepy,Beanie
3777,Silver Stud,Void Black,Black,Fossil Necklace,Bored,Sad,Irish Boho
3778,,Void Black,Cheetah,Pimp Coat,Small Grin,Bored,
3779,,Void Black,Gray,Guayabera,Bored Unshaven Pipe,Coins,
3780,Cross,Void Black,Brown,,Dumbfounded,Bored,Sky Captain's Hat
3781,Silver Hoop,Void Black,Cheetah,,Bored Unshaven,3d,Irish Boho
3782,,Void Black,Dmt,Rainbow Suspenders,Jovial,Sunglasses,Safari
3783,,Void Black,Cream,Smoking Jacket,Bored Pizza,Bored,S&m Hat
3784,,Void Black,Red,Wool Turtleneck,Grin,Bored,Glowrift Flipped Brim
3785,Cross,Void Black,Dark Brown,Cowboy Shirt,Grin,Eyepatch,Irish Boho
3786,Silver Stud,Void Black,Golden Brown,Service,Tongue Out,Bored,
3787,,Void Black,Dmt,Black T,Bored Cigarette,Bloodshot,Ww2 Pilot Helm
3788,,Void Black,Chrome,Sailor Shirt,Bored,Scumbag,Beanie
3789,,Void Black,Dark Brown,Lumberjack Shirt,Dumbfounded,Heart,Vietnam Era Helmet
3790,Silver Stud,Void Black,Red,Tuxedo Tee,Bored Cigar,Angry,Stuntman Helmet
3791,,Void Black,White,Striped Tee,Bored,Bored,Halo
3792,Silver Hoop,Void Black,Tan,Sleeveless T,Bored,X Eyes,Glowrift Hat Black
3793,,Void Black,Red,Sailor Shirt,Bored Unshaven,Hypnotized,Fisherman's Hat
3794,,Void Black,Blue,Work Vest,Bored Unshaven Cigarette,Bored,Voyager's Hat
3795,,Void Black,Red,Glowrift T Black,Grin,Blindfold,Vietnam Era Helmet
3796,Silver Stud,Void Black,Black,Sleeveless T,Bored Unshaven,Sad,Glowrift Flipped Brim
3797,Silver Hoop,Void Black,Red,,Bored,Bored,Laurel Wreath
3798,Gold Hoop,Void Black,Pink,Biker Vest,Bored Cigarette,Chrome,Glowrift Hat Black
3799,,Void Black,Pink,Kings Robe,Grin,Scumbag,Cowboy Hat
3800,,Void Black,Golden Brown,Lumberjack Shirt,Bored,Bloodshot,Safari
3801,Silver Stud,Void Black,Black,Puffy Vest,Grin,Heart,Spinner Hat
3802,,Void Black,Black,Biker Vest,Bored Cigarette,Bored,Baby's Bonnet
3803,,Void Black,Dark Brown,Toga,Bored,Chrome,
3804,,Void Black,Dmt,,Bored Cigarette,Heart,
3805,,Void Black,Cream,Smoking Jacket,Phoneme Wah,Scumbag,
3806,,Void Black,Cream,Sailor Shirt,Dumbfounded,Bored,Baby's Bonnet
3807,,Void Black,Brown,Leather Spectrum Jacket,Bored Unshaven,Sleepy,Irish Boho
3808,Gold Hoop,Void Black,Pink,Tanktop,Phoneme Vuh,Wide Eyed,Fez
3809,Gold Stud,Void Black,Dmt,Tie Dye,Bored Unshaven,Angry,Short Mohawk
3810,,Void Black,Tan,Sailor Shirt,Bored Unshaven Cigar,Bored,Girl's Hair Pink
3811,,Void Black,Dark Brown,Prison Jumpsuit,Bored Unshaven,Sleepy,Sky Captain's Hat
3812,Silver Hoop,Void Black,Dark Brown,Rainbow Suspenders,Phoneme Oh,Bored,Safari
3813,,Void Black,Brown,Space Suit,Bored Unshaven,Bored,Crimson Hat
3814,,Void Black,Blue,Prom Dress,Bored Party Horn,Bloodshot,
3815,Silver Hoop,Void Black,Cream,Black T,Bored,Hypnotized,Fez
3816,,Void Black,Dark Brown,Sleeveless Logo T,Grin,Sunglasses,Baby's Bonnet
3817,,Void Black,Pink,Smoking Jacket,Bored,Heart,Fez
3818,,Void Black,Chrome,Admirals Coat,Bored,Bored,Bowler
3819,,Void Black,Cheetah,Puffy Vest,Bored Cigarette,Crazy,Beanie
3820,Silver Hoop,Void Black,Brown,Bandolier,Phoneme Oh,Wide Eyed,
3821,,Void Black,Phantom,Glowrift T Black,Grin,Hypnotized,
3822,,Void Black,Tan,Tanktop,Bored,Sleepy,Voyager's Hat
3823,,Void Black,Dark Brown,Sleeveless Logo T,Bored Unshaven,Angry,Party Hat 1
3824,Gold Stud,Void Black,Black,Sleeveless T,Dumbfounded,Neonborg,Short Mohawk
3825,Diamond Stud,Void Black,Black,Tuxedo Tee,Bored,Bored,
3826,,Void Black,Blue,Service,Bored,Eyepatch,
3827,,Void Black,Blue,,Bored Unshaven Pipe,Closed,Vietnam Era Helmet
3828,,Void Black,Golden Brown,Guayabera,Bored Unshaven Pipe,Heart,Safari
3829,,Void Black,Tan,,Bored Party Horn,Eyepatch,
3830,,Void Black,Cream,Service,Rage,Phantom,
3831,Gold Hoop,Void Black,Brown,Void Rift T,Bored Unshaven,Closed,
3832,,Void Black,Brown,Void Rift T,Bored Unshaven,Closed,Horns
3833,Silver Stud,Void Black,Brown,Puffy Vest,Phoneme L,Bored,Cowboy Hat
3834,,Void Black,Gray,,Bored Cigar,Bloodshot,S&m Hat
3835,,Void Black,Brown,Lab Coat,Bored,Closed,
3836,,Void Black,Brown,Work Vest,Bored Unshaven,Wide Eyed,
3837,,Void Black,Dark Brown,Glowrift T Black,Bored,Angry,Stuntman Helmet
3838,,Void Black,Dark Brown,Caveman Pelt,Phoneme Wah,Crazy,Fez
3839,,Void Black,Noise,Tie Dye,Bored Unshaven,Sleepy,Bowler
3840,Silver Stud,Void Black,Dark Brown,Sleeveless T,Bored,Bored,Vietnam Era Helmet
3841,Gold Stud,Void Black,Dark Brown,Vietnam Jacket,Bored,Neonborg,
3842,,Void Black,Cheetah,,Bored Cigarette,Heart,Fez
3843,,Void Black,Void Bot,Vietnam Jacket,Bored,Crazy,Halo
3844,,Void Black,Red,,Bored Unshaven,Sunglasses,Glowrift Hat Black
3845,Gold Hoop,Void Black,Gray,,Bored,Heart,
3846,,Void Black,Red,Void Rift T,Bored,Heart,Irish Boho
3847,,Void Black,Golden Brown,Puffy Vest,Bored,Closed,Laurel Wreath
3848,,Void Black,Black,Biker Vest,Rage,Wide Eyed,S&m Hat
3849,Gold Hoop,Void Black,Tan,,Phoneme Vuh,X Eyes,Shadow Hat
3850,,Void Black,Pink,Puffy Vest,Grin Diamond Grill,Bored,Bandana Blue
3851,,Void Black,Black,Tanktop,Bored,Bored,Party Hat 2
3852,,Void Black,Gray,Tanktop,Bored,Scumbag,
3853,Silver Stud,Void Black,Blue,Toga,Bored,Bloodshot,
3854,,Void Black,Black,Sleeveless T,Phoneme L,Sleepy,Vietnam Era Helmet
3855,,Void Black,Golden Brown,,Grin,Heart,
3856,Silver Hoop,Void Black,Brown,Striped Tee,Bored Unshaven,Bored,Sushi Chef Headband
3857,,Void Black,Cheetah,Prison Jumpsuit,Bored Unshaven,Heart,Fez
3858,Silver Stud,Void Black,Black,Guayabera,Bored Cigarette,Sad,Fez
3859,Silver Stud,Void Black,Black,Sailor Shirt,Bored Unshaven,3d,
3860,,Void Black,Red,Tanktop,Bored Unshaven,Wide Eyed,
3861,,Void Black,Black,Leather Jacket,Bored,Sleepy,Cowboy Hat
3862,,Void Black,Cream,Lab Coat,Bored Dagger,Closed,Fisherman's Hat
3863,,Void Black,Radiant Gold,Guayabera,Bored,Sleepy,Crimson Hat
3864,,Void Black,Noise,Void Rift T,Bored Bubblegum,Bored,Fisherman's Hat
3865,Silver Stud,Void Black,Tan,,Phoneme L,Sleepy,Glowrift Hat Red
3866,,Void Black,Dark Brown,,Phoneme Vuh,Bloodshot,
3867,Silver Hoop,Void Black,Dark Brown,Fossil Necklace,Grin,Bored,Glowrift Hat Black
3868,,Void Black,Dark Brown,Tie Dye,Bored Cigarette,Heart,Sky Captain's Hat
3869,,Void Black,Brown,Stunt Jacket,Bored Unshaven Cigarette,Bored,Fez
3870,,Void Black,Cream,Biker Vest,Grin Diamond Grill,Crazy,Fez
3871,Silver Stud,Void Black,Cream,Void Rift T,Phoneme Vuh,Bored,Beanie
3872,,Void Black,Pink,Sailor Shirt,Small Grin,Phantom,Shadow Hat
3873,,Void Black,Chrome,,Bored Unshaven,Sad,Faux Hawk
3874,,Void Black,Brown,Smoking Jacket,Bored Unshaven,Coins,Horns
3875,,Void Black,Dmt,Toga,Grin,3d,Short Mohawk
3876,,Void Black,Golden Brown,Tuxedo Tee,Bored,Heart,Crimson Hat
3877,,Void Black,Brown,Glowrift T Black,Bored Unshaven,Bored,Beanie
3878,Silver Hoop,Void Black,Cheetah,Wool Turtleneck,Bored Unshaven,Phantom,Horns
3879,Diamond Stud,Void Black,Red,Vietnam Jacket,Bored Cigarette,Bored,Sushi Chef Headband
3880,,Void Black,Golden Brown,,Tongue Out,Bored,
3881,,Void Black,Black,Guayabera,Grin,Angry,
3882,,Void Black,Dark Brown,Kings Robe,Grin,Eyepatch,Crimson Hat
3883,,Void Black,Phantom,Work Vest,Bored,Sad,Stuntman Helmet
3884,,Void Black,Black,Pimp Coat,Bored Unshaven,Closed,Spinner Hat
3885,Silver Stud,Void Black,Dmt,Striped Tee,Dumbfounded,Wide Eyed,
3886,Silver Hoop,Void Black,Dark Brown,Leather Jacket,Grin Multicolored,Sad,Fisherman's Hat
3887,,Void Black,Pink,Prison Jumpsuit,Phoneme Vuh,Scumbag,
3888,,Void Black,Black,Sleeveless Logo T,Jovial,Angry,Sky Captain's Hat
3889,,Void Black,Black,,Bored Pizza,Sad,Sushi Chef Headband
3890,,Void Black,Tan,Sleeveless T,Bored,Prismatic,Bandana Blue
3891,,Void Black,Pink,Fossil Necklace,Bored Unshaven,Bored,
3892,Cross,Void Black,White,Tuxedo Tee,Bored,Bored,
3893,,Void Black,Brown,Fossil Tee,Bored,Sad,Fez
3894,,Void Black,Pink,Navy Striped Tee,Bored Unshaven Cigarette,3d,
3895,,Void Black,Dmt,Glowrift T Red,Phoneme Oh,Angry,Fez
3896,,Void Black,Void Bot,Biker Vest,Small Grin,Blindfold,Party Hat 1
3897,,Void Black,Tan,Puffy Vest,Grin,Laser Eyes,
3898,,Void Black,Dark Brown,Smoking Jacket,Phoneme L,Angry,Fez
3899,,Void Black,Pink,Sailor Shirt,Bored Cigarette,Wide Eyed,Bowler
3900,,Void Black,Brown,Black T,Bored,Eyepatch,Irish Boho
3901,Silver Stud,Void Black,Black,,Bored Unshaven,Coins,Bowler
3902,,Void Black,Tan,Tuxedo Tee,Bored Unshaven Cigar,Coins,Sky Captain's Hat
3903,,Void Black,Brown,,Discomfort,Bored,Crimson Hat
3904,,Void Black,Dark Brown,Sleeveless T,Bored Unshaven Cigarette,Sunglasses,
3905,,Void Black,Dark Brown,Fossil Necklace,Bored Unshaven Cigarette,Coins,Beanie
3906,,Void Black,Tan,Caveman Pelt,Phoneme Oh,Bored,Vietnam Era Helmet
3907,Gold Hoop,Void Black,Dark Brown,Sailor Shirt,Phoneme L,Chrome,Sky Captain's Hat
3908,,Void Black,Phantom,Cowboy Shirt,Bored Unshaven,Sleepy,Stuntman Helmet
3909,,Void Black,Brown,,Bored Cigarette,Bored,Cowboy Hat
3910,,Void Black,Brown,Tanktop,Rage,Sleepy,
3911,,Void Black,Blue,,Bored,Eyepatch,Stuntman Helmet
3912,,Void Black,Tan,Prison Jumpsuit,Bored Unshaven,Bloodshot,Beanie
3913,Silver Stud,Void Black,Cream,Tanktop,Phoneme Vuh,Bored,Spinner Hat
3914,,Void Black,Black,,Grin Diamond Grill,Blindfold,Vietnam Era Helmet
3915,,Void Black,White,Sailor Shirt,Grin,Heart,Sushi Chef Headband
3916,,Void Black,Brown,,Phoneme Oh,Chrome,Party Hat 1
3917,,Void Black,Golden Brown,Black Suit,Bored,Bloodshot,Party Hat 2
3918,,Void Black,Black,Hip Hop,Bored,Closed,Irish Boho
3919,,Void Black,Tan,Bandolier,Bored Bubblegum,Crazy,
3920,Silver Hoop,Void Black,Tan,,Rage,Bloodshot,Beanie
3921,,Void Black,Dark Brown,,Bored Unshaven,Closed,Voyager's Hat
3922,,Void Black,Dark Brown,Caveman Pelt,Grin,X Eyes,
3923,Silver Hoop,Void Black,Brown,Blue Dress,Bored Unshaven Pipe,Heart,Fisherman's Hat
3924,Gold Stud,Void Black,Golden Brown,,Grin Gold Grill,3d,Vietnam Era Helmet
3925,,Void Black,Dark Brown,Striped Tee,Tongue Out,Bored,Fez
3926,,Void Black,Gray,Vietnam Jacket,Grin,Phantom,Short Mohawk
3927,,Void Black,Golden Brown,Caveman Pelt,Discomfort,Bored,
3928,Silver Hoop,Void Black,Radiant Gold,Guayabera,Bored,Heart,
3929,Silver Hoop,Void Black,Black,Tanktop,Bored,Crazy,
3930,,Void Black,Tan,Wool Turtleneck,Bored,Neonborg,Baby's Bonnet
3931,Silver Hoop,Void Black,Brown,Lumberjack Shirt,Phoneme ooo,Chrome,Fisherman's Hat
3932,,Void Black,Golden Brown,Guayabera,Bored Unshaven,Prismatic,Shadow Hat
3933,,Void Black,Golden Brown,Work Vest,Bored,Bored,Irish Boho
3934,,Void Black,Black,Toga,Phoneme Vuh,Closed,
3935,,Void Black,Cream,,Bored Unshaven Cigarette,Sleepy,Safari
3936,,Void Black,Phantom,Tie Dye,Bored Unshaven Cigar,Bored,Vietnam Era Helmet
3937,,Void Black,Black,,Phoneme L,Sad,Short Mohawk
3938,,Void Black,Golden Brown,Striped Tee,Bored Unshaven,Phantom,Fisherman's Hat
3939,Silver Stud,Void Black,Dark Brown,Navy Striped Tee,Dumbfounded,Crazy,
3940,,Void Black,Black,Biker Vest,Bored Unshaven Cigar,Sunglasses,Beanie
3941,Silver Stud,Void Black,Red,Fossil Necklace,Bored,Eyepatch,Voyager's Hat
3942,,Void Black,Black,Stunt Jacket,Phoneme Wah,Hypnotized,King's Crown
3943,,Void Black,Golden Brown,Black Suit,Bored,Bored,Party Hat 1
3944,,Void Black,Dark Brown,,Bored,Chrome,Halo
3945,,Void Black,Dark Brown,Leather Spectrum Jacket,Dumbfounded,3d,Short Mohawk
3946,Silver Hoop,Void Black,Dark Brown,,Jovial,Coins,Bowler
3947,Silver Stud,Void Black,Pink,Biker Vest,Bored,Heart,Stuntman Helmet
3948,,Void Black,Brown,Glowrift T Black,Dumbfounded,Sleepy,Sky Captain's Hat
3949,,Void Black,Gray,Smoking Jacket,Bored Unshaven,Coins,Voyager's Hat
3950,,Void Black,Black,Puffy Vest,Tongue Out,Heart,Sky Captain's Hat
3951,,Void Black,Cream,Striped Tee,Grin,Scumbag,Party Hat 2
3952,,Void Black,Cream,,Tongue Out,Chrome,Short Mohawk
3953,,Void Black,Cream,,Bored Unshaven Pizza,Crazy,
3954,Silver Stud,Void Black,Phantom,Sailor Shirt,Bored Unshaven Cigarette,Coins,
3955,Silver Stud,Void Black,Dark Brown,Hip Hop,Tongue Out,Bored,S&m Hat
3956,,Void Black,Black,Toga,Bored Unshaven Cigarette,Bloodshot,Short Mohawk
3957,,Void Black,Golden Brown,,Bored Cigarette,Wide Eyed,Vietnam Era Helmet
3958,,Void Black,Dark Brown,Work Vest,Bored,Wide Eyed,Voyager's Hat
3959,Silver Hoop,Void Black,Brown,Puffy Vest,Bored Unshaven,Eyepatch,Safari
3960,,Void Black,Cheetah,Service,Rage,3d,
3961,,Void Black,Brown,Fossil Necklace,Phoneme ooo,Eyepatch,Sushi Chef Headband
3962,Gold Stud,Void Black,Golden Brown,Black T,Grin Multicolored,Sad,Beanie
3963,,Void Black,Black,Smoking Jacket,Bored,Wide Eyed,Safari
3964,,Void Black,Dark Brown,Striped Tee,Bored Unshaven,Bloodshot,
3965,,Void Black,Brown,Tuxedo Tee,Phoneme Vuh,Closed,Stuntman Helmet
3966,,Void Black,Brown,Black T,Bored Unshaven,Chrome,Short Mohawk
3967,Diamond Stud,Void Black,White,,Bored Unshaven Cigar,Sad,Sky Captain's Hat
3968,,Void Black,Gray,Admirals Coat,Bored,Crazy,
3969,,Void Black,Brown,Space Suit,Bored Unshaven,Blindfold,Shadow Hat
3970,Silver Hoop,Void Black,Void Bot,Striped Tee,Bored Cigarette,Sleepy,Crimson Hat
3971,Diamond Stud,Void Black,Dark Brown,Navy Striped Tee,Dumbfounded,Sleepy,Sushi Chef Headband
3972,,Void Black,Golden Brown,Guayabera,Dumbfounded,Sunglasses,Crimson Hat
3973,,Void Black,Tan,Biker Vest,Grin,Sad,Spinner Hat
3974,Gold Hoop,Void Black,Chrome,Sleeveless T,Grin,Closed,S&m Hat
3975,Silver Hoop,Void Black,Black,Puffy Vest,Dumbfounded,Sad,Fisherman's Hat
3976,,Void Black,Void Bot,Sailor Shirt,Bored Unshaven Cigarette,Bored,Short Mohawk
3977,Gold Hoop,Void Black,Gray,Glowrift T Black,Phoneme Oh,Chrome,Bowler
3978,,Void Black,Dark Brown,Sleeveless Logo T,Bored,Bored,Glowrift Hat Black
3979,,Void Black,Black,Prison Jumpsuit,Bored,Heart,Fez
3980,,Void Black,Cream,Leather Jacket,Bored,Bloodshot,Girl's Hair Short
3981,Silver Hoop,Void Black,Pink,Tuxedo Tee,Bored Unshaven Cigarette,Bloodshot,Sky Captain's Hat
3982,Gold Hoop,Void Black,Black,Striped Tee,Bored Party Horn,Sleepy,Shadow Hat
3983,,Void Black,Phantom,,Bored Cigarette,Bloodshot,Fisherman's Hat
3984,,Void Black,Gray,Striped Tee,Bored,Scumbag,Girl's Hair Short
3985,,Void Black,Cream,Hip Hop,Bored Cigarette,Heart,Shadow Hat
3986,,Void Black,Brown,,Grin,Heart,S&m Hat
3987,,Void Black,Black,Leather Jacket,Dumbfounded,Hypnotized,
3988,,Void Black,Tan,Hawaiian,Bored,Bloodshot,Faux Hawk
3989,,Void Black,Cream,Hawaiian,Bored,Hypnotized,Sky Captain's Hat
3990,Silver Hoop,Void Black,Void Bot,Stunt Jacket,Bored,Crazy,Horns
3991,,Void Black,Golden Brown,Wool Turtleneck,Grin Multicolored,Crazy,Sky Captain's Hat
3992,Diamond Stud,Void Black,Pink,,Dumbfounded,Bored,Spinner Hat
3993,,Void Black,Brown,Tuxedo Tee,Grin,Heart,Cowboy Hat
3994,,Void Black,Dark Brown,Biker Vest,Bored,Heart,Bowler
3995,,Void Black,Black,,Bored Cigar,Wide Eyed,Crimson Hat
3996,,Void Black,Cheetah,Service,Tongue Out,Eyepatch,
3997,,Void Black,Blue,Kings Robe,Dumbfounded,Wide Eyed,Beanie
3998,Silver Hoop,Void Black,Blue,Stunt Jacket,Bored,Bloodshot,Sky Captain's Hat
3999,Silver Stud,Void Black,Brown,,Bored Unshaven,Blindfold,Baby's Bonnet
4000,,Void Black,Brown,Stunt Jacket,Grin,Bloodshot,Cowboy Hat
4001,,Void Black,Pink,Striped Tee,Dumbfounded,Bloodshot,Glowrift Hat Black
4002,Silver Hoop,Void Black,Golden Brown,Navy Striped Tee,Bored,Crazy,Crimson Hat
4003,Silver Hoop,Void Black,Brown,Striped Tee,Dumbfounded,X Eyes,Bowler
4004,,Void Black,Dmt,Navy Striped Tee,Bored,Bored,Fez
4005,Silver Stud,Void Black,Cream,Glowrift T Red,Bored,Angry,Cowboy Hat
4006,Silver Stud,Void Black,Dark Brown,,Bored,Neonborg,Shadow Hat
4007,,Void Black,Gray,Void Rift T,Bored,Sleepy,
4008,,Void Black,Dark Brown,Kings Robe,Rage,Sad,Girl's Hair Pink
4009,Silver Hoop,Void Black,Phantom,,Bored,Bloodshot,Short Mohawk
4010,Gold Stud,Void Black,Gray,,Phoneme Vuh,Sad,Safari
4011,,Void Black,Brown,Prison Jumpsuit,Bored,Bored,
4012,,Void Black,Brown,,Rage,Blindfold,Bunny Ears
4013,,Void Black,Tan,Work Vest,Bored,Sleepy,
4014,,Void Black,Brown,Black Suit,Bored,Bored,Glowrift Hat Red
4015,,Void Black,Golden Brown,Caveman Pelt,Small Grin,Prismatic,Girl's Hair Pink
4016,,Void Black,Black,Fossil Necklace,Bored Cigar,Sleepy,Cowboy Hat
4017,,Void Black,Golden Brown,Guayabera,Phoneme Wah,Coins,
4018,,Void Black,Brown,,Grin Gold Grill,Blindfold,Short Mohawk
4019,,Void Black,Cream,Tuxedo Tee,Rage,Wide Eyed,Bowler
4020,,Void Black,Black,,Small Grin,Scumbag,Halo
4021,,Void Black,Brown,Sleeveless T,Bored,Eyepatch,
4022,,Void Black,Dark Brown,Tanktop,Bored Unshaven Cigarette,Sad,Beanie
4023,,Void Black,White,Leather Jacket,Rage,Sad,Bowler
4024,,Void Black,Void Bot,,Phoneme Vuh,Bored,Voyager's Hat
4025,,Void Black,Chrome,,Bored,Chrome,
4026,Silver Hoop,Void Black,Black,Striped Tee,Phoneme Oh,Scumbag,Fez
4027,Silver Hoop,Void Black,Cream,Glowrift T Red,Bored,Wide Eyed,Faux Hawk
4028,Diamond Stud,Void Black,White,Rainbow Suspenders,Bored Unshaven,Closed,Sky Captain's Hat
4029,,Void Black,Tan,Black T,Jovial,Closed,Short Mohawk
4030,Gold Hoop,Void Black,Brown,Guayabera,Rage,Closed,Voyager's Hat
4031,Gold Stud,Void Black,Chrome,Stunt Jacket,Small Grin,Eyepatch,Vietnam Era Helmet
4032,,Void Black,Black,Leather Jacket,Discomfort,Bored,Horns
4033,,Void Black,Brown,Glowrift T Black,Bored,Coins,
4034,,Void Black,Tan,Black T,Bored Cigarette,Closed,
4035,Diamond Stud,Void Black,Pink,Striped Tee,Bored,Sleepy,Sky Captain's Hat
4036,,Void Black,Brown,Puffy Vest,Phoneme Oh,Wide Eyed,Fez
4037,,Void Black,Brown,Tie Dye,Bored,Bloodshot,Fisherman's Hat
4038,,Void Black,Golden Brown,,Bored,Sad,Short Mohawk
4039,,Void Black,Cream,,Bored,Phantom,
4040,Silver Hoop,Void Black,Chrome,,Bored,Bored,Shadow Hat
4041,,Void Black,Red,Hip Hop,Bored,Angry,Glowrift Flipped Brim
4042,Cross,Void Black,Golden Brown,Fossil Necklace,Tongue Out,Heart,Faux Hawk
4043,,Void Black,Brown,,Grin,Bored,Fisherman's Hat
4044,,Void Black,Red,Tanktop,Grin Multicolored,Bored,Glowrift Flipped Brim
4045,,Void Black,Golden Brown,Tweed Suit,Bored,Angry,Glowrift Flipped Brim
4046,Gold Hoop,Void Black,Cream,Sailor Shirt,Grin Gold Grill,Scumbag,Short Mohawk
4047,Gold Hoop,Void Black,Red,Biker Vest,Rage,Sleepy,Shadow Hat
4048,Gold Hoop,Void Black,Cream,Rainbow Suspenders,Bored Unshaven,Sad,Horns
4049,,Void Black,Black,,Bored Unshaven,Blindfold,Vietnam Era Helmet
4050,,Void Black,Tan,Tweed Suit,Dumbfounded,Wide Eyed,Shadow Hat
4051,,Void Black,Brown,,Grin,Closed,Cowboy Hat
4052,,Void Black,White,Striped Tee,Bored Unshaven,Bored,
4053,,Void Black,Black,Cowboy Shirt,Bored,Bored,Halo
4054,,Void Black,Dmt,Lumberjack Shirt,Discomfort,Blindfold,Beanie
4055,Silver Stud,Void Black,Brown,Bandolier,Phoneme Wah,Sunglasses,Fisherman's Hat
4056,Gold Stud,Void Black,Dark Brown,Lumberjack Shirt,Rage,Scumbag,Voyager's Hat
4057,,Void Black,Pink,Vietnam Jacket,Phoneme ooo,Angry,
4058,Diamond Stud,Void Black,Dmt,Bandolier,Bored,Sad,Fisherman's Hat
4059,,Void Black,White,Bandolier,Phoneme Vuh,Sad,
4060,Silver Stud,Void Black,Black,Black T,Bored Unshaven,Bloodshot,Fez
4061,Gold Hoop,Void Black,Cheetah,,Bored Unshaven,3d,Sushi Chef Headband
4062,,Void Black,Blue,Tuxedo Tee,Bored Unshaven Cigarette,Chrome,Faux Hawk
4063,,Void Black,Cream,Guayabera,Jovial,Bored,Irish Boho
4064,Cross,Void Black,Blue,Guayabera,Dumbfounded,Heart,Beanie
4065,,Void Black,Cheetah,Hip Hop,Bored,Wide Eyed,
4066,,Void Black,White,Hip Hop,Dumbfounded,Sleepy,King's Crown
4067,Diamond Stud,Void Black,Black,Black T,Bored Dagger,Bloodshot,
4068,Silver Stud,Void Black,Pink,,Phoneme L,Bored,Glowrift Hat Red
4069,,Void Black,White,,Bored,Heart,
4070,,Void Black,Tan,,Bored Unshaven,Bored,
4071,,Void Black,Phantom,,Bored,Heart,Girl's Hair Pink
4072,,Void Black,Brown,Tweed Suit,Grin,Closed,Crimson Hat
4073,Silver Hoop,Void Black,Gray,Leather Jacket,Bored Unshaven,Sad,Beanie
4074,Silver Hoop,Void Black,Brown,Navy Striped Tee,Bored Unshaven Cigarette,3d,Girl's Hair Pink
4075,,Void Black,Brown,Sleeveless Logo T,Grin Gold Grill,Sunglasses,Sky Captain's Hat
4076,Gold Hoop,Void Black,Cheetah,Tuxedo Tee,Bored Cigarette,Neonborg,Irish Boho
4077,,Void Black,Blue,Wool Turtleneck,Bored Cigarette,Sunglasses,Fez
4078,,Void Black,Cheetah,Tanktop,Grin,Wide Eyed,Crimson Hat
4079,,Void Black,Gray,Black T,Bored Unshaven Cigarette,Bored,Voyager's Hat
4080,,Void Black,Red,,Bored,Crazy,Beanie
4081,,Void Black,Golden Brown,,Bored Cigarette,Sad,Bowler
4082,Gold Hoop,Void Black,Dark Brown,Smoking Jacket,Phoneme Oh,Sleepy,Prussian Helmet
4083,,Void Black,Black,Striped Tee,Bored,Wide Eyed,
4084,Silver Stud,Void Black,Brown,Hawaiian,Discomfort,Sleepy,Baby's Bonnet
4085,Gold Hoop,Void Black,Phantom,,Bored,Sleepy,Horns
4086,,Void Black,Dark Brown,Wool Turtleneck,Dumbfounded,Scumbag,Halo
4087,Gold Stud,Void Black,Chrome,Void Rift T,Bored Unshaven,Scumbag,Baby's Bonnet
4088,,Void Black,Brown,Biker Vest,Grin Multicolored,Laser Eyes,Fisherman's Hat
4089,,Void Black,Brown,Bandolier,Bored Unshaven,Hypnotized,Fisherman's Hat
4090,,Void Black,Dmt,Guayabera,Bored Unshaven Pipe,Chrome,Cowboy Hat
4091,,Void Black,Dark Brown,Lab Coat,Bored Party Horn,Closed,Bowler
4092,Silver Stud,Void Black,White,Lumberjack Shirt,Bored Cigarette,Sad,Girl's Hair Short
4093,,Void Black,White,Striped Tee,Grin,Blindfold,Voyager's Hat
4094,Gold Stud,Void Black,Brown,Caveman Pelt,Phoneme ooo,Hypnotized,
4095,,Void Black,Red,Sleeveless T,Bored Unshaven,Bloodshot,Shadow Hat
4096,Silver Stud,Void Black,Dmt,Tanktop,Phoneme Vuh,Heart,Prussian Helmet
4097,,Void Black,Brown,Lumberjack Shirt,Dumbfounded,Bored,
4098,Silver Stud,Void Black,Gray,,Discomfort,Sleepy,
4099,,Void Black,Golden Brown,,Bored Unshaven,Crazy,Baby's Bonnet
4100,Silver Stud,Void Black,Cheetah,,Phoneme ooo,Eyepatch,Bowler
4101,,Void Black,Noise,,Bored Unshaven,Bored,
4102,,Void Black,Dark Brown,Prison Jumpsuit,Bored,Angry,
4103,,Void Black,Brown,Tie Dye,Tongue Out,Sad,Glowrift Hat Black
4104,Silver Stud,Void Black,Pink,Puffy Vest,Bored,Bored,Crimson Hat
4105,,Void Black,Blue,Vietnam Jacket,Bored,Heart,
4106,,Void Black,Dark Brown,Navy Striped Tee,Dumbfounded,Scumbag,Glowrift Flipped Brim
4107,,Void Black,Brown,,Bored Unshaven,Scumbag,Glowrift Hat Black
4108,,Void Black,Dark Brown,Black Suit,Bored Cigarette,Bored,Glowrift Hat Black
4109,,Void Black,Brown,Vietnam Jacket,Jovial,Sunglasses,
4110,,Void Black,Dark Brown,Hip Hop,Bored Cigar,Eyepatch,Irish Boho
4111,,Void Black,Brown,,Dumbfounded,Bored,Fisherman's Hat
4112,,Void Black,Blue,Fossil Tee,Bored Unshaven,Crazy,Cowboy Hat
4113,Diamond Stud,Void Black,Brown,Vietnam Jacket,Phoneme ooo,Bloodshot,
4114,,Void Black,Golden Brown,Bandolier,Bored Party Horn,Chrome,Fisherman's Hat
4115,Silver Stud,Void Black,Brown,Navy Striped Tee,Bored Unshaven,Prismatic,Bunny Ears
4116,,Void Black,Cream,Hawaiian,Phoneme Vuh,Bloodshot,Party Hat 2
4117,Silver Hoop,Void Black,Cream,Biker Vest,Bored,Bored,S&m Hat
4118,,Void Black,Cheetah,Caveman Pelt,Grin,Wide Eyed,Beanie
4119,,Void Black,Brown,Fossil Tee,Bored Unshaven Cigarette,Closed,Irish Boho
4120,Gold Hoop,Void Black,Dark Brown,Hawaiian,Bored,Bored,
4121,,Void Black,Golden Brown,Tie Dye,Phoneme Vuh,Closed,Glowrift Flipped Brim
4122,Silver Hoop,Void Black,Black,Work Vest,Phoneme Wah,Bored,Voyager's Hat
4123,,Void Black,Cream,,Phoneme ooo,Neonborg,Voyager's Hat
4124,,Void Black,Brown,Smoking Jacket,Phoneme L,Bloodshot,Irish Boho
4125,Silver Stud,Void Black,Golden Brown,Smoking Jacket,Bored,Heart,Voyager's Hat
4126,,Void Black,Gray,Stunt Jacket,Tongue Out,Wide Eyed,Glowrift Hat Black
4127,,Void Black,Dmt,Admirals Coat,Rage,Sunglasses,S&m Hat
4128,,Void Black,Golden Brown,Navy Striped Tee,Bored Unshaven Cigar,Sleepy,
4129,Silver Stud,Void Black,Golden Brown,Blue Dress,Bored,Angry,
4130,,Void Black,Black,Sailor Shirt,Bored Pizza,Sad,Voyager's Hat
4131,,Void Black,Cheetah,Striped Tee,Bored Unshaven,Closed,Glowrift Flipped Brim
4132,,Void Black,Cream,Black T,Phoneme Vuh,Angry,Bowler
4133,,Void Black,Brown,Vietnam Jacket,Phoneme ooo,Wide Eyed,Shadow Hat
4134,,Void Black,Pink,Work Vest,Bored Pipe,Wide Eyed,Fisherman's Hat
4135,,Void Black,Black,,Small Grin,Crazy,
4136,Silver Hoop,Void Black,Black,Prison Jumpsuit,Bored,Sleepy,Stuntman Helmet
4137,Silver Hoop,Void Black,Cheetah,Caveman Pelt,Dumbfounded,Bloodshot,
4138,,Void Black,Black,Rainbow Suspenders,Grin,Bored,
4139,Diamond Stud,Void Black,Brown,Sleeveless Logo T,Bored,Sunglasses,Short Mohawk
4140,,Void Black,White,Tie Dye,Tongue Out,Blindfold,
4141,Silver Stud,Void Black,Dark Brown,,Dumbfounded,Closed,Fez
4142,,Void Black,Void Bot,Toga,Bored Unshaven,X Eyes,
4143,Silver Hoop,Void Black,Pink,,Rage,Coins,
4144,,Void Black,White,Service,Bored Bubblegum,Sleepy,
4145,Silver Hoop,Void Black,Chrome,Sailor Shirt,Bored Unshaven,Chrome,
4146,,Void Black,Pink,Sleeveless T,Bored Cigarette,Heart,Shadow Hat
4147,,Void Black,Noise,Fossil Necklace,Bored Cigarette,Bored,Bunny Ears
4148,,Void Black,Black,,Bored Unshaven Pipe,Coins,Beanie
4149,,Void Black,Black,Hawaiian,Bored,Bored,Sushi Chef Headband
4150,,Void Black,White,,Phoneme Wah,Wide Eyed,
4151,Gold Hoop,Void Black,Dark Brown,Biker Vest,Bored Unshaven Dagger,Bored,Party Hat 1
4152,Diamond Stud,Void Black,Gray,Striped Tee,Bored,Crazy,Sky Captain's Hat
4153,,Void Black,Brown,Leather Spectrum Jacket,Bored Unshaven,Bloodshot,Laurel Wreath
4154,,Void Black,Gray,,Bored,Bored,Glowrift Hat Black
4155,,Void Black,Cheetah,,Bored,Bloodshot,
4156,,Void Black,Golden Brown,,Bored,3d,
4157,,Void Black,Golden Brown,Glowrift T Black,Bored,Wide Eyed,Vietnam Era Helmet
4158,,Void Black,Cheetah,Biker Vest,Jovial,3d,
4159,,Void Black,Cheetah,,Bored,Bored,
4160,Silver Hoop,Void Black,Cheetah,Rainbow Suspenders,Grin,Coins,
4161,,Void Black,Black,Striped Tee,Bored Unshaven,Blindfold,Safari
4162,,Void Black,Golden Brown,Tweed Suit,Phoneme L,Eyepatch,Stuntman Helmet
4163,,Void Black,Golden Brown,Vietnam Jacket,Phoneme Oh,Bloodshot,Short Mohawk
4164,Silver Hoop,Void Black,Golden Brown,,Bored Unshaven,Eyepatch,Safari
4165,Silver Stud,Void Black,Brown,Tie Dye,Dumbfounded,Closed,Bowler
4166,,Void Black,Pink,Sailor Shirt,Bored,Bored,Shadow Hat
4167,Silver Hoop,Void Black,White,,Bored Unshaven,Coins,Party Hat 2
4168,,Void Black,Black,,Bored Unshaven,3d,Beanie
4169,,Void Black,Void Bot,Toga,Dumbfounded,Wide Eyed,Glowrift Flipped Brim
4170,Silver Hoop,Void Black,Black,Glowrift T Black,Bored,3d,Girl's Hair Short
4171,,Void Black,Brown,Smoking Jacket,Phoneme Wah,Crazy,Short Mohawk
4172,,Void Black,Golden Brown,,Bored Unshaven Cigarette,Angry,Crimson Hat
4173,Diamond Stud,Void Black,Red,Fossil Tee,Bored Unshaven,X Eyes,Bunny Ears
4174,Gold Hoop,Void Black,Blue,Biker Vest,Bored,Closed,Irish Boho
4175,,Void Black,Brown,,Bored Unshaven Cigarette,X Eyes,Glowrift Hat Black
4176,,Void Black,Void Bot,Tweed Suit,Jovial,Closed,Bowler
4177,Cross,Void Black,Black,Black Suit,Bored Unshaven,Bored,Glowrift Hat Red
4178,Silver Hoop,Void Black,Phantom,Guayabera,Bored Unshaven,Bored,Horns
4179,,Void Black,Phantom,Sailor Shirt,Bored Unshaven Kazoo,Angry,Shadow Hat
4180,,Void Black,Cream,Pimp Coat,Bored Unshaven,Bored,Beanie
4181,Silver Hoop,Void Black,Chrome,Blue Dress,Bored Unshaven,Bored,Sky Captain's Hat
4182,Silver Hoop,Void Black,Black,Navy Striped Tee,Small Grin,Sleepy,S&m Hat
4183,Silver Stud,Void Black,Black,Black T,Grin,Coins,Bandana Blue
4184,,Void Black,Black,Tweed Suit,Bored,Bored,Beanie
4185,Cross,Void Black,Cream,,Bored Cigarette,3d,Voyager's Hat
4186,,Void Black,Golden Brown,,Discomfort,Bored,Fisherman's Hat
4187,,Void Black,Dmt,Navy Striped Tee,Bored Unshaven Bubblegum,Closed,Faux Hawk
4188,,Void Black,Chrome,Vietnam Jacket,Bored Unshaven,Bored,
4189,Cross,Void Black,Dark Brown,Hawaiian,Grin,Bored,Sky Captain's Hat
4190,,Void Black,Golden Brown,Lumberjack Shirt,Phoneme Vuh,Bored,Bunny Ears
4191,,Void Black,Tan,Pimp Coat,Bored,Closed,
4192,Silver Stud,Void Black,Golden Brown,,Bored Unshaven,Bloodshot,Glowrift Flipped Brim
4193,,Void Black,Dark Brown,Smoking Jacket,Bored,Bored,Spinner Hat
4194,Silver Stud,Void Black,Brown,,Bored Pizza,Sleepy,Beanie
4195,,Void Black,Black,Smoking Jacket,Bored Unshaven Cigarette,Sunglasses,
4196,Gold Hoop,Void Black,Brown,Rainbow Suspenders,Bored,Bored,Short Mohawk
4197,,Void Black,Brown,,Phoneme Oh,Blindfold,Bowler
4198,,Void Black,Red,Sailor Shirt,Dumbfounded,Bloodshot,Fez
4199,,Void Black,Pink,Puffy Vest,Bored,Bloodshot,
4200,,Void Black,Cream,Prison Jumpsuit,Bored Unshaven,Sad,Irish Boho
4201,Silver Stud,Void Black,Blue,Lab Coat,Bored,Bored,Girl's Hair Pink
4202,,Void Black,Dark Brown,Hip Hop,Bored Cigarette,Bored,
4203,,Void Black,Brown,Void Rift T,Bored Unshaven Party horn,Angry,Bowler
4204,,Void Black,Black,,Bored,Heart,
4205,,Void Black,Brown,Fossil Tee,Bored,Closed,
4206,,Void Black,Phantom,Wool Turtleneck,Jovial,Bloodshot,Chromatic Captain's Hat
4207,Silver Hoop,Void Black,Golden Brown,Tanktop,Bored Bubblegum,Prismatic,Safari
4208,Gold Hoop,Void Black,Golden Brown,,Grin,Hypnotized,Fisherman's Hat
4209,,Void Black,Brown,Blue Dress,Tongue Out,Sad,Short Mohawk
4210,,Void Black,Black,Lumberjack Shirt,Bored Unshaven,Blindfold,Shadow Hat
4211,Silver Hoop,Void Black,Black,Sailor Shirt,Bored Unshaven,Chrome,Beanie
4212,,Void Black,Blue,,Bored Unshaven Cigarette,Bloodshot,
4213,Gold Stud,Void Black,Cream,Black T,Phoneme Vuh,Prismatic,
4214,,Void Black,Noise,Tanktop,Dumbfounded,Prismatic,Cowboy Hat
4215,,Void Black,Brown,,Grin Diamond Grill,Eyepatch,Glowrift Hat Black
4216,,Void Black,Noise,Wool Turtleneck,Bored,Bored,Cowboy Hat
4217,,Void Black,Golden Brown,Fossil Tee,Phoneme L,Neonborg,Sky Captain's Hat
4218,,Void Black,Golden Brown,,Bored Unshaven,X Eyes,King's Crown
4219,,Void Black,Brown,,Grin Gold Grill,Blindfold,Cowboy Hat
4220,,Void Black,White,,Small Grin,Sad,Spinner Hat
4221,,Void Black,Pink,Hawaiian,Grin,Angry,Fez
4222,,Void Black,Pink,,Bored,Bored,Girl's Hair Short
4223,Silver Stud,Void Black,Brown,Biker Vest,Phoneme Wah,Angry,Halo
4224,,Void Black,Gray,Work Vest,Bored Bubblegum,Bored,Cowboy Hat
4225,,Void Black,White,Prison Jumpsuit,Bored Cigarette,Wide Eyed,Fisherman's Hat
4226,,Void Black,Dark Brown,Sleeveless T,Grin,Sad,Shadow Hat
4227,,Void Black,Dark Brown,Navy Striped Tee,Phoneme L,Crazy,Cowboy Hat
4228,,Void Black,Brown,,Dumbfounded,Hypnotized,Vietnam Era Helmet
4229,,Void Black,Brown,Glowrift T Red,Bored Unshaven,Crazy,Sky Captain's Hat
4230,,Void Black,Tan,,Bored Party Horn,Wide Eyed,Horns
4231,,Void Black,Pink,,Bored Unshaven Cigar,Sunglasses,
4232,,Void Black,Black,Void Rift T,Bored Unshaven Cigarette,Wide Eyed,
4233,Silver Stud,Void Black,Brown,Striped Tee,Phoneme ooo,Bored,Fisherman's Hat
4234,,Void Black,Phantom,Vietnam Jacket,Jovial,Crazy,Sky Captain's Hat
4235,,Void Black,Dark Brown,Smoking Jacket,Bored Bubblegum,3d,
4236,,Void Black,Dark Brown,Toga,Bored,Sunglasses,
4237,,Void Black,Dark Brown,Hawaiian,Bored Unshaven,Neonborg,Girl's Hair Short
4238,,Void Black,Blue,,Grin Diamond Grill,Closed,Halo
4239,,Void Black,Black,,Bored Pizza,Closed,Voyager's Hat
4240,,Void Black,Phantom,Sleeveless Logo T,Bored Unshaven Pipe,Coins,
4241,,Void Black,Brown,,Dumbfounded,Bored,Voyager's Hat
4242,Gold Stud,Void Black,Dark Brown,Wool Turtleneck,Bored Unshaven,Closed,Beanie
4243,,Void Black,Chrome,Leather Spectrum Jacket,Bored Party Horn,Sad,
4244,,Void Black,Brown,,Bored Party Horn,Sad,
4245,,Void Black,Tan,,Bored Unshaven,Scumbag,Party Hat 1
4246,,Void Black,Cream,Lumberjack Shirt,Bored Unshaven,Bored,Cowboy Hat
4247,,Void Black,Dark Brown,Hawaiian,Dumbfounded,X Eyes,Shadow Hat
4248,Gold Hoop,Void Black,Cheetah,Tweed Suit,Bored Unshaven,X Eyes,Voyager's Hat
4249,,Void Black,Brown,Bandolier,Phoneme Wah,Sunglasses,Sushi Chef Headband
4250,,Void Black,Black,Kings Robe,Bored Cigarette,Chrome,
4251,,Void Black,Tan,Biker Vest,Bored Unshaven,Wide Eyed,Fez
4252,,Void Black,Dark Brown,,Bored Unshaven,Phantom,
4253,,Void Black,Tan,Sleeveless T,Bored Unshaven,Bored,Spinner Hat
4254,Gold Stud,Void Black,Brown,Kings Robe,Bored Unshaven,Eyepatch,Beanie
4255,,Void Black,Cream,Caveman Pelt,Tongue Out,Bored,Short Mohawk
4256,,Void Black,Red,Leather Jacket,Dumbfounded,Angry,Glowrift Flipped Brim
4257,,Void Black,Black,Tie Dye,Jovial,Wide Eyed,Faux Hawk
4258,Gold Stud,Void Black,Gray,Blue Dress,Grin,Prismatic,Cowboy Hat
4259,Silver Hoop,Void Black,Cream,Hawaiian,Bored,Bored,Beanie
4260,,Void Black,Dark Brown,Cowboy Shirt,Bored Unshaven,Sleepy,Spinner Hat
4261,Silver Stud,Void Black,Phantom,Striped Tee,Bored Unshaven Cigarette,Sad,Fisherman's Hat
4262,Gold Stud,Void Black,White,Vietnam Jacket,Bored Cigarette,Closed,Shadow Hat
4263,,Void Black,Dark Brown,Fossil Necklace,Bored,Coins,Glowrift Flipped Brim
4264,Silver Stud,Void Black,Dmt,Space Suit,Dumbfounded,Bored,
4265,,Void Black,Chrome,Work Vest,Grin Diamond Grill,Coins,Fez
4266,,Void Black,Red,Smoking Jacket,Bored Cigarette,Blindfold,
4267,,Void Black,Gray,Sleeveless Logo T,Grin,Bored,Irish Boho
4268,,Void Black,Pink,Service,Small Grin,Hypnotized,
4269,,Void Black,Black,Fossil Tee,Phoneme ooo,Coins,
4270,,Void Black,Gray,Pimp Coat,Bored Unshaven Cigarette,Wide Eyed,Sky Captain's Hat
4271,,Void Black,Red,Sleeveless Logo T,Phoneme Vuh,Bored,Shadow Hat
4272,,Void Black,Golden Brown,Lumberjack Shirt,Bored,Bloodshot,Prussian Helmet
4273,,Void Black,Brown,Fossil Tee,Bored Pizza,Bloodshot,
4274,,Void Black,Brown,,Bored,Chrome,Glowrift Flipped Brim
4275,,Void Black,Cream,,Bored,Hypnotized,Horns
4276,,Void Black,Brown,Smoking Jacket,Bored,Blindfold,Bandana Blue
4277,,Void Black,Dark Brown,Sleeveless Logo T,Bored Unshaven,Closed,Faux Hawk
4278,,Void Black,Cheetah,,Dumbfounded,Bloodshot,Fez
4279,Gold Hoop,Void Black,Golden Brown,Striped Tee,Bored Unshaven Cigarette,3d,
4280,Silver Hoop,Void Black,Cream,Toga,Bored,Blindfold,Fez
4281,,Void Black,Brown,Hawaiian,Bored Unshaven Pipe,Blue Beams,
4282,,Void Black,Tan,Rainbow Suspenders,Bored,Eyepatch,Bandana Blue
4283,,Void Black,Brown,Striped Tee,Bored,Bloodshot,Short Mohawk
4284,Silver Hoop,Void Black,Cream,,Rage,Bored,S&m Hat
4285,,Void Black,Golden Brown,Sleeveless T,Bored,Heart,Bunny Ears
4286,Silver Stud,Void Black,Black,Smoking Jacket,Bored Unshaven Cigarette,Closed,
4287,,Void Black,Phantom,Service,Bored Unshaven,Closed,
4288,Silver Stud,Void Black,Dark Brown,Tie Dye,Phoneme Vuh,Sleepy,Sky Captain's Hat
4289,Silver Stud,Void Black,Dark Brown,,Bored Unshaven Cigarette,Bloodshot,Baby's Bonnet
4290,Gold Stud,Void Black,Red,Navy Striped Tee,Bored Cigarette,3d,Beanie
4291,,Void Black,Black,Striped Tee,Phoneme ooo,3d,Bowler
4292,,Void Black,Gray,,Bored Unshaven Cigar,Bored,S&m Hat
4293,,Void Black,Dark Brown,,Bored,Hypnotized,Beanie
4294,,Void Black,Phantom,,Phoneme ooo,Closed,Voyager's Hat
4295,,Void Black,Cream,Sleeveless T,Grin,Wide Eyed,Irish Boho
4296,,Void Black,Brown,,Bored Unshaven,Bored,
4297,,Void Black,Dmt,Sleeveless T,Bored,Laser Eyes,Spinner Hat
4298,,Void Black,Brown,Tanktop,Grin,Crazy,Crimson Hat
4299,,Void Black,Tan,Kings Robe,Phoneme Wah,Sleepy,Bunny Ears
4300,,Void Black,Tan,Tie Dye,Bored Unshaven Dagger,3d,Spinner Hat
4301,,Void Black,Dark Brown,Vietnam Jacket,Bored Unshaven,Bored,S&m Hat
4302,Silver Hoop,Void Black,Gray,Fossil Tee,Grin,X Eyes,Short Mohawk
4303,,Void Black,Tan,Hip Hop,Bored Cigarette,Blindfold,
4304,,Void Black,Dark Brown,Tuxedo Tee,Bored Unshaven,Sleepy,Bunny Ears
4305,,Void Black,Golden Brown,Tie Dye,Bored,Phantom,Glowrift Hat Black
4306,,Void Black,Tan,,Phoneme Vuh,Sad,Fisherman's Hat
4307,,Void Black,Dark Brown,,Bored Unshaven,Bored,Shadow Hat
4308,,Void Black,Tan,Navy Striped Tee,Rage,Sunglasses,Crimson Hat
4309,,Void Black,Golden Brown,Lab Coat,Bored Cigarette,Prismatic,
4310,Silver Hoop,Void Black,Gray,Sleeveless T,Small Grin,Bored,Bunny Ears
4311,Gold Hoop,Void Black,Pink,,Phoneme Vuh,Heart,Glowrift Flipped Brim
4312,,Void Black,Pink,Striped Tee,Tongue Out,Eyepatch,Horns
4313,,Void Black,White,Hawaiian,Bored Unshaven Cigarette,Bored,Crimson Hat
4314,Gold Stud,Void Black,Dark Brown,Guayabera,Bored,Closed,Beanie
4315,,Void Black,Dark Brown,Prison Jumpsuit,Tongue Out,Closed,Beanie
4316,,Void Black,Brown,Hip Hop,Bored Unshaven,Closed,Vietnam Era Helmet
4317,Silver Hoop,Void Black,Pink,,Grin,3d,Short Mohawk
4318,,Void Black,Brown,Guayabera,Small Grin,Hypnotized,Voyager's Hat
4319,,Void Black,Brown,Black T,Phoneme L,Bloodshot,Sky Captain's Hat
4320,,Void Black,Tan,Glowrift T Red,Grin Gold Grill,Sunglasses,Spinner Hat
4321,,Void Black,Cream,Navy Striped Tee,Phoneme Vuh,Chrome,
4322,,Void Black,Red,Service,Bored Unshaven,Coins,
4323,,Void Black,Blue,Vietnam Jacket,Bored Cigar,Crazy,S&m Hat
4324,,Void Black,Chrome,,Grin,Heart,S&m Hat
4325,,Void Black,Dark Brown,Black T,Bored,Bored,
4326,,Void Black,Brown,Puffy Vest,Grin,Eyepatch,
4327,,Void Black,Golden Brown,Work Vest,Bored Unshaven Kazoo,Closed,Sky Captain's Hat
4328,Gold Hoop,Void Black,Blue,,Bored Unshaven,Eyepatch,Spinner Hat
4329,Diamond Stud,Void Black,Dark Brown,Vietnam Jacket,Dumbfounded,Sleepy,Safari
4330,,Void Black,Phantom,Black T,Dumbfounded,Sleepy,Crimson Hat
4331,,Void Black,Brown,Rainbow Suspenders,Bored Unshaven Pipe,Wide Eyed,Fisherman's Hat
4332,,Void Black,Gray,Vietnam Jacket,Bored Unshaven,Bored,Halo
4333,,Void Black,Red,Prison Jumpsuit,Grin,Chrome,Fez
4334,,Void Black,Blue,Vietnam Jacket,Bored,Bored,Glowrift Flipped Brim
4335,Diamond Stud,Void Black,Brown,Striped Tee,Phoneme Vuh,Crazy,
4336,Gold Hoop,Void Black,Dark Brown,Striped Tee,Bored,Bored,Halo
4337,,Void Black,Gray,Vietnam Jacket,Bored Unshaven,Eyepatch,Horns
4338,Gold Stud,Void Black,Dark Brown,,Bored,Bored,Party Hat 1
4339,,Void Black,Cream,Prom Dress,Bored,Bloodshot,Prussian Helmet
4340,Silver Hoop,Void Black,Black,Biker Vest,Small Grin,Closed,
4341,Gold Hoop,Void Black,Black,Service,Bored Kazoo,Bored,
4342,Silver Stud,Void Black,Golden Brown,Navy Striped Tee,Bored,X Eyes,Fisherman's Hat
4343,,Void Black,Cream,Navy Striped Tee,Dumbfounded,Closed,Chromatic Captain's Hat
4344,,Void Black,Brown,Fossil Necklace,Phoneme Oh,Closed,S&m Hat
4345,Silver Stud,Void Black,Gray,,Dumbfounded,Chrome,Cowboy Hat
4346,,Void Black,Red,,Bored,Heart,
4347,,Void Black,Void Bot,Stunt Jacket,Bored,Hypnotized,Shadow Hat
4348,,Void Black,Phantom,,Phoneme L,Crazy,Faux Hawk
4349,,Void Black,White,Sailor Shirt,Bored,Coins,Vietnam Era Helmet
4350,,Void Black,Black,,Phoneme L,Heart,Beanie
4351,,Void Black,Cheetah,Wool Turtleneck,Bored Unshaven Party horn,Bloodshot,
4352,,Void Black,Red,,Phoneme Vuh,Sunglasses,Girl's Hair Short
4353,,Void Black,Dmt,,Bored,Bloodshot,Bowler
4354,,Void Black,Brown,Vietnam Jacket,Grin,Scumbag,Fez
4355,,Void Black,Tan,,Bored,Sunglasses,
4356,,Void Black,Chrome,,Bored Unshaven Pipe,Bloodshot,Glowrift Hat Red
4357,Diamond Stud,Void Black,Dmt,Toga,Bored,Bored,Irish Boho
4358,,Void Black,Tan,,Bored,Bored,Fisherman's Hat
4359,Silver Hoop,Void Black,Black,Striped Tee,Bored Unshaven,Wide Eyed,Spinner Hat
4360,,Void Black,Dark Brown,Leather Jacket,Bored,3d,Party Hat 1
4361,Silver Hoop,Void Black,Cream,Biker Vest,Grin,Sunglasses,Girl's Hair Short
4362,,Void Black,Pink,,Bored,Closed,Irish Boho
4363,,Void Black,Cream,,Grin Multicolored,Scumbag,Voyager's Hat
4364,,Void Black,Dark Brown,Fossil Tee,Grin,Angry,Sushi Chef Headband
4365,,Void Black,White,Service,Discomfort,Scumbag,
4366,Silver Hoop,Void Black,Golden Brown,Navy Striped Tee,Bored,Hypnotized,Crimson Hat
4367,,Void Black,White,Blue Dress,Bored Unshaven Pipe,Heart,Party Hat 1
4368,,Void Black,Cream,Lumberjack Shirt,Bored Pizza,Bloodshot,
4369,,Void Black,Brown,Striped Tee,Dumbfounded,Scumbag,Crimson Hat
4370,Cross,Void Black,Tan,,Bored,3d,
4371,,Void Black,Tan,Leather Spectrum Jacket,Bored,Bored,Horns
4372,,Void Black,Dark Brown,Tanktop,Grin,Bored,
4373,Silver Stud,Void Black,Blue,,Jovial,Bored,Bowler
4374,,Void Black,Dmt,Stunt Jacket,Tongue Out,Bored,Beanie
4375,,Void Black,Dark Brown,Biker Vest,Grin Diamond Grill,Bored,Cowboy Hat
4376,,Void Black,Cream,Fossil Tee,Grin Gold Grill,Sleepy,Bowler
4377,,Void Black,Brown,Kings Robe,Bored Unshaven,Sunglasses,Glowrift Flipped Brim
4378,Gold Stud,Void Black,Golden Brown,Navy Striped Tee,Bored Cigar,Sunglasses,Fisherman's Hat
4379,,Void Black,Chrome,Sleeveless T,Phoneme ooo,Closed,Beanie
4380,,Void Black,Chromatic,Black T,Bored Unshaven Pipe,Bored,Short Mohawk
4381,,Void Black,Golden Brown,Leather Jacket,Discomfort,Bored,Glowrift Flipped Brim
4382,,Void Black,Brown,Stunt Jacket,Bored Cigarette,Closed,Prussian Helmet
4383,,Void Black,Golden Brown,Striped Tee,Bored,Sleepy,Fisherman's Hat
4384,,Void Black,Blue,Striped Tee,Bored Unshaven,Sad,Girl's Hair Short
4385,,Void Black,Chrome,Navy Striped Tee,Bored,Sleepy,Sushi Chef Headband
4386,,Void Black,Void Bot,Fossil Necklace,Phoneme Oh,Sunglasses,Safari
4387,,Void Black,Gray,Black T,Bored,Crazy,
4388,,Void Black,Golden Brown,Rainbow Suspenders,Bored Unshaven Cigarette,Prismatic,Fez
4389,Gold Hoop,Void Black,White,,Grin Multicolored,Blindfold,Fisherman's Hat
4390,,Void Black,Brown,Fossil Tee,Bored,Phantom,Cowboy Hat
4391,,Void Black,Red,,Jovial,Sleepy,Glowrift Hat Red
4392,,Void Black,Brown,,Bored Unshaven,3d,
4393,,Void Black,Cheetah,Sleeveless Logo T,Tongue Out,Coins,Prussian Helmet
4394,,Void Black,Cream,Leather Jacket,Bored Bubblegum,Closed,Short Mohawk
4395,Gold Stud,Void Black,Dark Brown,Tie Dye,Grin Gold Grill,Closed,Short Mohawk
4396,Silver Hoop,Void Black,Pink,Navy Striped Tee,Bored Unshaven Cigar,Coins,
4397,,Void Black,Brown,,Grin,Coins,
4398,,Void Black,Gray,,Rage,Sleepy,Beanie
4399,,Void Black,Black,Toga,Bored Unshaven,Sunglasses,
4400,,Void Black,Radiant Gold,Tanktop,Phoneme Oh,Heart,Fisherman's Hat
4401,Silver Hoop,Void Black,Pink,Striped Tee,Bored Cigarette,Closed,Fisherman's Hat
4402,,Void Black,Red,Tie Dye,Grin,Bloodshot,Beanie
4403,,Void Black,Black,,Phoneme Vuh,Coins,Laurel Wreath
4404,Silver Hoop,Void Black,White,Vietnam Jacket,Bored Cigarette,Angry,
4405,,Void Black,Gray,,Bored,Wide Eyed,Shadow Hat
4406,Gold Hoop,Void Black,White,Biker Vest,Jovial,Bored,Halo
4407,Silver Hoop,Void Black,White,Biker Vest,Bored Unshaven,Closed,Vietnam Era Helmet
4408,,Void Black,Dark Brown,Tanktop,Grin,Bored,Halo
4409,,Void Black,Brown,Glowrift T Red,Discomfort,Bloodshot,
4410,Silver Hoop,Void Black,Tan,,Bored,Bored,Sky Captain's Hat
4411,,Void Black,Blue,Black T,Bored,Bored,Sushi Chef Headband
4412,,Void Black,Tan,,Jovial,Coins,Bowler
4413,Silver Hoop,Void Black,Golden Brown,Pimp Coat,Grin Multicolored,Angry,Glowrift Hat Black
4414,Silver Hoop,Void Black,Cheetah,Tie Dye,Tongue Out,Eyepatch,
4415,Gold Stud,Void Black,Golden Brown,,Bored Unshaven Party horn,Wide Eyed,Crimson Hat
4416,,Void Black,Golden Brown,Cowboy Shirt,Bored Unshaven Cigarette,3d,Girl's Hair Pink
4417,,Void Black,Brown,Void Rift T,Bored,Sunglasses,Sushi Chef Headband
4418,,Void Black,Brown,,Bored Unshaven Cigarette,Laser Eyes,
4419,Silver Stud,Void Black,Golden Brown,Leather Jacket,Bored Cigarette,Angry,Short Mohawk
4420,,Void Black,Tan,,Phoneme ooo,Angry,Shadow Hat
4421,,Void Black,Golden Brown,Caveman Pelt,Bored Pipe,Crazy,Beanie
4422,Silver Stud,Void Black,Brown,Guayabera,Phoneme Vuh,Coins,Horns
4423,Silver Hoop,Void Black,Cream,,Bored Cigarette,Sleepy,Baby's Bonnet
4424,,Void Black,Dark Brown,Hawaiian,Bored,Bored,Crimson Hat
4425,,Void Black,Red,Kings Robe,Bored,Prismatic,
4426,,Void Black,Chrome,Prom Dress,Bored,Sleepy,
4427,Silver Hoop,Void Black,Brown,,Phoneme L,Bored,
4428,,Void Black,Black,Work Vest,Small Grin,Eyepatch,
4429,Silver Hoop,Void Black,Pink,Navy Striped Tee,Dumbfounded,Crazy,
4430,Silver Hoop,Void Black,Golden Brown,Glowrift T Black,Bored,Closed,Safari
4431,,Void Black,Gray,,Phoneme Vuh,Crazy,Party Hat 1
4432,,Void Black,Brown,Prom Dress,Bored,Bloodshot,Safari
4433,Silver Stud,Void Black,Dark Brown,,Bored Kazoo,Hypnotized,Party Hat 2
4434,,Void Black,Gray,Wool Turtleneck,Bored Unshaven Cigarette,Bloodshot,Glowrift Flipped Brim
4435,,Void Black,Red,Tuxedo Tee,Grin Multicolored,Scumbag,Beanie
4436,Gold Stud,Void Black,Dark Brown,Hawaiian,Dumbfounded,Wide Eyed,
4437,Silver Stud,Void Black,Cream,,Jovial,Bloodshot,Faux Hawk
4438,,Void Black,Phantom,Smoking Jacket,Bored,Angry,Bunny Ears
4439,,Void Black,Pink,Glowrift T Black,Bored Unshaven,Sunglasses,
4440,Silver Hoop,Void Black,Brown,Tanktop,Bored Unshaven,Phantom,Cowboy Hat
4441,,Void Black,Black,Void Rift T,Bored,Bored,Horns
4442,,Void Black,Brown,Striped Tee,Bored Unshaven Cigarette,Blindfold,
4443,,Void Black,Cheetah,Guayabera,Bored,3d,
4444,Gold Stud,Void Black,Blue,Biker Vest,Bored Unshaven,X Eyes,Fez
4445,,Void Black,Black,Prison Jumpsuit,Bored,Sad,Girl's Hair Short
4446,,Void Black,Tan,Lumberjack Shirt,Bored Cigar,3d,
4447,,Void Black,Tan,Sleeveless T,Bored,Angry,
4448,,Void Black,Black,,Bored Unshaven Pizza,Bloodshot,Sky Captain's Hat
4449,Silver Hoop,Void Black,Phantom,Sleeveless T,Bored Unshaven,Sad,Voyager's Hat
4450,,Void Black,Cheetah,Toga,Dumbfounded,Sad,Faux Hawk
4451,,Void Black,Brown,Lumberjack Shirt,Bored Cigarette,3d,
4452,,Void Black,Golden Brown,Fossil Tee,Dumbfounded,Wide Eyed,Fisherman's Hat
4453,,Void Black,Dark Brown,Glowrift T Black,Bored Unshaven Cigarette,3d,Glowrift Hat Black
4454,Silver Stud,Void Black,Dark Brown,Caveman Pelt,Discomfort,Sleepy,Shadow Hat
4455,,Void Black,Black,Prison Jumpsuit,Bored Unshaven,Bored,Beanie
4456,,Void Black,Golden Brown,Stunt Jacket,Bored Cigar,Bloodshot,Glowrift Hat Red
4457,,Void Black,Golden Brown,,Bored Cigarette,Angry,Faux Hawk
4458,,Void Black,Chromatic,Fossil Tee,Grin Gold Grill,Sad,
4459,,Void Black,Dark Brown,Puffy Vest,Bored,Heart,Sky Captain's Hat
4460,,Void Black,Dark Brown,,Phoneme ooo,Chrome,Glowrift Flipped Brim
4461,Silver Stud,Void Black,Golden Brown,Cowboy Shirt,Phoneme Vuh,X Eyes,Glowrift Hat Black
4462,,Void Black,Phantom,Black Suit,Bored Unshaven,Bored,Voyager's Hat
4463,,Void Black,Dark Brown,,Phoneme Vuh,Wide Eyed,Voyager's Hat
4464,,Void Black,Golden Brown,Lab Coat,Bored Unshaven,Angry,
4465,,Void Black,Brown,Caveman Pelt,Bored Unshaven,Angry,Bunny Ears
4466,,Void Black,White,Striped Tee,Bored Unshaven,Sad,King's Crown
4467,,Void Black,Cream,Glowrift T Red,Bored,Sad,Safari
4468,,Void Black,Phantom,Sailor Shirt,Bored Bubblegum,Closed,Beanie
4469,,Void Black,Brown,Tanktop,Grin,Bored,Beanie
4470,,Void Black,Noise,Vietnam Jacket,Grin,Eyepatch,Shadow Hat
4471,,Void Black,Red,Space Suit,Bored,Angry,Shadow Hat
4472,,Void Black,Golden Brown,Hawaiian,Bored Unshaven,Hypnotized,
4473,,Void Black,Black,Sleeveless T,Bored,Crazy,Cowboy Hat
4474,,Void Black,Black,Hip Hop,Bored,X Eyes,Halo
4475,Silver Hoop,Void Black,Cream,,Bored,Sunglasses,Vietnam Era Helmet
4476,Silver Hoop,Void Black,Golden Brown,Black T,Bored Unshaven,Closed,Sky Captain's Hat
4477,,Void Black,Black,Navy Striped Tee,Jovial,Sleepy,Safari
4478,,Void Black,Brown,,Phoneme L,X Eyes,Stuntman Helmet
4479,,Void Black,Dmt,Wool Turtleneck,Bored,Bloodshot,
4480,,Void Black,Red,Tuxedo Tee,Bored Unshaven,Wide Eyed,Safari
4481,Silver Stud,Void Black,Brown,Toga,Bored Cigarette,X Eyes,Fisherman's Hat
4482,,Void Black,Chromatic,Prison Jumpsuit,Grin Multicolored,Heart,Beanie
4483,Silver Stud,Void Black,Black,Fossil Tee,Rage,Sleepy,Crimson Hat
4484,,Void Black,Chrome,Fossil Tee,Bored Unshaven,Bored,
4485,Diamond Stud,Void Black,Blue,Tie Dye,Grin,Closed,Bandana Blue
4486,Silver Stud,Void Black,Cream,Void Rift T,Grin,Sad,
4487,,Void Black,Black,,Bored,Wide Eyed,S&m Hat
4488,,Void Black,Red,Hip Hop,Phoneme Oh,Bored,
4489,,Void Black,Dark Brown,,Bored Unshaven Pipe,Blindfold,
4490,,Void Black,Pink,Tweed Suit,Grin,Coins,Party Hat 2
4491,Silver Hoop,Void Black,Tan,,Phoneme Oh,Bored,Fisherman's Hat
4492,,Void Black,Tan,Cowboy Shirt,Small Grin,Scumbag,Spinner Hat
4493,,Void Black,Blue,Kings Robe,Bored,X Eyes,Baby's Bonnet
4494,,Void Black,White,,Bored Unshaven,Blindfold,Fez
4495,,Void Black,Black,Service,Bored,Wide Eyed,
4496,Gold Stud,Void Black,Red,Tweed Suit,Bored Unshaven,Sad,Vietnam Era Helmet
4497,,Void Black,Blue,,Phoneme Oh,Hypnotized,Fez
4498,,Void Black,Golden Brown,Guayabera,Bored Unshaven Cigarette,Sad,Shadow Hat
4499,,Void Black,Dark Brown,Blue Dress,Bored Unshaven,Closed,
4500,Silver Hoop,Void Black,Brown,Smoking Jacket,Rage,Sad,Voyager's Hat
4501,,Void Black,Brown,Tanktop,Bored,Bloodshot,
4502,Silver Stud,Void Black,Gray,Sleeveless T,Bored,Phantom,
4503,Silver Hoop,Void Black,Golden Brown,Puffy Vest,Grin Multicolored,Closed,Safari
4504,Silver Hoop,Void Black,Brown,Lab Coat,Bored,Bloodshot,Irish Boho
4505,,Void Black,Gray,Navy Striped Tee,Bored Unshaven Pipe,Crazy,Cowboy Hat
4506,,Void Black,Blue,Black T,Grin,Eyepatch,Short Mohawk
4507,,Void Black,Brown,,Small Grin,Bloodshot,
4508,,Void Black,Chrome,,Bored,Bloodshot,Bandana Blue
4509,,Void Black,Phantom,Fossil Necklace,Bored Bubblegum,Bloodshot,Cowboy Hat
4510,,Void Black,Golden Brown,Fossil Necklace,Phoneme ooo,Coins,Beanie
4511,,Void Black,White,Hip Hop,Bored Cigarette,Sleepy,King's Crown
4512,,Void Black,Brown,Black T,Bored,Angry,Crimson Hat
4513,,Void Black,Black,Tanktop,Bored,Phantom,Fez
4514,Diamond Stud,Void Black,Cream,,Rage,Bored,Vietnam Era Helmet
4515,Diamond Stud,Void Black,Pink,Void Rift T,Jovial,X Eyes,Bunny Ears
4516,,Void Black,Noise,Stunt Jacket,Bored Cigarette,Bloodshot,Sushi Chef Headband
4517,Silver Stud,Void Black,Noise,Fossil Necklace,Bored Cigarette,3d,Party Hat 1
4518,,Void Black,Golden Brown,Wool Turtleneck,Bored,Hypnotized,Prussian Helmet
4519,Silver Stud,Void Black,Brown,Smoking Jacket,Jovial,Bored,Irish Boho
4520,Silver Stud,Void Black,Brown,Prison Jumpsuit,Bored,Chrome,Beanie
4521,,Void Black,Gray,Glowrift T Black,Bored,Bloodshot,
4522,,Void Black,Dark Brown,,Bored,Sunglasses,Shadow Hat
4523,,Void Black,Brown,Void Rift T,Bored,Sleepy,Vietnam Era Helmet
4524,,Void Black,White,Striped Tee,Bored,Crazy,
4525,,Void Black,Brown,,Dumbfounded,Closed,Stuntman Helmet
4526,,Void Black,Brown,Vietnam Jacket,Bored,Chrome,Voyager's Hat
4527,Silver Stud,Void Black,Phantom,,Small Grin,Sunglasses,Glowrift Flipped Brim
4528,Gold Hoop,Void Black,Red,Striped Tee,Bored Cigarette,Bored,
4529,Silver Hoop,Void Black,Black,Tie Dye,Bored Cigar,Angry,
4530,Diamond Stud,Void Black,Black,Lumberjack Shirt,Bored Unshaven,Phantom,Bowler
4531,,Void Black,Void Bot,,Bored Unshaven,Crazy,Party Hat 2
4532,,Void Black,Cream,Service,Bored Unshaven,Phantom,
4533,,Void Black,Dark Brown,Work Vest,Dumbfounded,Bored,Glowrift Hat Black
4534,,Void Black,Blue,Sailor Shirt,Phoneme L,Sleepy,Bunny Ears
4535,,Void Black,Golden Brown,,Bored Unshaven,Angry,Beanie
4536,,Void Black,Brown,Fossil Necklace,Bored Unshaven,Chrome,S&m Hat
4537,Silver Stud,Void Black,Black,Leather Spectrum Jacket,Bored Unshaven Cigarette,Chrome,Prussian Helmet
4538,,Void Black,Red,Striped Tee,Grin Diamond Grill,Bored,S&m Hat
4539,Silver Hoop,Void Black,Chromatic,Black T,Bored,Coins,
4540,,Void Black,Black,Sailor Shirt,Phoneme Oh,3d,Chromatic Captain's Hat
4541,,Void Black,Tan,Biker Vest,Bored Bubblegum,Coins,Girl's Hair Short
4542,,Void Black,Pink,Sailor Shirt,Bored Cigarette,Sad,
4543,Diamond Stud,Void Black,Golden Brown,Sailor Shirt,Bored,Bored,
4544,,Void Black,Dark Brown,,Phoneme L,Prismatic,Glowrift Hat Red
4545,Silver Stud,Void Black,Brown,Bandolier,Phoneme Oh,Chrome,Bowler
4546,,Void Black,Blue,Hawaiian,Tongue Out,Eyepatch,Cowboy Hat
4547,,Void Black,Pink,Sleeveless Logo T,Bored Cigarette,3d,Fisherman's Hat
4548,,Void Black,Black,Tanktop,Dumbfounded,3d,Halo
4549,Gold Stud,Void Black,Cream,Navy Striped Tee,Grin Diamond Grill,Closed,Fisherman's Hat
4550,Silver Stud,Void Black,Golden Brown,Navy Striped Tee,Bored Unshaven,X Eyes,S&m Hat
4551,,Void Black,Phantom,Vietnam Jacket,Grin,Sad,Irish Boho
4552,Diamond Stud,Void Black,Brown,,Small Grin,Bloodshot,Shadow Hat
4553,,Void Black,Tan,Leather Jacket,Discomfort,Closed,Voyager's Hat
4554,,Void Black,Blue,Sleeveless Logo T,Jovial,3d,Safari
4555,,Void Black,Dark Brown,Striped Tee,Bored Unshaven,Closed,Vietnam Era Helmet
4556,,Void Black,Pink,,Phoneme Wah,Angry,Fez
4557,Gold Stud,Void Black,Tan,,Bored Unshaven,Sad,Glowrift Hat Black
4558,Silver Hoop,Void Black,Red,Caveman Pelt,Bored Cigarette,3d,
4559,Silver Hoop,Void Black,Cheetah,Lumberjack Shirt,Grin,Sunglasses,Irish Boho
4560,,Void Black,Dark Brown,Sailor Shirt,Phoneme Vuh,Closed,Prussian Helmet
4561,Diamond Stud,Void Black,Brown,Sleeveless T,Bored Unshaven,Sunglasses,Halo
4562,,Void Black,Chrome,Hawaiian,Bored Pipe,Blindfold,Cowboy Hat
4563,Silver Hoop,Void Black,Golden Brown,Bandolier,Bored Unshaven Cigarette,3d,Girl's Hair Pink
4564,,Void Black,Blue,Stunt Jacket,Bored Cigarette,Eyepatch,
4565,,Void Black,Brown,Hawaiian,Small Grin,X Eyes,Party Hat 1
4566,,Void Black,Dark Brown,Lumberjack Shirt,Grin,Bored,Bowler
4567,,Void Black,Black,Biker Vest,Bored Cigarette,Wide Eyed,Glowrift Flipped Brim
4568,,Void Black,Chrome,Sailor Shirt,Bored,Bored,
4569,Silver Stud,Void Black,White,Striped Tee,Grin,Bored,
4570,,Void Black,Dark Brown,Navy Striped Tee,Grin,Coins,
4571,,Void Black,Black,Black T,Bored,Bored,Cowboy Hat
4572,,Void Black,Cream,Toga,Bored Unshaven Dagger,Heart,Voyager's Hat
4573,,Void Black,Tan,Guayabera,Bored,Wide Eyed,Faux Hawk
4574,Gold Hoop,Void Black,Golden Brown,Black T,Bored Cigarette,Coins,S&m Hat
4575,,Void Black,Golden Brown,,Bored Unshaven,Wide Eyed,Prussian Helmet
4576,,Void Black,Golden Brown,Glowrift T Black,Bored,Scumbag,Beanie
4577,,Void Black,Dark Brown,Fossil Tee,Bored Cigarette,Sunglasses,Prussian Helmet
4578,,Void Black,White,Black T,Bored,Coins,Glowrift Hat Black
4579,Gold Stud,Void Black,Cream,Sleeveless T,Bored Unshaven,Angry,Bunny Ears
4580,,Void Black,Radiant Gold,Biker Vest,Dumbfounded,3d,Voyager's Hat
4581,,Void Black,Pink,Navy Striped Tee,Bored Unshaven,Heart,Faux Hawk
4582,,Void Black,Phantom,Rainbow Suspenders,Bored,Bored,
4583,Diamond Stud,Void Black,Dark Brown,,Bored Pizza,Crazy,Halo
4584,,Void Black,Dark Brown,,Bored Unshaven,Angry,Safari
4585,,Void Black,Dark Brown,Leather Spectrum Jacket,Bored Cigarette,Bloodshot,Short Mohawk
4586,Silver Hoop,Void Black,Golden Brown,Navy Striped Tee,Grin,Sunglasses,Cowboy Hat
4587,Gold Hoop,Void Black,Dark Brown,Bandolier,Grin,Sleepy,
4588,,Void Black,Dmt,Tanktop,Bored Unshaven Cigarette,Bored,
4589,Silver Hoop,Void Black,Tan,Wool Turtleneck,Grin,Coins,Fisherman's Hat
4590,,Void Black,Brown,Caveman Pelt,Rage,Phantom,
4591,,Void Black,Brown,Sleeveless T,Grin,3d,Fez
4592,,Void Black,Brown,Tweed Suit,Bored,Sunglasses,Fez
4593,,Void Black,Dark Brown,Glowrift T Red,Bored Unshaven,Bored,Bowler
4594,,Void Black,Black,Prom Dress,Bored Unshaven Cigarette,Bloodshot,
4595,Silver Hoop,Void Black,Dark Brown,,Bored Unshaven,Crazy,Halo
4596,,Void Black,Black,Leather Jacket,Bored,Coins,Halo
4597,Gold Hoop,Void Black,Brown,Hawaiian,Grin,Sleepy,Halo
4598,,Void Black,Blue,Smoking Jacket,Phoneme ooo,Bored,Safari
4599,Diamond Stud,Void Black,Gray,Bandolier,Bored Unshaven Cigarette,Crazy,Sky Captain's Hat
4600,,Void Black,Tan,Biker Vest,Bored,Crazy,Fez
4601,Silver Stud,Void Black,Red,,Jovial,Sad,Party Hat 1
4602,Silver Stud,Void Black,Black,Leather Jacket,Bored Unshaven Pipe,Bloodshot,Bowler
4603,Diamond Stud,Void Black,Black,Lumberjack Shirt,Bored,Crazy,Beanie
4604,Diamond Stud,Void Black,Black,Wool Turtleneck,Bored,Eyepatch,Shadow Hat
4605,,Void Black,Golden Brown,Guayabera,Bored Cigarette,Sad,Spinner Hat
4606,Gold Hoop,Void Black,Black,Stunt Jacket,Tongue Out,Sleepy,Short Mohawk
4607,Silver Hoop,Void Black,Gray,,Bored,Angry,Glowrift Hat Black
4608,,Void Black,Chrome,Caveman Pelt,Jovial,Bloodshot,Baby's Bonnet
4609,,Void Black,Tan,Service,Bored,Heart,
4610,,Void Black,Black,Work Vest,Phoneme L,3d,Bowler
4611,,Void Black,Void Bot,Navy Striped Tee,Bored Unshaven,3d,S&m Hat
4612,,Void Black,Golden Brown,Black T,Dumbfounded,Laser Eyes,Horns
4613,Silver Stud,Void Black,Void Bot,Hawaiian,Small Grin,Chrome,
4614,Silver Hoop,Void Black,Radiant Gold,,Bored,Closed,Prussian Helmet
4615,Gold Stud,Void Black,Blue,Prison Jumpsuit,Bored Unshaven,Crazy,Sky Captain's Hat
4616,Silver Hoop,Void Black,Phantom,Stunt Jacket,Bored Unshaven Kazoo,Heart,Irish Boho
4617,,Void Black,Black,Vietnam Jacket,Bored Dagger,Bored,Glowrift Hat Black
4618,,Void Black,White,Cowboy Shirt,Bored Cigarette,Chrome,Girl's Hair Pink
4619,,Void Black,Cheetah,Glowrift T Black,Grin,Wide Eyed,Shadow Hat
4620,,Void Black,Tan,Glowrift T Red,Bored Unshaven,Heart,Beanie
4621,,Void Black,Dmt,Rainbow Suspenders,Bored Unshaven,Closed,Faux Hawk
4622,Silver Stud,Void Black,Pink,Work Vest,Bored Unshaven,Sleepy,Crimson Hat
4623,,Void Black,Cream,Prom Dress,Phoneme Oh,Prismatic,Voyager's Hat
4624,Silver Stud,Void Black,Black,,Bored,Sunglasses,
4625,,Void Black,White,Tie Dye,Bored Unshaven Cigarette,Bloodshot,Halo
4626,,Void Black,Phantom,Tuxedo Tee,Bored,Sad,Glowrift Hat Black
4627,,Void Black,Brown,Hawaiian,Grin,Sleepy,Girl's Hair Short
4628,,Void Black,Blue,Admirals Coat,Bored,Angry,Horns
4629,Gold Hoop,Void Black,Black,Black T,Bored,Heart,
4630,,Void Black,Black,Sleeveless Logo T,Small Grin,Chrome,
4631,Silver Hoop,Void Black,Black,Rainbow Suspenders,Dumbfounded,Angry,Voyager's Hat
4632,Silver Hoop,Void Black,Golden Brown,Bandolier,Phoneme ooo,Coins,Fisherman's Hat
4633,,Void Black,Golden Brown,Prison Jumpsuit,Bored Unshaven,Bored,
4634,Diamond Stud,Void Black,Cheetah,Sailor Shirt,Phoneme L,Sleepy,Fisherman's Hat
4635,,Void Black,Golden Brown,Black Suit,Rage,Sad,
4636,,Void Black,Tan,Biker Vest,Bored Unshaven,Bored,Laurel Wreath
4637,,Void Black,Dark Brown,Lumberjack Shirt,Bored Unshaven Cigarette,Chrome,Safari
4638,,Void Black,Dark Brown,,Bored Unshaven Cigarette,Closed,Beanie
4639,,Void Black,Golden Brown,Lumberjack Shirt,Phoneme ooo,Bored,
4640,,Void Black,Black,Work Vest,Bored Cigarette,3d,Shadow Hat
4641,,Void Black,Golden Brown,Wool Turtleneck,Phoneme ooo,Coins,Safari
4642,,Void Black,Dark Brown,Caveman Pelt,Bored Unshaven,Bloodshot,King's Crown
4643,,Void Black,White,Glowrift T Black,Bored Unshaven Bubblegum,Sad,Glowrift Hat Black
4644,Gold Stud,Void Black,Blue,Tuxedo Tee,Bored Cigarette,Sleepy,Party Hat 1
4645,,Void Black,Pink,Sailor Shirt,Phoneme L,Sleepy,Voyager's Hat
4646,,Void Black,Dmt,Stunt Jacket,Rage,Sunglasses,Halo
4647,,Void Black,Black,Fossil Tee,Bored,Closed,Bunny Ears
4648,,Void Black,Brown,Pimp Coat,Discomfort,Bloodshot,Horns
4649,,Void Black,Phantom,Sleeveless Logo T,Bored,Bloodshot,Beanie
4650,,Void Black,Brown,,Bored Unshaven,Angry,Horns
4651,,Void Black,Black,Wool Turtleneck,Small Grin,Angry,
4652,,Void Black,Cheetah,Puffy Vest,Bored,Crazy,Girl's Hair Short
4653,,Void Black,Black,Wool Turtleneck,Bored Cigarette,Bored,Bunny Ears
4654,Silver Hoop,Void Black,Pink,Caveman Pelt,Bored Unshaven Cigarette,Crazy,Cowboy Hat
4655,,Void Black,Phantom,Lumberjack Shirt,Grin,X Eyes,S&m Hat
4656,,Void Black,Cream,Fossil Necklace,Phoneme ooo,Sleepy,
4657,,Void Black,Dmt,Guayabera,Bored Cigar,Closed,
4658,,Void Black,Dark Brown,Tanktop,Bored Bubblegum,Chrome,
4659,Silver Hoop,Void Black,Dark Brown,Tanktop,Bored Unshaven,Prismatic,Short Mohawk
4660,,Void Black,White,Biker Vest,Phoneme L,Blindfold,Voyager's Hat
4661,,Void Black,Red,Caveman Pelt,Bored Unshaven Cigarette,Angry,Halo
4662,,Void Black,Brown,Striped Tee,Bored,Bloodshot,Halo
4663,,Void Black,Dark Brown,Sailor Shirt,Bored,Bored,Voyager's Hat
4664,Gold Hoop,Void Black,Cheetah,Tie Dye,Bored,Closed,Sky Captain's Hat
4665,,Void Black,Cheetah,Toga,Grin Gold Grill,3d,Cowboy Hat
4666,,Void Black,Dark Brown,,Bored,Bored,Party Hat 2
4667,Silver Hoop,Void Black,Black,Wool Turtleneck,Bored Bubblegum,Phantom,Faux Hawk
4668,Silver Stud,Void Black,Dmt,Leather Jacket,Phoneme L,Wide Eyed,
4669,,Void Black,Dark Brown,Navy Striped Tee,Bored,Sad,Cowboy Hat
4670,,Void Black,Tan,Sleeveless T,Grin,Chrome,
4671,Gold Stud,Void Black,Black,,Bored,Sleepy,Party Hat 1
4672,,Void Black,Gray,Smoking Jacket,Phoneme L,Sleepy,Sky Captain's Hat
4673,,Void Black,Cheetah,,Bored Unshaven,Bored,Voyager's Hat
4674,,Void Black,Black,Prison Jumpsuit,Dumbfounded,Wide Eyed,
4675,,Void Black,Tan,Striped Tee,Bored Unshaven,Bloodshot,Baby's Bonnet
4676,,Void Black,Cream,,Bored Cigarette,Chrome,Vietnam Era Helmet
4677,Silver Hoop,Void Black,Brown,Black T,Bored Unshaven,Sleepy,Spinner Hat
4678,,Void Black,Black,Guayabera,Bored,Angry,Sushi Chef Headband
4679,,Void Black,Pink,Toga,Grin Gold Grill,Bored,Shadow Hat
4680,,Void Black,Brown,Vietnam Jacket,Bored Unshaven Cigarette,Bored,Party Hat 2
4681,,Void Black,Black,Sailor Shirt,Bored Unshaven Cigarette,Phantom,
4682,,Void Black,Dmt,Tuxedo Tee,Bored Unshaven,Sleepy,Cowboy Hat
4683,Silver Hoop,Void Black,Black,Stunt Jacket,Grin,Chrome,Voyager's Hat
4684,,Void Black,Gray,Black T,Bored Unshaven,Sleepy,Stuntman Helmet
4685,,Void Black,Black,Space Suit,Bored Unshaven,Hypnotized,Shadow Hat
4686,,Void Black,Black,Sleeveless Logo T,Dumbfounded,Angry,Crimson Hat
4687,,Void Black,Cheetah,,Bored Unshaven,Chrome,
4688,,Void Black,Black,,Bored Unshaven,Bloodshot,Stuntman Helmet
4689,,Void Black,Black,Void Rift T,Bored,Sunglasses,Crimson Hat
4690,Silver Stud,Void Black,Cheetah,,Dumbfounded,Closed,Spinner Hat
4691,,Void Black,Red,,Grin Multicolored,Closed,
4692,,Void Black,Dmt,Bandolier,Bored Bubblegum,Coins,Short Mohawk
4693,,Void Black,Cheetah,Tweed Suit,Small Grin,Wide Eyed,Halo
4694,,Void Black,Brown,Bandolier,Bored Pizza,Chrome,Voyager's Hat
4695,Silver Stud,Void Black,Dark Brown,Stunt Jacket,Rage,Bored,Spinner Hat
4696,,Void Black,Dark Brown,Striped Tee,Bored Unshaven,Sad,Sushi Chef Headband
4697,,Void Black,Cheetah,Sleeveless T,Phoneme L,Bored,Baby's Bonnet
4698,,Void Black,Brown,Toga,Grin,Bored,Vietnam Era Helmet
4699,,Void Black,Black,Hip Hop,Phoneme L,Wide Eyed,Sky Captain's Hat
4700,,Void Black,Golden Brown,,Bored,Neonborg,Crimson Hat
4701,,Void Black,Dark Brown,Striped Tee,Grin,Blindfold,Voyager's Hat
4702,,Void Black,Blue,Black T,Bored Unshaven Cigarette,3d,Faux Hawk
4703,,Void Black,Golden Brown,Caveman Pelt,Bored Unshaven,Bloodshot,Bowler
4704,,Void Black,Cheetah,Guayabera,Bored Unshaven,Wide Eyed,
4705,Gold Stud,Void Black,Black,Wool Turtleneck,Bored,Bloodshot,Voyager's Hat
4706,Silver Stud,Void Black,Phantom,Work Vest,Bored,Sleepy,
4707,,Void Black,Void Bot,Leather Spectrum Jacket,Bored Cigarette,3d,Party Hat 2
4708,Silver Stud,Void Black,Blue,Striped Tee,Phoneme L,Coins,Sushi Chef Headband
4709,,Void Black,Blue,Tweed Suit,Bored,Hypnotized,
4710,Gold Stud,Void Black,Noise,Sleeveless T,Bored,Chrome,Prussian Helmet
4711,,Void Black,Dmt,Work Vest,Bored,Sleepy,Beanie
4712,Silver Hoop,Void Black,Dark Brown,Hawaiian,Bored,Bored,Sky Captain's Hat
4713,Silver Hoop,Void Black,Blue,Toga,Bored Cigarette,Coins,Fez
4714,,Void Black,Cheetah,Sleeveless T,Phoneme Wah,Crazy,Short Mohawk
4715,Diamond Stud,Void Black,Void Bot,Glowrift T Black,Dumbfounded,Eyepatch,
4716,Gold Stud,Void Black,Phantom,Smoking Jacket,Phoneme Oh,Bored,Party Hat 2
4717,Silver Hoop,Void Black,Blue,Sleeveless Logo T,Bored,3d,Prussian Helmet
4718,Gold Stud,Void Black,Tan,Hip Hop,Bored,Hypnotized,
4719,,Void Black,Golden Brown,Service,Small Grin,Sad,
4720,Silver Stud,Void Black,Black,,Discomfort,Wide Eyed,Vietnam Era Helmet
4721,,Void Black,Golden Brown,Biker Vest,Bored,Chrome,Sky Captain's Hat
4722,,Void Black,Chrome,Glowrift T Black,Rage,Closed,Fisherman's Hat
4723,,Void Black,Golden Brown,Void Rift T,Bored Unshaven,Closed,King's Crown
4724,,Void Black,Cream,Puffy Vest,Bored,Phantom,
4725,,Void Black,Gray,Toga,Bored,Eyepatch,Bowler
4726,,Void Black,Red,Navy Striped Tee,Bored Cigar,Chrome,Bandana Blue
4727,Silver Stud,Void Black,Red,Biker Vest,Bored Unshaven,Chrome,S&m Hat
4728,,Void Black,Dmt,Guayabera,Grin Multicolored,Bored,
4729,,Void Black,Black,,Bored,Blindfold,Cowboy Hat
4730,,Void Black,Gray,Caveman Pelt,Bored Unshaven,Bloodshot,S&m Hat
4731,Silver Stud,Void Black,Dark Brown,Service,Bored,Closed,
4732,,Void Black,Chrome,Smoking Jacket,Bored,X Eyes,Party Hat 2
4733,Silver Hoop,Void Black,White,Biker Vest,Bored Unshaven,Chrome,Cowboy Hat
4734,,Void Black,Golden Brown,Tuxedo Tee,Bored Unshaven Dagger,Sleepy,
4735,Gold Stud,Void Black,Brown,Stunt Jacket,Phoneme Vuh,Coins,Vietnam Era Helmet
4736,,Void Black,Dark Brown,Hawaiian,Phoneme L,Bored,Voyager's Hat
4737,,Void Black,Black,Prison Jumpsuit,Tongue Out,Coins,Horns
4738,Silver Stud,Void Black,White,,Phoneme ooo,Neonborg,Fisherman's Hat
4739,,Void Black,Phantom,Fossil Tee,Grin Multicolored,Scumbag,
4740,,Void Black,Pink,Prom Dress,Bored,Bloodshot,Horns
4741,Silver Hoop,Void Black,Pink,Hawaiian,Bored Kazoo,Bored,Party Hat 1
4742,,Void Black,Brown,Striped Tee,Phoneme ooo,Closed,Party Hat 2
4743,,Void Black,Chromatic,Vietnam Jacket,Bored Cigarette,Heart,Party Hat 2
4744,,Void Black,Chrome,Hip Hop,Bored Cigarette,Bloodshot,Shadow Hat
4745,,Void Black,Blue,Service,Bored Pipe,Angry,
4746,,Void Black,Tan,Wool Turtleneck,Bored Unshaven Dagger,Eyepatch,Fez
4747,Silver Hoop,Void Black,Brown,Caveman Pelt,Bored Bubblegum,Bored,Short Mohawk
4748,,Void Black,Dark Brown,Hawaiian,Bored Unshaven,Bloodshot,Vietnam Era Helmet
4749,Gold Stud,Void Black,Cheetah,Blue Dress,Phoneme Wah,Neonborg,Fisherman's Hat
4750,Gold Stud,Void Black,Phantom,,Bored Unshaven,Bored,Voyager's Hat
4751,,Void Black,Red,Leather Spectrum Jacket,Phoneme ooo,Closed,Fez
4752,,Void Black,Black,Tuxedo Tee,Bored Cigarette,Blindfold,Voyager's Hat
4753,,Void Black,Pink,Hip Hop,Phoneme Oh,Blindfold,Cowboy Hat
4754,,Void Black,Brown,Sleeveless Logo T,Bored Unshaven,Bloodshot,Sky Captain's Hat
4755,Gold Hoop,Void Black,Red,Tweed Suit,Grin,Sad,
4756,,Void Black,Dark Brown,Black Suit,Bored Cigarette,Scumbag,Voyager's Hat
4757,,Void Black,Dark Brown,,Phoneme ooo,Bored,Spinner Hat
4758,,Void Black,Golden Brown,Prom Dress,Bored Unshaven,Heart,Bunny Ears
4759,,Void Black,Brown,Work Vest,Bored Unshaven Cigarette,Crazy,S&m Hat
4760,Silver Hoop,Void Black,Dark Brown,Guayabera,Bored,Eyepatch,
4761,,Void Black,Dmt,Smoking Jacket,Bored,Closed,Sushi Chef Headband
4762,Diamond Stud,Void Black,Phantom,Navy Striped Tee,Bored,Bored,
4763,,Void Black,Tan,Blue Dress,Phoneme Wah,Bored,Bowler
4764,,Void Black,Chrome,Rainbow Suspenders,Grin Multicolored,Bored,Glowrift Hat Red
4765,,Void Black,Dark Brown,Hip Hop,Bored,Closed,Voyager's Hat
4766,,Void Black,Red,Hawaiian,Bored Pizza,Sunglasses,Faux Hawk
4767,,Void Black,Brown,Wool Turtleneck,Grin,Angry,Vietnam Era Helmet
4768,Silver Stud,Void Black,Golden Brown,Biker Vest,Small Grin,Bloodshot,Short Mohawk
4769,Silver Stud,Void Black,Blue,,Bored,Heart,Vietnam Era Helmet
4770,,Void Black,Dark Brown,Caveman Pelt,Bored Unshaven,Crazy,Faux Hawk
4771,,Void Black,Black,Lumberjack Shirt,Bored Cigarette,Wide Eyed,Cowboy Hat
4772,,Void Black,Black,,Bored,Coins,Fez
4773,,Void Black,White,,Bored,Chrome,Faux Hawk
4774,Silver Stud,Void Black,Brown,Stunt Jacket,Bored Pipe,X Eyes,Crimson Hat
4775,,Void Black,Gray,Hawaiian,Bored Unshaven Cigarette,Angry,
4776,Cross,Void Black,Brown,Lab Coat,Bored,Sunglasses,Irish Boho
4777,,Void Black,Tan,,Small Grin,Blindfold,
4778,Silver Stud,Void Black,Brown,Tuxedo Tee,Bored Cigarette,Bored,Beanie
4779,Silver Hoop,Void Black,Black,Leather Jacket,Phoneme Wah,Prismatic,S&m Hat
4780,,Void Black,Blue,Toga,Bored Cigarette,Sleepy,Stuntman Helmet
4781,Cross,Void Black,Tan,Striped Tee,Phoneme Vuh,Coins,
4782,Silver Hoop,Void Black,Cheetah,Lab Coat,Phoneme Vuh,Blindfold,Prussian Helmet
4783,Gold Hoop,Void Black,Golden Brown,Fossil Necklace,Bored Unshaven Bubblegum,Blindfold,Fez
4784,,Void Black,Dark Brown,Tuxedo Tee,Bored,Bloodshot,Sushi Chef Headband
4785,,Void Black,White,Prison Jumpsuit,Phoneme Oh,Bored,Fisherman's Hat
4786,,Void Black,Dark Brown,Smoking Jacket,Bored Unshaven,Closed,
4787,,Void Black,Tan,Tie Dye,Bored,Angry,Beanie
4788,Silver Stud,Void Black,Brown,Lumberjack Shirt,Bored,Closed,Beanie
4789,,Void Black,Pink,Service,Bored,3d,
4790,,Void Black,Blue,Striped Tee,Jovial,Sleepy,
4791,,Void Black,Tan,Smoking Jacket,Rage,Sad,Fisherman's Hat
4792,,Void Black,Dark Brown,Toga,Bored Unshaven,Laser Eyes,Halo
4793,,Void Black,Dark Brown,Puffy Vest,Phoneme Vuh,Sleepy,Fez
4794,,Void Black,Gray,Navy Striped Tee,Dumbfounded,Hypnotized,Voyager's Hat
4795,,Void Black,Brown,Leather Jacket,Bored Kazoo,Crazy,Cowboy Hat
4796,,Void Black,Brown,Sleeveless T,Phoneme Vuh,Crazy,
4797,Gold Hoop,Void Black,Pink,Guayabera,Phoneme Oh,Sad,Irish Boho
4798,,Void Black,Golden Brown,Rainbow Suspenders,Phoneme ooo,Bored,Horns
4799,,Void Black,Dark Brown,Prom Dress,Bored,Angry,Short Mohawk
4800,,Void Black,Brown,,Bored Unshaven Cigarette,Coins,Crimson Hat
4801,,Void Black,Golden Brown,Tweed Suit,Dumbfounded,Prismatic,Horns
4802,Silver Hoop,Void Black,Brown,Smoking Jacket,Bored,Prismatic,Stuntman Helmet
4803,Silver Stud,Void Black,Tan,Glowrift T Red,Bored,Sunglasses,Irish Boho
4804,,Void Black,Golden Brown,Smoking Jacket,Bored Unshaven,Sad,Faux Hawk
4805,Silver Hoop,Void Black,Red,Prom Dress,Jovial,Sad,
4806,Silver Stud,Void Black,Red,Hip Hop,Bored,Sleepy,
4807,,Void Black,Golden Brown,Sleeveless T,Grin,Bloodshot,Fez
4808,,Void Black,Cream,Fossil Tee,Grin Multicolored,3d,
4809,,Void Black,Dark Brown,Stunt Jacket,Jovial,Closed,Sushi Chef Headband
4810,,Void Black,Void Bot,Prom Dress,Bored Unshaven Pipe,3d,Sky Captain's Hat
4811,,Void Black,Dark Brown,Guayabera,Phoneme ooo,Scumbag,
4812,,Void Black,Cheetah,,Rage,Heart,Irish Boho
4813,Gold Stud,Void Black,White,Black T,Grin,Bored,
4814,Cross,Void Black,Cream,Kings Robe,Bored,Wide Eyed,Fez
4815,,Void Black,Noise,Void Rift T,Bored,Phantom,Irish Boho
4816,,Void Black,Dark Brown,Navy Striped Tee,Bored,Neonborg,Beanie
4817,,Void Black,Cream,Glowrift T Black,Tongue Out,Bored,Baby's Bonnet
4818,,Void Black,White,Sleeveless T,Bored Unshaven,Heart,Bunny Ears
4819,,Void Black,Golden Brown,Stunt Jacket,Bored Pipe,Angry,Vietnam Era Helmet
4820,,Void Black,Void Bot,Puffy Vest,Bored Unshaven Cigarette,Bored,Stuntman Helmet
4821,,Void Black,Dark Brown,Hawaiian,Bored,Bored,Glowrift Hat Red
4822,,Void Black,Pink,Smoking Jacket,Bored,Coins,Prussian Helmet
4823,Silver Stud,Void Black,Blue,Smoking Jacket,Bored,Phantom,Halo
4824,,Void Black,Phantom,,Bored,Crazy,Beanie
4825,,Void Black,Pink,Prison Jumpsuit,Bored,Bored,
4826,,Void Black,Dark Brown,Glowrift T Black,Bored,Coins,Horns
4827,Silver Hoop,Void Black,Golden Brown,,Phoneme L,3d,Fisherman's Hat
4828,,Void Black,Black,Striped Tee,Bored,Closed,Voyager's Hat
4829,,Void Black,Black,Prom Dress,Bored,Sad,Party Hat 2
4830,,Void Black,Pink,Rainbow Suspenders,Bored Unshaven,Crazy,Bunny Ears
4831,,Void Black,Dark Brown,Caveman Pelt,Bored Cigarette,Sunglasses,Fisherman's Hat
4832,,Void Black,Dark Brown,Bandolier,Rage,Angry,Sushi Chef Headband
4833,,Void Black,Brown,Guayabera,Bored Pipe,Closed,Safari
4834,,Void Black,Dark Brown,Toga,Bored,Wide Eyed,Sky Captain's Hat
4835,Cross,Void Black,Brown,Puffy Vest,Bored,Bored,
4836,,Void Black,Golden Brown,Tie Dye,Bored Unshaven,Bored,Glowrift Flipped Brim
4837,Silver Hoop,Void Black,Red,Work Vest,Discomfort,Coins,Baby's Bonnet
4838,,Void Black,Dark Brown,Smoking Jacket,Phoneme Vuh,Closed,Laurel Wreath
4839,,Void Black,Brown,Leather Jacket,Jovial,Wide Eyed,Spinner Hat
4840,,Void Black,Brown,,Bored Unshaven,X Eyes,Bunny Ears
4841,,Void Black,Black,Tanktop,Phoneme Wah,Bloodshot,Horns
4842,,Void Black,Pink,,Bored,Bloodshot,Beanie
4843,,Void Black,Red,Fossil Necklace,Grin Diamond Grill,Bored,
4844,,Void Black,Noise,,Tongue Out,Bored,
4845,,Void Black,Gray,,Bored Cigarette,3d,Shadow Hat
4846,,Void Black,Phantom,Hawaiian,Grin Diamond Grill,Bloodshot,Bunny Ears
4847,,Void Black,Dark Brown,Fossil Necklace,Phoneme Vuh,Bloodshot,Cowboy Hat
4848,Silver Stud,Void Black,Black,,Rage,Wide Eyed,Spinner Hat
4849,Silver Stud,Void Black,Dark Brown,Guayabera,Phoneme Vuh,Sad,Horns
4850,,Void Black,Phantom,,Discomfort,Phantom,Spinner Hat
4851,,Void Black,Black,Void Rift T,Dumbfounded,Bored,Voyager's Hat
4852,,Void Black,White,Fossil Necklace,Bored,Bored,Cowboy Hat
4853,,Void Black,Cheetah,,Tongue Out,Wide Eyed,Fez
4854,Silver Stud,Void Black,Dark Brown,Void Rift T,Bored,Bored,Sky Captain's Hat
4855,,Void Black,Black,Black T,Small Grin,Sleepy,Party Hat 1
4856,,Void Black,Gray,Tuxedo Tee,Grin,Angry,Beanie
4857,,Void Black,Gray,Tanktop,Dumbfounded,Closed,Voyager's Hat
4858,,Void Black,White,Fossil Tee,Phoneme L,Sad,Beanie
4859,,Void Black,Gray,Void Rift T,Bored Unshaven,Laser Eyes,Fez
4860,,Void Black,Golden Brown,Striped Tee,Bored Unshaven Bubblegum,Crazy,
4861,,Void Black,Black,Void Rift T,Bored Cigarette,Eyepatch,
4862,,Void Black,Cream,,Bored Unshaven,Bloodshot,Halo
4863,Silver Stud,Void Black,Dark Brown,Biker Vest,Bored,3d,Sky Captain's Hat
4864,,Void Black,Gray,Hawaiian,Bored,Crazy,Beanie
4865,,Void Black,Dark Brown,Wool Turtleneck,Phoneme ooo,Closed,
4866,,Void Black,Golden Brown,Puffy Vest,Bored Unshaven,3d,Safari
4867,,Void Black,Golden Brown,Biker Vest,Bored Cigarette,Eyepatch,Laurel Wreath
4868,,Void Black,Gray,Sailor Shirt,Bored,Coins,Cowboy Hat
4869,,Void Black,Pink,,Bored Cigarette,Eyepatch,Beanie
4870,,Void Black,Red,Guayabera,Grin,Sleepy,Fisherman's Hat
4871,,Void Black,Dark Brown,Prom Dress,Phoneme ooo,Bored,Glowrift Hat Red
4872,Silver Hoop,Void Black,Cream,Leather Spectrum Jacket,Jovial,3d,Crimson Hat
4873,Gold Hoop,Void Black,Radiant Gold,Tie Dye,Bored Pipe,Scumbag,Shadow Hat
4874,,Void Black,Pink,Striped Tee,Grin,Sad,Sushi Chef Headband
4875,,Void Black,Dmt,,Bored Unshaven,Eyepatch,Beanie
4876,,Void Black,Phantom,Tweed Suit,Phoneme ooo,Bored,Glowrift Hat Red
4877,Gold Hoop,Void Black,Brown,Lab Coat,Dumbfounded,Bored,
4878,,Void Black,Tan,Wool Turtleneck,Bored Unshaven,Coins,
4879,Silver Hoop,Void Black,Black,Space Suit,Bored Pipe,Eyepatch,Halo
4880,,Void Black,Dark Brown,Blue Dress,Bored,Heart,Shadow Hat
4881,,Void Black,Gray,Wool Turtleneck,Phoneme ooo,Bloodshot,Cowboy Hat
4882,Silver Stud,Void Black,Chromatic,Black Suit,Bored Unshaven,Sleepy,Irish Boho
4883,,Void Black,Cheetah,,Bored,Closed,Voyager's Hat
4884,,Void Black,Cream,Void Rift T,Bored Unshaven,Bored,Bunny Ears
4885,,Void Black,Red,Sleeveless T,Bored,Bored,Cowboy Hat
4886,,Void Black,Dark Brown,Service,Bored Unshaven,Wide Eyed,
4887,Diamond Stud,Void Black,Red,Bandolier,Grin Gold Grill,Angry,Spinner Hat
4888,,Void Black,Pink,Blue Dress,Bored,Sleepy,Fisherman's Hat
4889,Gold Hoop,Void Black,Chromatic,Hawaiian,Phoneme L,Phantom,Faux Hawk
4890,Gold Stud,Void Black,Golden Brown,Tweed Suit,Grin Diamond Grill,Phantom,S&m Hat
4891,Diamond Stud,Void Black,Dark Brown,Vietnam Jacket,Phoneme Vuh,Blindfold,
4892,,Void Black,Gray,Glowrift T Black,Bored Cigar,Closed,Sushi Chef Headband
4893,,Void Black,Red,,Grin Gold Grill,Bored,Short Mohawk
4894,,Void Black,Brown,Kings Robe,Small Grin,Angry,Beanie
4895,,Void Black,Gray,Hip Hop,Bored Bubblegum,Bored,
4896,,Void Black,White,Smoking Jacket,Bored Unshaven,Sad,
4897,,Void Black,Brown,Lumberjack Shirt,Bored Unshaven Kazoo,Bored,Voyager's Hat
4898,,Void Black,Cream,Striped Tee,Bored Party Horn,Phantom,
4899,Diamond Stud,Void Black,Dark Brown,Hawaiian,Bored Pizza,Chrome,Crimson Hat
4900,,Void Black,Brown,Bandolier,Phoneme Oh,3d,Prussian Helmet
4901,Gold Stud,Void Black,Golden Brown,,Small Grin,Sad,
4902,,Void Black,Tan,Work Vest,Grin,Closed,Glowrift Hat Black
4903,Gold Hoop,Void Black,Golden Brown,Guayabera,Grin,X Eyes,Shadow Hat
4904,Gold Hoop,Void Black,Brown,,Bored Pizza,Closed,Girl's Hair Short
4905,,Void Black,Cream,Rainbow Suspenders,Bored Unshaven Cigar,Coins,Short Mohawk
4906,Silver Stud,Void Black,Brown,Toga,Bored,Angry,Cowboy Hat
4907,Silver Stud,Void Black,Blue,Hawaiian,Bored Dagger,Blindfold,Glowrift Hat Black
4908,Silver Stud,Void Black,Black,Rainbow Suspenders,Small Grin,Sleepy,Vietnam Era Helmet
4909,,Void Black,Black,,Grin,Bored,Chromatic Captain's Hat
4910,,Void Black,Blue,Lumberjack Shirt,Bored,Scumbag,Fisherman's Hat
4911,,Void Black,Cheetah,Vietnam Jacket,Bored Dagger,Bloodshot,Sky Captain's Hat
4912,Gold Hoop,Void Black,Blue,Glowrift T Red,Bored,Crazy,
4913,,Void Black,Noise,Rainbow Suspenders,Bored,Blindfold,
4914,Gold Stud,Void Black,Golden Brown,Striped Tee,Bored Cigarette,Bloodshot,Cowboy Hat
4915,Silver Hoop,Void Black,Phantom,Space Suit,Bored,Wide Eyed,Halo
4916,Gold Stud,Void Black,Golden Brown,Wool Turtleneck,Bored Unshaven,Bored,Glowrift Hat Black
4917,Silver Stud,Void Black,Gray,,Grin,Sleepy,Fez
4918,,Void Black,Black,Leather Spectrum Jacket,Phoneme Vuh,Sad,Fez
4919,,Void Black,Brown,Sleeveless Logo T,Bored Unshaven,Sleepy,
4920,,Void Black,Chrome,,Bored,Closed,Party Hat 2
4921,Silver Stud,Void Black,Black,Hawaiian,Dumbfounded,Sad,
4922,,Void Black,Black,Tie Dye,Bored Unshaven Pizza,Bored,Beanie
4923,,Void Black,Cheetah,Lumberjack Shirt,Phoneme L,Bloodshot,Horns
4924,,Void Black,Tan,Vietnam Jacket,Bored Unshaven,Bloodshot,S&m Hat
4925,Silver Hoop,Void Black,Brown,Sleeveless T,Bored Cigarette,Heart,Vietnam Era Helmet
4926,Silver Stud,Void Black,Brown,Black T,Phoneme ooo,Wide Eyed,Vietnam Era Helmet
4927,,Void Black,Cream,Biker Vest,Jovial,Blindfold,Safari
4928,,Void Black,Brown,Wool Turtleneck,Bored Unshaven,Wide Eyed,
4929,,Void Black,Blue,,Bored Unshaven,Bloodshot,Short Mohawk
4930,,Void Black,Brown,Biker Vest,Phoneme Oh,Sleepy,S&m Hat
4931,,Void Black,Cream,Lumberjack Shirt,Bored Unshaven,Bored,Voyager's Hat
4932,,Void Black,Gray,,Bored Unshaven,X Eyes,S&m Hat
4933,,Void Black,Cream,Vietnam Jacket,Bored Unshaven,Angry,Glowrift Flipped Brim
4934,Silver Stud,Void Black,Dark Brown,,Dumbfounded,Phantom,Bunny Ears
4935,,Void Black,Golden Brown,Biker Vest,Bored,Sleepy,Voyager's Hat
4936,Silver Stud,Void Black,Red,Prison Jumpsuit,Grin,Bloodshot,Vietnam Era Helmet
4937,,Void Black,Pink,Striped Tee,Rage,Heart,Spinner Hat
4938,,Void Black,Brown,Stunt Jacket,Bored Unshaven Pipe,Crazy,
4939,Diamond Stud,Void Black,Tan,Tie Dye,Bored,Bored,Short Mohawk
4940,,Void Black,Black,Tuxedo Tee,Bored Unshaven,3d,Fisherman's Hat
4941,Silver Hoop,Void Black,Cream,Lumberjack Shirt,Bored Unshaven Cigarette,Angry,Beanie
4942,,Void Black,Dark Brown,Hawaiian,Bored,Eyepatch,
4943,,Void Black,Dark Brown,,Phoneme L,Bored,Fez
4944,,Void Black,Golden Brown,Tanktop,Bored,Angry,S&m Hat
4945,Diamond Stud,Void Black,Pink,Sleeveless Logo T,Bored Cigarette,Sad,Sushi Chef Headband
4946,Silver Stud,Void Black,Blue,Lab Coat,Bored Unshaven Pipe,Sad,Laurel Wreath
4947,,Void Black,Blue,,Bored,Crazy,Irish Boho
4948,,Void Black,Black,Sleeveless T,Phoneme Vuh,Bored,Stuntman Helmet
4949,,Void Black,Dark Brown,Fossil Tee,Bored Unshaven,Crazy,
4950,,Void Black,Black,,Bored Dagger,Crazy,Beanie
4951,,Void Black,Red,Leather Spectrum Jacket,Discomfort,Sunglasses,Fez
4952,,Void Black,Gray,Cowboy Shirt,Bored Unshaven Cigarette,Heart,Halo
4953,,Void Black,Noise,Puffy Vest,Grin,Sleepy,Voyager's Hat
4954,,Void Black,Black,Sleeveless T,Phoneme L,Chrome,Glowrift Flipped Brim
4955,,Void Black,Golden Brown,Hawaiian,Discomfort,Bloodshot,Irish Boho
4956,Silver Hoop,Void Black,Black,Guayabera,Phoneme Vuh,Wide Eyed,
4957,,Void Black,Gray,Striped Tee,Phoneme Wah,Coins,Irish Boho
4958,Silver Hoop,Void Black,Pink,Black T,Phoneme Wah,Scumbag,
4959,,Void Black,Radiant Gold,,Bored Pipe,Sad,Fisherman's Hat
4960,,Void Black,Brown,,Dumbfounded,Coins,Bunny Ears
4961,Cross,Void Black,Brown,Kings Robe,Bored Cigarette,Bored,Halo
4962,,Void Black,Golden Brown,Tuxedo Tee,Small Grin,Sad,Halo
4963,,Void Black,Chrome,,Bored Unshaven,Angry,Baby's Bonnet
4964,,Void Black,Phantom,Wool Turtleneck,Bored Cigarette,Eyepatch,
4965,,Void Black,Cheetah,Stunt Jacket,Dumbfounded,Prismatic,Baby's Bonnet
4966,,Void Black,White,Vietnam Jacket,Bored,Prismatic,
4967,,Void Black,Dmt,Vietnam Jacket,Bored Unshaven Kazoo,Bloodshot,Glowrift Flipped Brim
4968,,Void Black,Brown,,Grin,Bored,Prussian Helmet
4969,Silver Hoop,Void Black,Black,Sleeveless T,Small Grin,3d,Glowrift Hat Red
4970,,Void Black,Brown,Rainbow Suspenders,Bored,Crazy,Beanie
4971,Gold Hoop,Void Black,Dark Brown,Work Vest,Bored Unshaven,Closed,Sushi Chef Headband
4972,,Void Black,Dmt,Smoking Jacket,Bored Party Horn,Sunglasses,Bunny Ears
4973,Gold Stud,Void Black,Cheetah,Glowrift T Red,Grin,Sleepy,Glowrift Hat Black
4974,,Void Black,Dark Brown,,Phoneme Vuh,Bored,Girl's Hair Short
4975,,Void Black,Dark Brown,Toga,Bored Unshaven Pipe,Heart,S&m Hat
4976,,Void Black,Blue,Biker Vest,Bored,Closed,Cowboy Hat
4977,,Void Black,Brown,,Bored,Sad,Cowboy Hat
4978,,Void Black,Black,,Bored,Wide Eyed,Shadow Hat
4979,,Void Black,Chrome,Guayabera,Bored,Bloodshot,Fisherman's Hat
4980,Gold Stud,Void Black,Radiant Gold,Smoking Jacket,Phoneme ooo,Angry,Party Hat 1
4981,,Void Black,White,Biker Vest,Bored Cigarette,Laser Eyes,Voyager's Hat
4982,,Void Black,Brown,Puffy Vest,Phoneme Vuh,Closed,Bunny Ears
4983,,Void Black,Golden Brown,Tie Dye,Bored Unshaven Cigar,Sleepy,Baby's Bonnet
4984,,Void Black,Golden Brown,Puffy Vest,Grin Multicolored,Sad,
4985,,Void Black,Cheetah,,Bored,Eyepatch,
4986,,Void Black,Brown,Tweed Suit,Bored,Bloodshot,Shadow Hat
4987,,Void Black,Tan,Void Rift T,Grin,Chrome,Beanie
4988,,Void Black,Dmt,Sleeveless Logo T,Bored Cigarette,Wide Eyed,S&m Hat
4989,,Void Black,Cream,Sailor Shirt,Bored Unshaven,Bored,Voyager's Hat
4990,,Void Black,Black,Service,Phoneme L,Sleepy,
4991,Silver Stud,Void Black,Phantom,Lumberjack Shirt,Bored,Hypnotized,Cowboy Hat
4992,Gold Hoop,Void Black,White,Glowrift T Red,Bored,Sleepy,Fez
4993,,Void Black,Gray,Sleeveless T,Bored Cigarette,Heart,Bandana Blue
4994,,Void Black,Black,,Bored Unshaven,Bored,Fez
4995,,Void Black,Golden Brown,Lumberjack Shirt,Bored Unshaven,Prismatic,Glowrift Flipped Brim
4996,,Void Black,Red,Admirals Coat,Bored,Sad,Faux Hawk
4997,,Void Black,Cream,Striped Tee,Phoneme L,Phantom,Voyager's Hat
4998,,Void Black,Dark Brown,,Phoneme Oh,Bored,Glowrift Hat Black
4999,Silver Stud,Void Black,Pink,,Bored Pipe,Sleepy,Bowler
5000,,Void Black,Gray,Blue Dress,Bored,Bored,Party Hat 1
5001,,Void Black,White,Tuxedo Tee,Bored Cigar,3d,
5002,,Void Black,Red,Striped Tee,Bored Unshaven Cigarette,Bloodshot,Fez
5003,Silver Hoop,Void Black,Cheetah,,Tongue Out,Crazy,
5004,Silver Hoop,Void Black,Gray,Striped Tee,Grin,Eyepatch,Safari
5005,,Void Black,Dark Brown,Glowrift T Black,Bored,Crazy,Beanie
5006,,Void Black,Red,Hawaiian,Tongue Out,Bored,Beanie
5007,,Void Black,Golden Brown,Prison Jumpsuit,Bored Unshaven,Bloodshot,Short Mohawk
5008,,Void Black,Blue,Fossil Necklace,Bored,Sleepy,Crimson Hat
5009,,Void Black,Black,Cowboy Shirt,Dumbfounded,Closed,Vietnam Era Helmet
5010,,Void Black,Tan,Blue Dress,Bored,Sad,Chromatic Captain's Hat
5011,,Void Black,Dark Brown,Striped Tee,Bored Unshaven,Scumbag,
5012,,Void Black,Brown,Biker Vest,Phoneme Oh,Coins,Bunny Ears
5013,Silver Stud,Void Black,Gray,Work Vest,Discomfort,Sleepy,Bowler
5014,,Void Black,Blue,Prison Jumpsuit,Phoneme Vuh,Bored,Fez
5015,,Void Black,Tan,Smoking Jacket,Bored,Angry,Bandana Blue
5016,Silver Hoop,Void Black,Cream,Tie Dye,Bored Unshaven,Sleepy,Party Hat 1
5017,,Void Black,Dark Brown,Black Suit,Bored,Bored,Vietnam Era Helmet
5018,,Void Black,Chrome,Stunt Jacket,Tongue Out,Sad,Halo
5019,,Void Black,Red,Striped Tee,Dumbfounded,Angry,Bunny Ears
5020,,Void Black,Tan,Prison Jumpsuit,Bored Unshaven Party horn,Bored,Shadow Hat
5021,,Void Black,Dark Brown,,Bored,Sad,Fez
5022,Silver Hoop,Void Black,Cream,Hip Hop,Bored Unshaven,Angry,Stuntman Helmet
5023,Silver Stud,Void Black,Cheetah,Puffy Vest,Jovial,Chrome,Beanie
5024,,Void Black,Phantom,Service,Bored,X Eyes,
5025,Silver Stud,Void Black,Golden Brown,Caveman Pelt,Bored Unshaven Cigarette,Sleepy,Short Mohawk
5026,,Void Black,Tan,,Phoneme Vuh,Wide Eyed,Glowrift Hat Red
5027,,Void Black,Golden Brown,Tanktop,Discomfort,Angry,S&m Hat
5028,,Void Black,Golden Brown,Prison Jumpsuit,Bored,Chrome,
5029,,Void Black,Dmt,Tanktop,Bored,Closed,Bunny Ears
5030,Silver Hoop,Void Black,Gray,Striped Tee,Discomfort,Coins,Glowrift Hat Red
5031,Cross,Void Black,Black,Sleeveless Logo T,Bored Unshaven Bubblegum,3d,Fez
5032,Gold Stud,Void Black,Black,,Bored Cigar,Bored,
5033,,Void Black,Dark Brown,Bandolier,Bored Pipe,Sleepy,Beanie
5034,,Void Black,Brown,Hip Hop,Bored Unshaven,Sunglasses,
5035,,Void Black,Brown,,Jovial,Sunglasses,Bandana Blue
5036,,Void Black,Void Bot,Work Vest,Bored Unshaven Cigarette,Eyepatch,Laurel Wreath
5037,Silver Hoop,Void Black,Gray,Biker Vest,Bored,Chrome,Fez
5038,,Void Black,Brown,Black T,Bored Unshaven Cigarette,Sad,
5039,,Void Black,Dark Brown,,Bored Cigarette,Chrome,Fez
5040,,Void Black,Void Bot,Hawaiian,Rage,Chrome,Halo
5041,,Void Black,Brown,Blue Dress,Small Grin,Wide Eyed,
5042,Gold Stud,Void Black,Pink,Puffy Vest,Bored,Wide Eyed,Cowboy Hat
5043,,Void Black,Dark Brown,Leather Spectrum Jacket,Rage,Scumbag,
5044,Silver Hoop,Void Black,Dmt,,Dumbfounded,Bored,Beanie
5045,,Void Black,Cream,Biker Vest,Bored Unshaven,Eyepatch,Halo
5046,,Void Black,Brown,Wool Turtleneck,Small Grin,3d,
5047,,Void Black,Black,Vietnam Jacket,Bored Unshaven,Hypnotized,Fez
5048,,Void Black,Pink,Vietnam Jacket,Bored Unshaven,Bored,Beanie
5049,,Void Black,Golden Brown,Rainbow Suspenders,Rage,Sad,Bunny Ears
5050,Silver Stud,Void Black,Red,Black T,Bored Cigarette,Laser Eyes,Prussian Helmet
5051,,Void Black,Brown,Prom Dress,Bored Pipe,Sleepy,Voyager's Hat
5052,,Void Black,Cream,Space Suit,Bored Unshaven,Bloodshot,
5053,,Void Black,Phantom,Glowrift T Black,Bored,Bored,Glowrift Flipped Brim
5054,Diamond Stud,Void Black,Golden Brown,Puffy Vest,Grin,Bored,Irish Boho
5055,,Void Black,Blue,Black T,Grin,Bored,Glowrift Hat Black
5056,,Void Black,Black,Biker Vest,Bored Cigarette,Wide Eyed,Horns
5057,,Void Black,Cheetah,Guayabera,Bored,Sleepy,Shadow Hat
5058,,Void Black,Brown,Tweed Suit,Discomfort,3d,Sushi Chef Headband
5059,Gold Hoop,Void Black,Brown,,Bored,Closed,Faux Hawk
5060,Gold Stud,Void Black,Black,Vietnam Jacket,Tongue Out,3d,Vietnam Era Helmet
5061,,Void Black,Cheetah,,Bored,X Eyes,Fez
5062,,Void Black,Blue,Fossil Tee,Phoneme Wah,3d,Chromatic Captain's Hat
5063,Silver Stud,Void Black,Cheetah,Striped Tee,Jovial,Sleepy,S&m Hat
5064,Silver Hoop,Void Black,Cream,,Bored Unshaven,Blue Beams,Beanie
5065,Diamond Stud,Void Black,Dark Brown,Glowrift T Black,Bored Cigarette,Angry,Vietnam Era Helmet
5066,Gold Stud,Void Black,Cheetah,Hawaiian,Bored Unshaven,Blindfold,Voyager's Hat
5067,,Void Black,Golden Brown,Guayabera,Phoneme Vuh,Bored,Voyager's Hat
5068,,Void Black,Golden Brown,Sailor Shirt,Bored Party Horn,Sunglasses,
5069,Cross,Void Black,Red,Biker Vest,Rage,Bored,Party Hat 1
5070,Silver Hoop,Void Black,Red,,Bored,Chrome,Chromatic Captain's Hat
5071,Silver Hoop,Void Black,Dark Brown,Leather Spectrum Jacket,Bored,Sunglasses,Bowler
5072,Silver Stud,Void Black,Dark Brown,,Bored Unshaven,Sleepy,Glowrift Hat Red
5073,,Void Black,Blue,,Dumbfounded,Bored,Beanie
5074,,Void Black,Cheetah,Navy Striped Tee,Grin,X Eyes,Cowboy Hat
5075,Silver Stud,Void Black,Dark Brown,Striped Tee,Dumbfounded,Heart,Fez
5076,,Void Black,Dark Brown,Tuxedo Tee,Bored Kazoo,Phantom,Fez
5077,,Void Black,Brown,Tanktop,Grin,Bloodshot,
5078,,Void Black,Blue,Sailor Shirt,Bored,Angry,Fez
5079,,Void Black,Golden Brown,Striped Tee,Phoneme L,Bloodshot,Beanie
5080,,Void Black,Dark Brown,Striped Tee,Bored,Eyepatch,Bandana Blue
5081,,Void Black,Cream,Sailor Shirt,Bored,Bored,
5082,Gold Stud,Void Black,Blue,,Bored,Angry,Sushi Chef Headband
5083,,Void Black,Cream,,Phoneme Vuh,Sunglasses,
5084,Gold Hoop,Void Black,Blue,Tanktop,Bored Unshaven,Closed,Voyager's Hat
5085,Silver Stud,Void Black,Gray,Lumberjack Shirt,Phoneme Vuh,Wide Eyed,Fez
5086,Silver Stud,Void Black,Red,Striped Tee,Discomfort,X Eyes,S&m Hat
5087,,Void Black,Dark Brown,Vietnam Jacket,Bored,Sad,Glowrift Hat Red
5088,,Void Black,Black,Tanktop,Rage,Neonborg,
5089,,Void Black,Brown,Work Vest,Bored Cigarette,Closed,S&m Hat
5090,,Void Black,Black,Puffy Vest,Phoneme L,Bored,
5091,Silver Hoop,Void Black,Cream,Striped Tee,Grin,Laser Eyes,
5092,,Void Black,Blue,Lab Coat,Bored Unshaven Kazoo,Blindfold,Halo
5093,,Void Black,Dark Brown,,Bored Unshaven Kazoo,Chrome,
5094,,Void Black,Brown,Void Rift T,Dumbfounded,Hypnotized,
5095,,Void Black,Brown,,Bored Unshaven,Scumbag,Spinner Hat
5096,Gold Stud,Void Black,Black,Biker Vest,Phoneme Vuh,Crazy,S&m Hat
5097,,Void Black,Brown,Lab Coat,Phoneme ooo,Bloodshot,
5098,,Void Black,White,Work Vest,Phoneme Oh,Heart,Sky Captain's Hat
5099,,Void Black,Dark Brown,Hip Hop,Bored Unshaven,Wide Eyed,Shadow Hat
5100,,Void Black,Black,Striped Tee,Phoneme Oh,Bored,S&m Hat
5101,Gold Stud,Void Black,Dark Brown,,Bored,Crazy,Beanie
5102,,Void Black,Dark Brown,Navy Striped Tee,Phoneme L,X Eyes,Beanie
5103,,Void Black,Phantom,,Bored,Angry,Cowboy Hat
5104,,Void Black,Brown,,Bored Pipe,Wide Eyed,Halo
5105,Silver Stud,Void Black,Black,Biker Vest,Bored,3d,Beanie
5106,,Void Black,Black,,Tongue Out,Closed,Beanie
5107,Diamond Stud,Void Black,Brown,,Bored Dagger,Bloodshot,
5108,Gold Stud,Void Black,Black,Puffy Vest,Bored Unshaven,Bloodshot,Halo
5109,,Void Black,Dark Brown,Biker Vest,Bored Cigarette,Wide Eyed,Fez
5110,,Void Black,Dark Brown,Void Rift T,Phoneme L,Bored,
5111,,Void Black,Phantom,Black T,Bored Unshaven,Bored,Horns
5112,,Void Black,Pink,Tuxedo Tee,Phoneme Oh,Phantom,Bunny Ears
5113,,Void Black,Dark Brown,Tuxedo Tee,Bored Cigarette,Sunglasses,Cowboy Hat
5114,Silver Stud,Void Black,Tan,Glowrift T Black,Bored,Sleepy,
5115,,Void Black,Black,Black T,Bored,Hypnotized,Halo
5116,,Void Black,Chromatic,Caveman Pelt,Bored Unshaven,Scumbag,King's Crown
5117,,Void Black,Noise,Leather Jacket,Bored,Sad,Shadow Hat
5118,Silver Stud,Void Black,Cream,,Bored,Crazy,
5119,,Void Black,White,Fossil Tee,Bored Cigarette,Sad,
5120,,Void Black,Dark Brown,Sleeveless Logo T,Bored,Bored,Safari
5121,,Void Black,Cheetah,Lab Coat,Bored Cigarette,Eyepatch,Sky Captain's Hat
5122,Silver Hoop,Void Black,Red,,Bored Unshaven Cigarette,Angry,Safari
5123,,Void Black,Gray,,Phoneme ooo,Bloodshot,Irish Boho
5124,,Void Black,Red,,Bored,Bored,Crimson Hat
5125,,Void Black,Tan,Tie Dye,Phoneme Vuh,Blindfold,Sky Captain's Hat
5126,,Void Black,Dmt,Void Rift T,Bored,3d,Fez
5127,Silver Stud,Void Black,Pink,Leather Spectrum Jacket,Discomfort,Chrome,
5128,,Void Black,Blue,Sleeveless T,Bored,Closed,Faux Hawk
5129,,Void Black,Brown,Prison Jumpsuit,Phoneme Oh,Hypnotized,Horns
5130,Cross,Void Black,Dark Brown,Puffy Vest,Rage,Wide Eyed,S&m Hat
5131,Gold Stud,Void Black,Blue,Sailor Shirt,Bored Unshaven,Chrome,Cowboy Hat
5132,,Void Black,Pink,,Bored Pipe,Bored,
5133,Diamond Stud,Void Black,Pink,Tanktop,Bored Cigarette,Bored,Halo
5134,Silver Hoop,Void Black,Golden Brown,Puffy Vest,Bored,Coins,Horns
5135,Gold Hoop,Void Black,Golden Brown,,Bored Cigar,Prismatic,Laurel Wreath
5136,Gold Hoop,Void Black,Red,Toga,Bored,Closed,
5137,Silver Stud,Void Black,Gray,Wool Turtleneck,Phoneme Vuh,Blindfold,
5138,,Void Black,Cream,Caveman Pelt,Grin,Heart,Prussian Helmet
5139,,Void Black,Red,Guayabera,Jovial,Crazy,
5140,,Void Black,Dark Brown,Striped Tee,Bored Unshaven,Bored,Baby's Bonnet
5141,Silver Stud,Void Black,Pink,Puffy Vest,Phoneme Vuh,Phantom,Short Mohawk
5142,Silver Hoop,Void Black,Golden Brown,Navy Striped Tee,Phoneme Vuh,Closed,
5143,,Void Black,Dark Brown,Prison Jumpsuit,Bored Unshaven Cigarette,Blindfold,Stuntman Helmet
5144,,Void Black,White,Hawaiian,Bored,Sad,Beanie
5145,,Void Black,Dark Brown,Space Suit,Grin Gold Grill,Closed,Voyager's Hat
5146,,Void Black,Black,,Tongue Out,3d,Glowrift Hat Red
5147,Silver Hoop,Void Black,Dark Brown,Tanktop,Bored,Bored,Crimson Hat
5148,,Void Black,White,Vietnam Jacket,Bored Unshaven,Sunglasses,Bowler
5149,Diamond Stud,Void Black,Pink,Black T,Grin,Sleepy,Glowrift Flipped Brim
5150,Silver Hoop,Void Black,Phantom,Tie Dye,Bored,Scumbag,Voyager's Hat
5151,,Void Black,Dark Brown,Tuxedo Tee,Bored,X Eyes,King's Crown
5152,,Void Black,Black,,Dumbfounded,Chrome,Bunny Ears
5153,,Void Black,Dark Brown,Tweed Suit,Bored Unshaven,Coins,Sky Captain's Hat
5154,Gold Hoop,Void Black,Noise,,Jovial,Bored,Voyager's Hat
5155,,Void Black,Dark Brown,Wool Turtleneck,Grin,Wide Eyed,Cowboy Hat
5156,,Void Black,Blue,Biker Vest,Grin Multicolored,Sleepy,Bunny Ears
5157,,Void Black,Phantom,Bandolier,Bored,Angry,
5158,,Void Black,Brown,Void Rift T,Bored,Scumbag,
5159,Silver Hoop,Void Black,Dark Brown,Work Vest,Bored Unshaven Cigarette,3d,Glowrift Hat Black
5160,,Void Black,Golden Brown,,Bored,Sleepy,Stuntman Helmet
5161,,Void Black,Black,Leather Jacket,Phoneme Oh,Heart,Fez
5162,,Void Black,Dark Brown,Sailor Shirt,Bored Unshaven Cigarette,Closed,
5163,,Void Black,Black,Pimp Coat,Tongue Out,Bored,
5164,Diamond Stud,Void Black,Golden Brown,Black T,Dumbfounded,Chrome,Fisherman's Hat
5165,,Void Black,Blue,Glowrift T Red,Bored Cigarette,Bored,Halo
5166,Gold Stud,Void Black,Black,Rainbow Suspenders,Bored,Sleepy,Voyager's Hat
5167,Gold Hoop,Void Black,Cream,Sailor Shirt,Bored,Crazy,Horns
5168,Silver Hoop,Void Black,Cheetah,,Bored Unshaven Kazoo,Sleepy,Glowrift Hat Black
5169,,Void Black,Black,Smoking Jacket,Phoneme L,Bloodshot,Party Hat 1
5170,,Void Black,Blue,,Bored Unshaven Cigarette,Wide Eyed,Horns
5171,Silver Hoop,Void Black,Dark Brown,Tanktop,Small Grin,Bored,Voyager's Hat
5172,,Void Black,Brown,,Bored Unshaven,Phantom,Stuntman Helmet
5173,,Void Black,Chromatic,Tweed Suit,Bored,Bloodshot,
5174,,Void Black,Pink,Puffy Vest,Grin Gold Grill,Bored,Glowrift Flipped Brim
5175,,Void Black,Brown,Toga,Bored Cigarette,Angry,Horns
5176,Gold Stud,Void Black,Dark Brown,Rainbow Suspenders,Bored,3d,Bowler
5177,,Void Black,Blue,Pimp Coat,Bored Unshaven,3d,Fez
5178,Silver Stud,Void Black,Black,Work Vest,Bored Dagger,Angry,Vietnam Era Helmet
5179,,Void Black,Gray,Striped Tee,Dumbfounded,Bloodshot,Safari
5180,,Void Black,Brown,Tanktop,Phoneme L,Sleepy,Cowboy Hat
5181,Gold Stud,Void Black,Cream,Void Rift T,Dumbfounded,Bored,Crimson Hat
5182,,Void Black,Blue,Sailor Shirt,Bored Unshaven,Scumbag,Voyager's Hat
5183,Gold Hoop,Void Black,Brown,,Bored Unshaven Cigarette,X Eyes,Bowler
5184,,Void Black,Gray,,Bored Unshaven,Bloodshot,Fez
5185,,Void Black,Chrome,Smoking Jacket,Bored Unshaven,Closed,Laurel Wreath
5186,,Void Black,Blue,Biker Vest,Bored Unshaven,Hypnotized,Baby's Bonnet
5187,,Void Black,Black,Smoking Jacket,Tongue Out,Blindfold,Party Hat 2
5188,Gold Hoop,Void Black,Tan,Black T,Grin,Angry,S&m Hat
5189,,Void Black,Golden Brown,Leather Spectrum Jacket,Bored Unshaven Cigarette,Blindfold,
5190,,Void Black,Blue,,Grin Gold Grill,Chrome,Vietnam Era Helmet
5191,Gold Hoop,Void Black,Gray,,Bored Unshaven,Phantom,Glowrift Flipped Brim
5192,,Void Black,White,Fossil Necklace,Bored Unshaven Cigarette,Heart,Halo
5193,,Void Black,Cheetah,Sleeveless T,Bored,Sunglasses,
5194,Silver Stud,Void Black,Gray,Hip Hop,Tongue Out,Coins,Halo
5195,Silver Stud,Void Black,Chrome,Striped Tee,Phoneme ooo,Scumbag,Safari
5196,Gold Stud,Void Black,Blue,Service,Grin Gold Grill,Bored,
5197,,Void Black,Dark Brown,,Bored Unshaven,3d,King's Crown
5198,,Void Black,White,Caveman Pelt,Bored Cigarette,Heart,Short Mohawk
5199,,Void Black,Chrome,,Bored,Neonborg,
5200,,Void Black,Brown,Black T,Bored Unshaven,Bored,Voyager's Hat
5201,Silver Stud,Void Black,Blue,Navy Striped Tee,Phoneme Oh,Sleepy,
5202,,Void Black,Tan,,Dumbfounded,Sunglasses,Shadow Hat
5203,,Void Black,Dmt,Void Rift T,Bored,Bored,Crimson Hat
5204,Silver Hoop,Void Black,Blue,,Small Grin,Eyepatch,Halo
5205,,Void Black,Golden Brown,Work Vest,Tongue Out,Heart,Glowrift Hat Red
5206,Silver Hoop,Void Black,White,,Grin Diamond Grill,Chrome,Shadow Hat
5207,,Void Black,Phantom,,Grin,Bored,
5208,Silver Hoop,Void Black,Dmt,Work Vest,Bored,Sunglasses,
5209,Silver Hoop,Void Black,Black,Navy Striped Tee,Bored Cigarette,Wide Eyed,Stuntman Helmet
5210,Gold Hoop,Void Black,Pink,Fossil Tee,Discomfort,Angry,Horns
5211,Cross,Void Black,Cream,Sailor Shirt,Grin,Sad,Girl's Hair Short
5212,,Void Black,Brown,Stunt Jacket,Jovial,Bloodshot,Safari
5213,Silver Stud,Void Black,Dmt,,Bored,Blindfold,
5214,,Void Black,Black,Navy Striped Tee,Bored Cigarette,X Eyes,Party Hat 1
5215,Silver Stud,Void Black,Tan,,Tongue Out,X Eyes,Crimson Hat
5216,Silver Hoop,Void Black,Brown,Glowrift T Red,Bored Unshaven Cigarette,Bored,Crimson Hat
5217,Gold Hoop,Void Black,Black,Toga,Bored,Bloodshot,
5218,,Void Black,Pink,Prison Jumpsuit,Bored,Sad,Beanie
5219,,Void Black,Red,Hawaiian,Dumbfounded,Angry,Cowboy Hat
5220,,Void Black,Pink,,Bored,X Eyes,Bunny Ears
5221,,Void Black,Brown,Tuxedo Tee,Bored,Bored,Fisherman's Hat
5222,,Void Black,Brown,Void Rift T,Grin,Bored,Chromatic Captain's Hat
5223,Diamond Stud,Void Black,Void Bot,Navy Striped Tee,Bored,Heart,
5224,,Void Black,Brown,Stunt Jacket,Bored Bubblegum,Bored,Laurel Wreath
5225,Silver Stud,Void Black,Black,Stunt Jacket,Phoneme Oh,Sad,Glowrift Hat Red
5226,,Void Black,Brown,Smoking Jacket,Bored,Bloodshot,Faux Hawk
5227,Cross,Void Black,Golden Brown,Black T,Bored Unshaven,Blindfold,Fisherman's Hat
5228,Silver Stud,Void Black,White,Fossil Necklace,Bored Unshaven,Bloodshot,Bowler
5229,Silver Stud,Void Black,Cream,Prison Jumpsuit,Phoneme ooo,Bored,
5230,Silver Hoop,Void Black,Phantom,Kings Robe,Bored,Blue Beams,Halo
5231,,Void Black,Dark Brown,,Phoneme ooo,Bloodshot,Spinner Hat
5232,Silver Hoop,Void Black,Black,,Bored Cigar,Laser Eyes,Girl's Hair Pink
5233,Gold Stud,Void Black,Radiant Gold,Vietnam Jacket,Phoneme L,Closed,
5234,,Void Black,Dark Brown,Fossil Necklace,Bored,Bloodshot,Voyager's Hat
5235,,Void Black,Blue,Tweed Suit,Bored Unshaven,Sleepy,Chromatic Captain's Hat
5236,,Void Black,Black,Prison Jumpsuit,Dumbfounded,Hypnotized,Horns
5237,,Void Black,Tan,,Dumbfounded,Angry,Fez
5238,Silver Hoop,Void Black,Golden Brown,Prom Dress,Bored Cigarette,3d,Vietnam Era Helmet
5239,Diamond Stud,Void Black,Chrome,,Dumbfounded,Bored,Crimson Hat
5240,,Void Black,Brown,Smoking Jacket,Bored Unshaven,Bloodshot,Sky Captain's Hat
5241,Silver Stud,Void Black,Black,Vietnam Jacket,Bored,Wide Eyed,Glowrift Hat Red
5242,,Void Black,Cream,Glowrift T Red,Bored Cigarette,Bored,Fisherman's Hat
5243,,Void Black,Golden Brown,,Bored Pipe,Bored,
5244,Silver Hoop,Void Black,Black,,Bored Unshaven Kazoo,Sleepy,Faux Hawk
5245,,Void Black,Black,Sailor Shirt,Jovial,Crazy,Horns
5246,,Void Black,Pink,Black T,Phoneme ooo,Scumbag,Fisherman's Hat
5247,,Void Black,White,Lumberjack Shirt,Rage,Coins,
5248,,Void Black,Void Bot,Tanktop,Dumbfounded,Chrome,Short Mohawk
5249,Diamond Stud,Void Black,Brown,,Bored Cigarette,Sunglasses,
5250,,Void Black,Brown,,Bored Unshaven Cigar,Bloodshot,
5251,,Void Black,Dark Brown,Black T,Grin,Bored,Bunny Ears
5252,,Void Black,Blue,Stunt Jacket,Grin,Bored,Safari
5253,,Void Black,Cheetah,Glowrift T Black,Bored Kazoo,Bored,Bunny Ears
5254,,Void Black,Cheetah,,Bored,Coins,Bowler
5255,,Void Black,Brown,,Bored Unshaven Cigarette,Bored,Crimson Hat
5256,,Void Black,White,Striped Tee,Bored,Heart,Vietnam Era Helmet
5257,Diamond Stud,Void Black,Black,Lumberjack Shirt,Bored,Crazy,Halo
5258,Silver Hoop,Void Black,Black,Prison Jumpsuit,Dumbfounded,Sad,Fez
5259,,Void Black,Cheetah,,Bored,Bored,Fez
5260,Silver Stud,Void Black,Cream,Caveman Pelt,Phoneme Vuh,Scumbag,Fisherman's Hat
5261,,Void Black,Brown,,Bored Unshaven,Crazy,
5262,,Void Black,Black,Navy Striped Tee,Bored,Sad,Fisherman's Hat
5263,Silver Hoop,Void Black,Phantom,Tanktop,Bored,Sleepy,
5264,,Void Black,Dark Brown,Tweed Suit,Bored Unshaven,Sunglasses,
5265,,Void Black,Cream,Tanktop,Bored Unshaven Party horn,Sleepy,S&m Hat
5266,,Void Black,Blue,Puffy Vest,Bored Unshaven,X Eyes,
5267,Silver Stud,Void Black,Dark Brown,Service,Tongue Out,Bored,
5268,,Void Black,Cream,Prison Jumpsuit,Dumbfounded,Coins,
5269,,Void Black,Red,Tie Dye,Bored Cigarette,Laser Eyes,Short Mohawk
5270,Silver Hoop,Void Black,Gray,Glowrift T Red,Phoneme L,Sunglasses,Halo
5271,,Void Black,Dark Brown,Hawaiian,Bored,Bloodshot,Halo
5272,,Void Black,Chrome,Lumberjack Shirt,Bored Unshaven Cigarette,X Eyes,Fisherman's Hat
5273,Silver Stud,Void Black,Cream,Fossil Necklace,Bored,Sleepy,Girl's Hair Pink
5274,,Void Black,Brown,Space Suit,Rage,3d,Vietnam Era Helmet
5275,,Void Black,Black,Caveman Pelt,Bored,Bloodshot,Halo
5276,,Void Black,Gray,,Jovial,Closed,Bowler
5277,Silver Hoop,Void Black,Dark Brown,Tuxedo Tee,Bored,Closed,Bandana Blue
5278,,Void Black,Dark Brown,Guayabera,Phoneme L,Heart,
5279,,Void Black,Void Bot,Tanktop,Grin,Sleepy,Vietnam Era Helmet
5280,,Void Black,Cream,Navy Striped Tee,Bored Unshaven Cigar,Closed,Faux Hawk
5281,,Void Black,Red,Work Vest,Bored Unshaven,Bored,Horns
5282,,Void Black,Cream,,Phoneme ooo,Sleepy,Irish Boho
5283,Diamond Stud,Void Black,White,Fossil Tee,Grin,Wide Eyed,
5284,,Void Black,Brown,Wool Turtleneck,Phoneme Wah,Crazy,
5285,,Void Black,Blue,,Bored Unshaven,Sad,
5286,,Void Black,Brown,Space Suit,Bored Unshaven,Angry,
5287,,Void Black,Brown,Black T,Bored Cigarette,Blindfold,Sky Captain's Hat
5288,,Void Black,Noise,Bandolier,Bored,Sad,
5289,Silver Stud,Void Black,Dark Brown,Tanktop,Bored Cigar,Bored,Voyager's Hat
5290,Silver Hoop,Void Black,Golden Brown,,Bored,Coins,Safari
5291,,Void Black,Pink,Tanktop,Rage,Bored,Voyager's Hat
5292,,Void Black,Black,Lab Coat,Phoneme L,Closed,Voyager's Hat
5293,,Void Black,Red,Glowrift T Red,Bored Unshaven,Wide Eyed,Girl's Hair Pink
5294,,Void Black,Pink,Puffy Vest,Grin,Closed,Vietnam Era Helmet
5295,,Void Black,Black,Work Vest,Bored Unshaven Cigarette,Sunglasses,
5296,,Void Black,Black,Puffy Vest,Bored,Scumbag,King's Crown
5297,,Void Black,Black,Navy Striped Tee,Grin Diamond Grill,Bloodshot,S&m Hat
5298,,Void Black,Cheetah,Striped Tee,Phoneme L,Bloodshot,Crimson Hat
5299,Gold Hoop,Void Black,Golden Brown,Fossil Necklace,Jovial,X Eyes,
5300,,Void Black,Dark Brown,,Dumbfounded,Closed,Fisherman's Hat
5301,,Void Black,Pink,Prison Jumpsuit,Grin,Wide Eyed,Halo
5302,,Void Black,Chrome,Tuxedo Tee,Bored Unshaven,Sunglasses,Short Mohawk
5303,,Void Black,Golden Brown,Sleeveless Logo T,Dumbfounded,Sleepy,Short Mohawk
5304,Silver Stud,Void Black,Brown,Service,Phoneme L,X Eyes,
5305,,Void Black,Dark Brown,Stunt Jacket,Bored,Chrome,Bunny Ears
5306,Gold Stud,Void Black,Brown,,Bored Unshaven,Coins,Baby's Bonnet
5307,,Void Black,Dark Brown,Stunt Jacket,Phoneme L,Bloodshot,Short Mohawk
5308,,Void Black,Dark Brown,Hawaiian,Bored,Coins,Voyager's Hat
5309,,Void Black,Blue,Tie Dye,Jovial,Bored,
5310,,Void Black,Dark Brown,Space Suit,Bored Unshaven,Bloodshot,Glowrift Hat Red
5311,Silver Stud,Void Black,Brown,Sleeveless T,Bored Unshaven,Sleepy,Irish Boho
5312,Silver Stud,Void Black,White,Toga,Bored Pizza,Eyepatch,Safari
5313,,Void Black,Dark Brown,Prison Jumpsuit,Grin,Eyepatch,Fez
5314,,Void Black,Golden Brown,Tie Dye,Bored,Bloodshot,Cowboy Hat
5315,Silver Hoop,Void Black,White,Work Vest,Bored Unshaven Party horn,X Eyes,Spinner Hat
5316,,Void Black,Cream,Rainbow Suspenders,Phoneme L,Wide Eyed,Halo
5317,,Void Black,Golden Brown,Glowrift T Black,Dumbfounded,Scumbag,Prussian Helmet
5318,Silver Hoop,Void Black,Blue,,Bored Unshaven,Wide Eyed,Irish Boho
5319,,Void Black,Brown,,Bored,Sad,Voyager's Hat
5320,,Void Black,Tan,Guayabera,Small Grin,Scumbag,S&m Hat
5321,Gold Hoop,Void Black,Dmt,Fossil Necklace,Discomfort,Sleepy,Beanie
5322,Silver Stud,Void Black,Gray,Lumberjack Shirt,Dumbfounded,Sad,S&m Hat
5323,,Void Black,Tan,Navy Striped Tee,Bored Unshaven,Eyepatch,Short Mohawk
5324,Gold Hoop,Void Black,Pink,Navy Striped Tee,Dumbfounded,Eyepatch,Cowboy Hat
5325,,Void Black,White,Toga,Bored Unshaven,Bloodshot,Bandana Blue
5326,,Void Black,Brown,,Bored,Closed,Fez
5327,,Void Black,Dmt,Vietnam Jacket,Rage,Crazy,Laurel Wreath
5328,Silver Hoop,Void Black,Golden Brown,Tuxedo Tee,Bored,3d,Girl's Hair Pink
5329,,Void Black,Gray,Space Suit,Bored Cigar,Sad,Fez
5330,Silver Hoop,Void Black,Dark Brown,Stunt Jacket,Grin,Sleepy,Vietnam Era Helmet
5331,,Void Black,Blue,,Bored,Bloodshot,Girl's Hair Short
5332,,Void Black,Dark Brown,Glowrift T Black,Bored Unshaven,Sad,
5333,,Void Black,Black,,Bored Unshaven Cigarette,Closed,Bowler
5334,Silver Hoop,Void Black,Blue,Kings Robe,Bored Unshaven,Bored,
5335,,Void Black,Black,Navy Striped Tee,Bored Unshaven,Scumbag,S&m Hat
5336,,Void Black,Red,Pimp Coat,Tongue Out,Scumbag,
5337,,Void Black,Dark Brown,Sailor Shirt,Bored Cigarette,Bored,Stuntman Helmet
5338,,Void Black,Brown,Space Suit,Phoneme Oh,Bored,
5339,,Void Black,Gray,Navy Striped Tee,Bored Cigarette,Sad,Stuntman Helmet
5340,,Void Black,Dark Brown,Bandolier,Discomfort,Heart,Cowboy Hat
5341,,Void Black,Brown,Wool Turtleneck,Bored Unshaven,Sunglasses,
5342,,Void Black,Pink,Work Vest,Phoneme Oh,X Eyes,Fez
5343,,Void Black,Golden Brown,Black T,Small Grin,Eyepatch,
5344,Gold Hoop,Void Black,Noise,Sleeveless Logo T,Bored,Hypnotized,
5345,,Void Black,Phantom,Glowrift T Black,Rage,Bloodshot,
5346,,Void Black,Cream,Sailor Shirt,Bored Unshaven,Bored,Sushi Chef Headband
5347,,Void Black,Cheetah,Tuxedo Tee,Phoneme Vuh,Bored,Beanie
5348,,Void Black,Pink,Blue Dress,Dumbfounded,Wide Eyed,Beanie
5349,,Void Black,Blue,Fossil Tee,Bored Unshaven,Eyepatch,Beanie
5350,Diamond Stud,Void Black,Red,Prison Jumpsuit,Grin,Heart,Halo
5351,,Void Black,Brown,Bandolier,Bored Unshaven,Sad,Voyager's Hat
5352,,Void Black,Dmt,Leather Jacket,Bored,Bloodshot,Vietnam Era Helmet
5353,,Void Black,Blue,Navy Striped Tee,Bored Unshaven Pizza,X Eyes,Glowrift Flipped Brim
5354,,Void Black,Black,Puffy Vest,Bored Unshaven Bubblegum,Sunglasses,Short Mohawk
5355,,Void Black,Brown,Leather Jacket,Bored Cigarette,Coins,Irish Boho
5356,,Void Black,Phantom,Tie Dye,Phoneme Wah,Wide Eyed,Shadow Hat
5357,,Void Black,Brown,Glowrift T Black,Grin,Heart,
5358,,Void Black,Black,Guayabera,Grin,Bored,Bandana Blue
5359,Diamond Stud,Void Black,Brown,Hawaiian,Jovial,Sleepy,Glowrift Hat Black
5360,Silver Hoop,Void Black,Black,,Bored Cigarette,3d,Faux Hawk
5361,,Void Black,Dmt,,Small Grin,Blindfold,Fisherman's Hat
5362,Gold Hoop,Void Black,Brown,,Grin,Coins,Sushi Chef Headband
5363,Silver Stud,Void Black,Golden Brown,Caveman Pelt,Bored Unshaven,Crazy,Cowboy Hat
5364,,Void Black,Black,,Bored Cigarette,Bored,Crimson Hat
5365,,Void Black,Blue,Leather Jacket,Phoneme Oh,Sleepy,Voyager's Hat
5366,,Void Black,Black,Black T,Bored Cigarette,Closed,Fisherman's Hat
5367,,Void Black,Cream,Striped Tee,Phoneme ooo,Closed,Party Hat 2
5368,,Void Black,Brown,Space Suit,Phoneme Vuh,Blindfold,Voyager's Hat
5369,,Void Black,Black,Hip Hop,Bored,Sad,
5370,,Void Black,Dark Brown,Toga,Bored Kazoo,Eyepatch,Prussian Helmet
5371,,Void Black,Dark Brown,Prison Jumpsuit,Grin,Phantom,
5372,,Void Black,Black,Fossil Tee,Phoneme Oh,Closed,
5373,Silver Hoop,Void Black,Golden Brown,Toga,Bored,Closed,Spinner Hat
5374,Silver Stud,Void Black,Dmt,Tie Dye,Bored Unshaven,Laser Eyes,Shadow Hat
5375,Silver Stud,Void Black,Dmt,Tuxedo Tee,Grin,Hypnotized,Halo
5376,,Void Black,Dark Brown,,Dumbfounded,Blindfold,
5377,,Void Black,Dark Brown,Lab Coat,Dumbfounded,Sleepy,Beanie
5378,,Void Black,Brown,Sleeveless T,Bored Unshaven Cigarette,Laser Eyes,
5379,,Void Black,Black,Sailor Shirt,Jovial,Bored,Sushi Chef Headband
5380,Silver Stud,Void Black,Cheetah,Tanktop,Jovial,Bored,Voyager's Hat
5381,,Void Black,Brown,Glowrift T Black,Phoneme Vuh,Bored,Stuntman Helmet
5382,,Void Black,Gray,Fossil Necklace,Bored Cigarette,Prismatic,Fisherman's Hat
5383,,Void Black,Radiant Gold,Lumberjack Shirt,Bored Unshaven,Angry,Shadow Hat
5384,,Void Black,Cream,Biker Vest,Phoneme Vuh,Eyepatch,Cowboy Hat
5385,,Void Black,Gray,Wool Turtleneck,Bored,Heart,Halo
5386,,Void Black,Cheetah,Admirals Coat,Bored Unshaven,Heart,
5387,,Void Black,Dmt,Guayabera,Bored,Neonborg,
5388,Gold Stud,Void Black,Cheetah,Sleeveless T,Phoneme L,3d,Laurel Wreath
5389,Gold Stud,Void Black,Golden Brown,Sailor Shirt,Tongue Out,Hypnotized,Bunny Ears
5390,Silver Hoop,Void Black,Brown,Striped Tee,Bored,Bored,Shadow Hat
5391,Gold Stud,Void Black,Black,,Bored,Bored,
5392,,Void Black,Cream,Bandolier,Bored Unshaven Cigarette,3d,Voyager's Hat
5393,,Void Black,Black,Guayabera,Grin,Sleepy,Glowrift Flipped Brim
5394,,Void Black,Brown,Sleeveless T,Grin Multicolored,Bored,Fisherman's Hat
5395,,Void Black,Golden Brown,Black T,Bored,Bored,
5396,,Void Black,Dark Brown,Prison Jumpsuit,Bored,Angry,
5397,,Void Black,Pink,Black T,Bored Cigarette,Sad,
5398,,Void Black,Pink,Hip Hop,Bored Dagger,Sleepy,Fisherman's Hat
5399,,Void Black,Cheetah,,Bored Unshaven,Bloodshot,Fez
5400,,Void Black,Brown,Sailor Shirt,Small Grin,Sleepy,Sky Captain's Hat
5401,,Void Black,Golden Brown,Bandolier,Phoneme ooo,Eyepatch,Sky Captain's Hat
5402,,Void Black,Black,,Bored,Bored,Baby's Bonnet
5403,,Void Black,Black,Fossil Necklace,Bored,Blindfold,Glowrift Flipped Brim
5404,Diamond Stud,Void Black,Brown,Biker Vest,Phoneme Wah,Closed,Short Mohawk
5405,,Void Black,Brown,Tanktop,Phoneme L,Bored,Horns
5406,Silver Stud,Void Black,Blue,Fossil Necklace,Bored,Coins,Horns
5407,Silver Hoop,Void Black,White,Tanktop,Bored Unshaven,Bored,Baby's Bonnet
5408,Gold Stud,Void Black,Golden Brown,Smoking Jacket,Bored Unshaven,Bored,
5409,,Void Black,Pink,Black T,Phoneme Oh,Closed,Party Hat 2
5410,,Void Black,Blue,Glowrift T Black,Bored,Closed,
5411,Silver Stud,Void Black,Red,Glowrift T Red,Rage,Closed,Crimson Hat
5412,,Void Black,Dark Brown,Pimp Coat,Bored Cigarette,Bored,
5413,Silver Stud,Void Black,Pink,Tuxedo Tee,Phoneme Vuh,Sad,Horns
5414,,Void Black,Blue,Fossil Tee,Bored Unshaven,Bored,Cowboy Hat
5415,,Void Black,Cheetah,Toga,Bored,Blindfold,
5416,,Void Black,Golden Brown,Caveman Pelt,Bored Unshaven,Eyepatch,
5417,,Void Black,Cream,Black T,Phoneme ooo,Crazy,
5418,,Void Black,Red,Black Suit,Grin Multicolored,Heart,Shadow Hat
5419,,Void Black,Gray,Leather Spectrum Jacket,Grin Multicolored,Eyepatch,Spinner Hat
5420,,Void Black,Pink,Tuxedo Tee,Tongue Out,Eyepatch,Glowrift Flipped Brim
5421,,Void Black,Phantom,Service,Rage,Scumbag,
5422,,Void Black,Chrome,Smoking Jacket,Bored Cigarette,Crazy,
5423,,Void Black,Red,,Bored Unshaven,Heart,
5424,,Void Black,Brown,Tanktop,Bored Unshaven,Sleepy,Fisherman's Hat
5425,,Void Black,Cream,Sleeveless T,Grin Diamond Grill,Bloodshot,Baby's Bonnet
5426,,Void Black,Black,Hip Hop,Tongue Out,Closed,
5427,,Void Black,Cream,Striped Tee,Phoneme Oh,Blindfold,
5428,,Void Black,Dark Brown,,Jovial,Neonborg,
5429,Silver Hoop,Void Black,Dark Brown,Hip Hop,Bored Unshaven,Bored,Glowrift Hat Black
5430,,Void Black,Golden Brown,Navy Striped Tee,Bored,Sad,
5431,,Void Black,Dark Brown,Work Vest,Phoneme L,Coins,Glowrift Hat Black
5432,Gold Hoop,Void Black,Dark Brown,Hip Hop,Bored Unshaven,Chrome,
5433,,Void Black,Black,Sleeveless Logo T,Bored Unshaven Bubblegum,Crazy,Crimson Hat
5434,Silver Hoop,Void Black,Black,Work Vest,Bored,Sleepy,Voyager's Hat
5435,,Void Black,Dark Brown,,Phoneme Oh,Angry,Glowrift Flipped Brim
5436,,Void Black,White,Vietnam Jacket,Bored Unshaven,Prismatic,Glowrift Flipped Brim
5437,,Void Black,Cream,Pimp Coat,Small Grin,Bloodshot,Party Hat 2
5438,,Void Black,Chrome,Sailor Shirt,Bored Unshaven Cigarette,Wide Eyed,Horns
5439,,Void Black,Brown,,Bored Unshaven,Bored,Fisherman's Hat
5440,,Void Black,Brown,Lab Coat,Bored Unshaven Cigarette,Phantom,Beanie
5441,,Void Black,Dark Brown,Work Vest,Bored,Heart,Glowrift Hat Black
5442,Silver Stud,Void Black,Void Bot,Glowrift T Red,Phoneme L,Heart,Fisherman's Hat
5443,Gold Stud,Void Black,Pink,Glowrift T Black,Bored Pipe,Sleepy,Voyager's Hat
5444,,Void Black,Dmt,Work Vest,Jovial,Prismatic,Faux Hawk
5445,,Void Black,Red,Prison Jumpsuit,Bored Unshaven Cigarette,Bloodshot,Crimson Hat
5446,,Void Black,Tan,Puffy Vest,Bored Unshaven Party horn,Bored,Bowler
5447,,Void Black,Void Bot,Puffy Vest,Bored Cigarette,Sleepy,Glowrift Flipped Brim
5448,Silver Stud,Void Black,Black,,Bored Unshaven Kazoo,Sad,S&m Hat
5449,,Void Black,Dark Brown,Tweed Suit,Bored,Bored,King's Crown
5450,,Void Black,Tan,Sleeveless Logo T,Grin,Phantom,Laurel Wreath
5451,,Void Black,Black,Blue Dress,Dumbfounded,Chrome,Beanie
5452,,Void Black,Chrome,,Bored,Laser Eyes,Sky Captain's Hat
5453,Silver Stud,Void Black,Black,,Bored,3d,Beanie
5454,,Void Black,Golden Brown,,Bored Pipe,Sleepy,Beanie
5455,,Void Black,Brown,Black T,Discomfort,Wide Eyed,
5456,Silver Hoop,Void Black,Cheetah,Cowboy Shirt,Grin Gold Grill,Bloodshot,Bandana Blue
5457,,Void Black,Golden Brown,Space Suit,Grin,Bloodshot,Short Mohawk
5458,,Void Black,Black,Bandolier,Bored Unshaven,Chrome,Glowrift Hat Black
5459,,Void Black,Pink,Black T,Phoneme ooo,Neonborg,
5460,Gold Hoop,Void Black,Red,Prison Jumpsuit,Jovial,Sunglasses,
5461,,Void Black,Brown,Sailor Shirt,Bored,Phantom,S&m Hat
5462,,Void Black,Golden Brown,Guayabera,Bored Unshaven,Wide Eyed,Fisherman's Hat
5463,Silver Hoop,Void Black,Phantom,Tuxedo Tee,Bored Unshaven Cigarette,Bored,
5464,Silver Hoop,Void Black,Dark Brown,Sleeveless T,Bored Unshaven,Prismatic,Shadow Hat
5465,,Void Black,Dark Brown,Stunt Jacket,Phoneme ooo,Crazy,Short Mohawk
5466,,Void Black,Dark Brown,Toga,Dumbfounded,Sunglasses,
5467,,Void Black,Cream,,Grin,Heart,
5468,,Void Black,Dark Brown,,Bored Unshaven Cigarette,Closed,
5469,,Void Black,Blue,,Bored Unshaven,Chrome,Short Mohawk
5470,,Void Black,Dark Brown,Striped Tee,Bored,Bloodshot,S&m Hat
5471,,Void Black,Red,Void Rift T,Phoneme ooo,Bored,Bunny Ears
5472,,Void Black,White,Biker Vest,Phoneme ooo,Scumbag,Fisherman's Hat
5473,,Void Black,Black,Black T,Bored Cigarette,Bloodshot,Voyager's Hat
5474,,Void Black,Tan,Service,Bored Unshaven Cigarette,Eyepatch,
5475,,Void Black,Gray,Tanktop,Bored Unshaven Bubblegum,Sunglasses,Crimson Hat
5476,,Void Black,Black,Blue Dress,Bored Cigarette,Closed,Voyager's Hat
5477,,Void Black,Noise,Lab Coat,Bored Unshaven,Angry,Cowboy Hat
5478,,Void Black,Black,Hawaiian,Bored Cigarette,Sad,Patrol Motorcycle Helmet
5479,Gold Stud,Void Black,Blue,,Jovial,Sleepy,Prussian Helmet
5480,,Void Black,Golden Brown,Sailor Shirt,Bored Unshaven Bubblegum,Bloodshot,Baby's Bonnet
5481,,Void Black,Dark Brown,Striped Tee,Bored,Closed,Bowler
5482,,Void Black,Gray,Kings Robe,Discomfort,Bored,Patrol Motorcycle Helmet
5483,,Void Black,Black,,Bored Cigarette,Bloodshot,Shadow Hat
5484,,Void Black,Dmt,,Dumbfounded,Angry,Crimson Hat
5485,,Void Black,Golden Brown,Vietnam Jacket,Bored,Sleepy,Voyager's Hat
5486,,Void Black,Noise,Tie Dye,Tongue Out,Blue Beams,
5487,Gold Hoop,Void Black,Red,Tuxedo Tee,Bored Unshaven,Sleepy,Sushi Chef Headband
5488,,Void Black,Cheetah,Biker Vest,Bored,Sleepy,Fisherman's Hat
5489,,Void Black,Red,Stunt Jacket,Jovial,Chrome,Sushi Chef Headband
5490,Silver Hoop,Void Black,Dark Brown,Lumberjack Shirt,Bored Unshaven,Chrome,Short Mohawk
5491,Silver Stud,Void Black,Black,Leather Jacket,Bored Unshaven Pizza,Bloodshot,Glowrift Hat Black
5492,,Void Black,Brown,Navy Striped Tee,Bored Unshaven Cigarette,Heart,Glowrift Flipped Brim
5493,,Void Black,Tan,Sailor Shirt,Bored Unshaven Cigarette,Closed,Ww2 Pilot Helm
5494,,Void Black,Red,Leather Spectrum Jacket,Bored,Prismatic,
5495,,Void Black,Phantom,Puffy Vest,Bored,Blindfold,Safari
5496,,Void Black,Dark Brown,,Grin,Hypnotized,Horns
5497,Silver Stud,Void Black,Dark Brown,Fossil Necklace,Bored,Closed,Halo
5498,,Void Black,Dark Brown,,Grin Multicolored,Bored,Halo
5499,,Void Black,Cheetah,Work Vest,Bored,Sad,Patrol Motorcycle Helmet
5500,,Void Black,Phantom,Fossil Tee,Phoneme ooo,Bored,Bowler
5501,,Void Black,Dmt,,Bored,Bored,
5502,,Void Black,Dark Brown,Lumberjack Shirt,Bored Cigarette,Sunglasses,Sushi Chef Headband
5503,,Void Black,Cream,Void Rift T,Bored Unshaven,3d,Patrol Motorcycle Helmet
5504,,Void Black,White,,Rage,Wide Eyed,Fisherman's Hat
5505,,Void Black,Brown,Prison Jumpsuit,Tongue Out,Scumbag,
5506,,Void Black,Cream,Prison Jumpsuit,Bored Unshaven,Bored,
5507,,Void Black,Brown,Navy Striped Tee,Bored Cigarette,Closed,Stuntman Helmet
5508,,Void Black,Chrome,Fossil Tee,Bored,Bored,Voyager's Hat
5509,Silver Hoop,Void Black,Golden Brown,Puffy Vest,Bored Cigarette,Eyepatch,
5510,,Void Black,White,Biker Vest,Bored Unshaven,Bored,Patrol Motorcycle Helmet
5511,,Void Black,Brown,Glowrift T Black,Bored Cigar,Closed,Ww2 Pilot Helm
5512,,Void Black,Brown,Bandolier,Bored Unshaven,Bored,
5513,Gold Hoop,Void Black,Blue,Work Vest,Bored,Heart,Prussian Helmet
5514,,Void Black,Gray,Navy Striped Tee,Bored,Sleepy,
5515,Cross,Void Black,Black,,Bored Unshaven,Blue Beams,Fez
5516,Cross,Void Black,Black,Lumberjack Shirt,Bored,Closed,
5517,,Void Black,Dark Brown,Sleeveless T,Bored Unshaven,Heart,
5518,Gold Stud,Void Black,Black,Fossil Necklace,Tongue Out,Bloodshot,
5519,,Void Black,Brown,Kings Robe,Phoneme Vuh,Chrome,Ww2 Pilot Helm
5520,Silver Hoop,Void Black,Cream,Black T,Bored Unshaven Cigarette,Sleepy,
5521,,Void Black,Dark Brown,Smoking Jacket,Dumbfounded,Angry,Shadow Hat
5522,,Void Black,Dark Brown,,Bored Unshaven,Bloodshot,Bunny Ears
5523,,Void Black,Chrome,Caveman Pelt,Bored Cigar,Sad,Bandana Blue
5524,Diamond Stud,Void Black,Golden Brown,Caveman Pelt,Bored Cigarette,Bored,Fez
5525,,Void Black,Brown,,Bored,Bored,Beanie
5526,,Void Black,Dmt,Service,Bored,Bored,
5527,Gold Stud,Void Black,Golden Brown,Sailor Shirt,Dumbfounded,Eyepatch,Fisherman's Hat
5528,,Void Black,Blue,,Bored,Neonborg,Party Hat 1
5529,,Void Black,Brown,Black T,Dumbfounded,Closed,
5530,,Void Black,Tan,Sailor Shirt,Bored,Crazy,S&m Hat
5531,Silver Hoop,Void Black,Dark Brown,,Bored Unshaven Bubblegum,Sunglasses,
5532,,Void Black,Gray,Sailor Shirt,Phoneme Oh,Neonborg,Girl's Hair Short
5533,,Void Black,Void Bot,Navy Striped Tee,Grin Multicolored,Closed,
5534,,Void Black,Black,Black T,Bored,Sad,Halo
5535,,Void Black,Golden Brown,Vietnam Jacket,Bored,Bored,
5536,,Void Black,Red,Smoking Jacket,Bored Cigarette,Bloodshot,Cowboy Hat
5537,,Void Black,White,Blue Dress,Bored Unshaven,Sad,Ww2 Pilot Helm
5538,Silver Hoop,Void Black,Black,Glowrift T Red,Dumbfounded,Bored,Prussian Helmet
5539,,Void Black,Golden Brown,Sailor Shirt,Phoneme Oh,Wide Eyed,
5540,,Void Black,Cheetah,Fossil Necklace,Tongue Out,X Eyes,Ww2 Pilot Helm
5541,,Void Black,Brown,Cowboy Shirt,Phoneme Oh,Bored,
5542,,Void Black,Dark Brown,Fossil Necklace,Bored Unshaven,Bored,
5543,Gold Stud,Void Black,Phantom,Fossil Necklace,Bored Unshaven,Coins,Irish Boho
5544,,Void Black,Black,Admirals Coat,Bored Cigarette,Sad,Shadow Hat
5545,Diamond Stud,Void Black,Brown,,Bored Unshaven,Closed,King's Crown
5546,,Void Black,Golden Brown,Black T,Bored,Scumbag,
5547,,Void Black,Phantom,Fossil Necklace,Bored Cigarette,3d,Sky Captain's Hat
5548,,Void Black,Black,Sleeveless T,Bored Unshaven Cigarette,Bloodshot,Stuntman Helmet
5549,Silver Hoop,Void Black,Chrome,Leather Jacket,Grin,Bored,Vietnam Era Helmet
5550,,Void Black,Dark Brown,Leather Jacket,Bored,Bloodshot,Bowler
5551,,Void Black,Cream,Sleeveless T,Bored Unshaven,Bored,Girl's Hair Pink
5552,,Void Black,Cream,,Phoneme Oh,Closed,
5553,,Void Black,Brown,Biker Vest,Bored,Phantom,Irish Boho
5554,,Void Black,Blue,Toga,Rage,Heart,Vietnam Era Helmet
5555,Silver Hoop,Void Black,Dark Brown,Black Suit,Bored Unshaven Cigarette,Bored,Shadow Hat
5556,,Void Black,Cream,Leather Jacket,Phoneme Vuh,Sad,Glowrift Hat Black
5557,,Void Black,Golden Brown,Biker Vest,Bored Unshaven,Sleepy,
5558,,Void Black,Dark Brown,,Bored Unshaven,Wide Eyed,
5559,,Void Black,Black,Sailor Shirt,Bored Unshaven,Crazy,Fez
5560,,Void Black,Golden Brown,Space Suit,Bored,Wide Eyed,Girl's Hair Short
5561,,Void Black,Golden Brown,Tuxedo Tee,Bored Cigarette,Bloodshot,Sky Captain's Hat
5562,Gold Hoop,Void Black,Void Bot,Sleeveless Logo T,Grin,Bored,Glowrift Flipped Brim
5563,,Void Black,Void Bot,Bandolier,Bored Cigar,Eyepatch,Patrol Motorcycle Helmet
5564,Silver Stud,Void Black,Dark Brown,Tuxedo Tee,Bored Unshaven,Sleepy,Beanie
5565,,Void Black,Brown,,Bored,Crazy,Beanie
5566,Gold Stud,Void Black,Chrome,,Bored,Laser Eyes,Faux Hawk
5567,,Void Black,Brown,,Small Grin,Bloodshot,
5568,,Void Black,Tan,Smoking Jacket,Bored Party Horn,Sleepy,Bowler
5569,,Void Black,Blue,,Bored,Bored,
5570,,Void Black,Tan,Vietnam Jacket,Grin,Blindfold,Party Hat 1
5571,,Void Black,Chrome,Navy Striped Tee,Bored Cigarette,Chrome,Bowler
5572,Silver Stud,Void Black,Golden Brown,Prison Jumpsuit,Grin Gold Grill,Bored,Bowler
5573,,Void Black,Void Bot,Stunt Jacket,Bored,Heart,Fisherman's Hat
5574,,Void Black,Tan,Striped Tee,Small Grin,Eyepatch,Fisherman's Hat
5575,,Void Black,Noise,Puffy Vest,Bored,Bored,
5576,,Void Black,Brown,,Grin Gold Grill,Phantom,
5577,,Void Black,Brown,Sailor Shirt,Jovial,Bored,
5578,,Void Black,Black,,Jovial,Eyepatch,Safari
5579,,Void Black,Golden Brown,,Bored Cigarette,Crazy,Horns
5580,,Void Black,Dark Brown,Void Rift T,Bored,Bored,Beanie
5581,Silver Stud,Void Black,Black,Lab Coat,Bored Unshaven,Bored,Vietnam Era Helmet
5582,,Void Black,Golden Brown,Sleeveless T,Phoneme ooo,Wide Eyed,Baby's Bonnet
5583,,Void Black,Brown,Sailor Shirt,Bored,Coins,Girl's Hair Pink
5584,,Void Black,Dark Brown,Hawaiian,Tongue Out,Scumbag,
5585,,Void Black,Dmt,Navy Striped Tee,Bored,Bored,
5586,,Void Black,Cheetah,,Bored,Chrome,Party Hat 1
5587,Diamond Stud,Void Black,Cream,Tie Dye,Bored Cigarette,Sunglasses,S&m Hat
5588,Gold Hoop,Void Black,Dark Brown,Striped Tee,Bored Unshaven,Prismatic,Beanie
5589,Silver Stud,Void Black,Chromatic,Tweed Suit,Discomfort,Crazy,Beanie
5590,,Void Black,Cream,Hawaiian,Grin,Eyepatch,
5591,,Void Black,Gray,Tanktop,Rage,Crazy,Halo
5592,,Void Black,Cream,Toga,Bored,Sleepy,Cowboy Hat
5593,,Void Black,Red,Rainbow Suspenders,Bored,Coins,Faux Hawk
5594,,Void Black,Cheetah,,Bored Bubblegum,Coins,Sushi Chef Headband
5595,,Void Black,Pink,Prom Dress,Bored Kazoo,Coins,Stuntman Helmet
5596,,Void Black,Red,Tie Dye,Grin Multicolored,Bored,
5597,,Void Black,Chromatic,Service,Tongue Out,Prismatic,
5598,,Void Black,Cream,Tie Dye,Phoneme L,Sleepy,
5599,Silver Hoop,Void Black,Brown,Sleeveless T,Discomfort,Prismatic,Bowler
5600,Gold Hoop,Void Black,Phantom,Striped Tee,Bored Unshaven Cigarette,Angry,Cowboy Hat
5601,,Void Black,Tan,Striped Tee,Bored Unshaven,Phantom,Ww2 Pilot Helm
5602,,Void Black,Dark Brown,Wool Turtleneck,Jovial,Sad,Fez
5603,,Void Black,Golden Brown,Fossil Necklace,Phoneme Wah,Sunglasses,Beanie
5604,Gold Stud,Void Black,Black,Guayabera,Bored,Bored,Fisherman's Hat
5605,,Void Black,Black,Fossil Necklace,Phoneme L,Neonborg,Glowrift Flipped Brim
5606,,Void Black,White,Navy Striped Tee,Grin,Chrome,Ww2 Pilot Helm
5607,,Void Black,Void Bot,Toga,Bored,Sad,Girl's Hair Short
5608,Diamond Stud,Void Black,Pink,Tuxedo Tee,Bored Unshaven,Bored,Cowboy Hat
5609,,Void Black,Brown,Tweed Suit,Discomfort,Coins,Glowrift Hat Black
5610,,Void Black,Red,Lumberjack Shirt,Bored,X Eyes,Glowrift Hat Black
5611,,Void Black,Red,Glowrift T Red,Bored Cigarette,Crazy,
5612,,Void Black,Dmt,Glowrift T Red,Bored,Crazy,Short Mohawk
5613,,Void Black,Black,,Bored Unshaven Cigarette,Sad,Patrol Motorcycle Helmet
5614,,Void Black,Blue,Leather Spectrum Jacket,Bored,Heart,Voyager's Hat
5615,,Void Black,Black,Fossil Necklace,Bored Unshaven Pizza,Coins,Crimson Hat
5616,,Void Black,Black,Sailor Shirt,Phoneme Vuh,Bored,Patrol Motorcycle Helmet
5617,,Void Black,Pink,Striped Tee,Dumbfounded,Wide Eyed,Beanie
5618,Gold Hoop,Void Black,Cheetah,Biker Vest,Bored Unshaven,Bored,
5619,Gold Hoop,Void Black,Blue,Lumberjack Shirt,Bored Unshaven,Eyepatch,Safari
5620,Silver Stud,Void Black,Noise,Tuxedo Tee,Grin,Bloodshot,Sky Captain's Hat
5621,Silver Stud,Void Black,Gray,Sleeveless T,Phoneme Wah,Coins,King's Crown
5622,Gold Hoop,Void Black,Cream,Biker Vest,Bored,Sleepy,Stuntman Helmet
5623,,Void Black,Black,Bandolier,Bored Unshaven,Coins,
5624,,Void Black,Dark Brown,Glowrift T Black,Bored Unshaven Cigarette,Bored,Shadow Hat
5625,,Void Black,Black,Caveman Pelt,Bored Unshaven Cigarette,Bored,
5626,,Void Black,Phantom,Caveman Pelt,Grin,Bloodshot,Voyager's Hat
5627,,Void Black,Pink,Sleeveless Logo T,Bored Unshaven Bubblegum,Angry,Crimson Hat
5628,,Void Black,Black,Glowrift T Red,Rage,Heart,Fez
5629,Gold Hoop,Void Black,Black,Black T,Bored Unshaven,X Eyes,
5630,,Void Black,Brown,Lab Coat,Grin Multicolored,Bloodshot,
5631,Gold Stud,Void Black,Tan,,Bored Unshaven,Eyepatch,
5632,,Void Black,Black,Toga,Bored Unshaven,Bored,Ww2 Pilot Helm
5633,,Void Black,Golden Brown,,Jovial,Sad,Glowrift Hat Red
5634,,Void Black,Brown,,Grin,Sleepy,Bunny Ears
5635,,Void Black,Black,Hawaiian,Bored Unshaven,Wide Eyed,King's Crown
5636,,Void Black,Brown,Stunt Jacket,Phoneme Vuh,3d,Glowrift Hat Black
5637,,Void Black,Tan,Smoking Jacket,Dumbfounded,Wide Eyed,Halo
5638,,Void Black,Cheetah,Hawaiian,Bored,Wide Eyed,Patrol Motorcycle Helmet
5639,,Void Black,Golden Brown,Caveman Pelt,Rage,Angry,Ww2 Pilot Helm
5640,,Void Black,Blue,Hawaiian,Bored,Sad,Irish Boho
5641,,Void Black,Tan,Navy Striped Tee,Phoneme Vuh,Bloodshot,Stuntman Helmet
5642,Silver Stud,Void Black,Noise,Leather Jacket,Dumbfounded,Bored,Halo
5643,,Void Black,Dark Brown,,Jovial,Sad,Fez
5644,,Void Black,White,Black Suit,Dumbfounded,Closed,Crimson Hat
5645,Gold Hoop,Void Black,Black,Biker Vest,Bored,Sleepy,
5646,Silver Hoop,Void Black,Tan,Wool Turtleneck,Bored Unshaven Bubblegum,Wide Eyed,Stuntman Helmet
5647,,Void Black,Cream,Black Suit,Bored,Blindfold,Spinner Hat
5648,Silver Stud,Void Black,Dark Brown,Sleeveless T,Bored,Eyepatch,
5649,,Void Black,Gray,Glowrift T Black,Bored Unshaven,Bloodshot,Prussian Helmet
5650,,Void Black,Dark Brown,,Dumbfounded,Sad,Glowrift Flipped Brim
5651,,Void Black,Dark Brown,Glowrift T Black,Discomfort,Bored,Glowrift Hat Black
5652,,Void Black,Brown,Work Vest,Bored Unshaven,Hypnotized,Shadow Hat
5653,,Void Black,Golden Brown,Leather Spectrum Jacket,Grin,Closed,Cowboy Hat
5654,,Void Black,Dark Brown,,Bored Unshaven,Phantom,Short Mohawk
5655,,Void Black,Tan,Vietnam Jacket,Bored Unshaven,Bored,Crimson Hat
5656,,Void Black,Cream,Fossil Necklace,Bored,Eyepatch,Patrol Motorcycle Helmet
5657,Gold Stud,Void Black,Void Bot,,Bored Unshaven Cigarette,Bored,Baby's Bonnet
5658,Silver Hoop,Void Black,Tan,Pimp Coat,Small Grin,Heart,
5659,Silver Hoop,Void Black,Red,Sailor Shirt,Bored,Sad,Irish Boho
5660,Silver Stud,Void Black,Cream,Wool Turtleneck,Bored,Bored,Bowler
5661,,Void Black,Pink,,Bored,Bored,Ww2 Pilot Helm
5662,,Void Black,Dark Brown,,Bored,Sleepy,
5663,Silver Hoop,Void Black,Blue,Lumberjack Shirt,Phoneme Vuh,Phantom,Bowler
5664,,Void Black,White,,Bored Unshaven,3d,Beanie
5665,,Void Black,Dmt,Prom Dress,Bored Unshaven,Sunglasses,Shadow Hat
5666,,Void Black,Phantom,Tanktop,Bored Cigarette,Closed,Halo
5667,,Void Black,Black,Blue Dress,Bored,Bloodshot,
5668,,Void Black,Golden Brown,Tweed Suit,Rage,Sad,Irish Boho
5669,Silver Stud,Void Black,Cheetah,Prison Jumpsuit,Discomfort,Prismatic,
5670,,Void Black,Black,Service,Bored Unshaven,Phantom,
5671,,Void Black,Golden Brown,Biker Vest,Bored,Bored,Prussian Helmet
5672,,Void Black,Black,Prom Dress,Bored,Crazy,
5673,,Void Black,Gray,Caveman Pelt,Phoneme Wah,Blindfold,
5674,,Void Black,White,Fossil Tee,Small Grin,Sunglasses,
5675,,Void Black,Cheetah,Blue Dress,Bored,Bloodshot,Short Mohawk
5676,,Void Black,Brown,,Bored Kazoo,Neonborg,Halo
5677,,Void Black,Phantom,Glowrift T Black,Bored,Sunglasses,
5678,,Void Black,Blue,Guayabera,Dumbfounded,X Eyes,
5679,,Void Black,Black,Smoking Jacket,Bored,Sad,
5680,Gold Stud,Void Black,Blue,Navy Striped Tee,Dumbfounded,Sad,Irish Boho
5681,Silver Hoop,Void Black,Pink,Fossil Necklace,Dumbfounded,Bored,
5682,Gold Hoop,Void Black,Gray,Striped Tee,Bored,X Eyes,
5683,,Void Black,Noise,Navy Striped Tee,Phoneme L,X Eyes,Patrol Motorcycle Helmet
5684,,Void Black,Brown,,Bored Unshaven Cigar,Sleepy,Voyager's Hat
5685,,Void Black,Tan,Vietnam Jacket,Bored,Bloodshot,Glowrift Hat Black
5686,,Void Black,Dark Brown,,Tongue Out,Heart,Glowrift Hat Black
5687,,Void Black,Cream,Smoking Jacket,Bored Dagger,Closed,Short Mohawk
5688,,Void Black,Black,Leather Jacket,Phoneme Wah,Hypnotized,Cowboy Hat
5689,,Void Black,Dark Brown,Sleeveless T,Bored Unshaven,Blindfold,Sushi Chef Headband
5690,,Void Black,Cheetah,Navy Striped Tee,Dumbfounded,Chrome,Cowboy Hat
5691,,Void Black,Brown,,Small Grin,Blindfold,Fez
5692,,Void Black,Golden Brown,,Grin,Sleepy,Laurel Wreath
5693,,Void Black,Cream,,Dumbfounded,Bloodshot,Fez
5694,,Void Black,Brown,Prom Dress,Jovial,Neonborg,Crimson Hat
5695,Silver Hoop,Void Black,Phantom,Fossil Tee,Bored Cigarette,Bloodshot,Stuntman Helmet
5696,Gold Hoop,Void Black,Black,Hawaiian,Grin,Angry,Beanie
5697,,Void Black,Chrome,Stunt Jacket,Bored,Closed,Sushi Chef Headband
5698,,Void Black,Tan,Work Vest,Bored Cigarette,Sleepy,Beanie
5699,Silver Hoop,Void Black,Blue,Tweed Suit,Rage,Neonborg,Spinner Hat
5700,,Void Black,Brown,Hip Hop,Bored,Phantom,Patrol Motorcycle Helmet
5701,,Void Black,Gray,Navy Striped Tee,Phoneme Wah,Heart,
5702,,Void Black,Dark Brown,Black T,Phoneme Oh,Crazy,Bunny Ears
5703,,Void Black,White,Leather Jacket,Bored Unshaven,Bloodshot,Sky Captain's Hat
5704,,Void Black,Cream,Vietnam Jacket,Bored Unshaven,Neonborg,Sushi Chef Headband
5705,,Void Black,Golden Brown,Kings Robe,Grin Gold Grill,Eyepatch,Bowler
5706,,Void Black,Brown,Navy Striped Tee,Bored Unshaven,Chrome,
5707,,Void Black,Cream,Leather Spectrum Jacket,Bored,Sad,Ww2 Pilot Helm
5708,Cross,Void Black,Black,Hip Hop,Bored Unshaven Pipe,Prismatic,
5709,Gold Hoop,Void Black,Pink,Smoking Jacket,Bored Party Horn,Angry,Bunny Ears
5710,Diamond Stud,Void Black,Golden Brown,Hawaiian,Bored Unshaven Cigarette,Sunglasses,Short Mohawk
5711,Diamond Stud,Void Black,White,Biker Vest,Dumbfounded,Angry,Halo
5712,Gold Hoop,Void Black,Chrome,Black Suit,Bored,Sleepy,Beanie
5713,,Void Black,Pink,Hawaiian,Bored Unshaven Dagger,Bloodshot,Glowrift Flipped Brim
5714,,Void Black,Brown,Sleeveless T,Bored Unshaven Cigarette,Heart,Glowrift Hat Black
5715,,Void Black,Golden Brown,,Bored,Phantom,Patrol Motorcycle Helmet
5716,,Void Black,Black,Tuxedo Tee,Bored Cigarette,Crazy,
5717,,Void Black,Blue,Vietnam Jacket,Phoneme Wah,Heart,Vietnam Era Helmet
5718,Silver Hoop,Void Black,Red,Black Suit,Phoneme Oh,Bored,Spinner Hat
5719,,Void Black,Blue,Prison Jumpsuit,Small Grin,Bored,Fez
5720,,Void Black,Cream,,Bored Pipe,Wide Eyed,Fisherman's Hat
5721,,Void Black,Black,Prison Jumpsuit,Bored,Bored,Glowrift Hat Black
5722,Gold Hoop,Void Black,Blue,Hip Hop,Bored Unshaven,Bloodshot,Shadow Hat
5723,,Void Black,Brown,Fossil Tee,Bored Party Horn,Closed,Beanie
5724,,Void Black,Dark Brown,Bandolier,Bored,Bored,Glowrift Hat Red
5725,,Void Black,Black,Pimp Coat,Jovial,Bored,
5726,,Void Black,Pink,Navy Striped Tee,Phoneme ooo,Closed,Sky Captain's Hat
5727,,Void Black,Black,Cowboy Shirt,Phoneme L,Bloodshot,Beanie
5728,Gold Stud,Void Black,Golden Brown,Puffy Vest,Bored,Eyepatch,Bunny Ears
5729,,Void Black,Golden Brown,,Phoneme L,Closed,Girl's Hair Short
5730,Silver Stud,Void Black,Dark Brown,Void Rift T,Phoneme Vuh,Bored,Crimson Hat
5731,,Void Black,Black,Fossil Tee,Rage,Chrome,Halo
5732,,Void Black,White,Hawaiian,Bored,Heart,Fez
5733,,Void Black,Golden Brown,Leather Jacket,Grin Gold Grill,Prismatic,
5734,,Void Black,Brown,Sleeveless Logo T,Phoneme Vuh,Bloodshot,Short Mohawk
5735,,Void Black,Black,Hawaiian,Grin,Wide Eyed,
5736,,Void Black,Red,,Bored,Coins,S&m Hat
5737,Gold Stud,Void Black,Phantom,,Grin,Wide Eyed,Girl's Hair Short
5738,,Void Black,Blue,Tweed Suit,Phoneme ooo,Bored,Sushi Chef Headband
5739,Diamond Stud,Void Black,Tan,Striped Tee,Bored,Sleepy,
5740,,Void Black,Dark Brown,Service,Bored,Scumbag,
5741,,Void Black,Tan,Rainbow Suspenders,Bored Unshaven Cigarette,Sad,Glowrift Hat Black
5742,,Void Black,Radiant Gold,,Bored Cigarette,3d,Shadow Hat
5743,Gold Stud,Void Black,Void Bot,Wool Turtleneck,Bored,3d,Crimson Hat
5744,,Void Black,Gray,Space Suit,Bored Party Horn,Phantom,Voyager's Hat
5745,Gold Stud,Void Black,Blue,Vietnam Jacket,Bored Cigarette,Crazy,Horns
5746,,Void Black,Chrome,Service,Jovial,Sunglasses,
5747,,Void Black,Brown,Leather Jacket,Bored Pipe,Bored,Ww2 Pilot Helm
5748,Silver Stud,Void Black,Red,Tanktop,Jovial,Coins,King's Crown
5749,,Void Black,Black,Puffy Vest,Phoneme Wah,Bored,Spinner Hat
5750,,Void Black,Black,Black T,Bored,Bloodshot,Fez
5751,,Void Black,Blue,,Bored,Closed,Sushi Chef Headband
5752,,Void Black,Chrome,,Bored,Hypnotized,Sky Captain's Hat
5753,,Void Black,Dark Brown,,Phoneme L,Wide Eyed,Shadow Hat
5754,Gold Hoop,Void Black,White,Fossil Necklace,Grin Gold Grill,Scumbag,Girl's Hair Short
5755,,Void Black,Black,Sailor Shirt,Bored Kazoo,Sleepy,Party Hat 1
5756,,Void Black,Gray,Space Suit,Rage,Sunglasses,Spinner Hat
5757,Cross,Void Black,Blue,Hip Hop,Jovial,Neonborg,Vietnam Era Helmet
5758,,Void Black,Black,Toga,Bored,Scumbag,Party Hat 1
5759,,Void Black,Gray,Prison Jumpsuit,Bored Unshaven,Closed,Beanie
5760,,Void Black,Brown,Wool Turtleneck,Bored Kazoo,Sunglasses,Party Hat 1
5761,,Void Black,Gray,Navy Striped Tee,Bored Bubblegum,Closed,Ww2 Pilot Helm
5762,,Void Black,Dark Brown,Navy Striped Tee,Grin,Laser Eyes,
5763,Silver Stud,Void Black,Brown,,Bored Unshaven,X Eyes,
5764,Diamond Stud,Void Black,Gray,,Small Grin,Sunglasses,Irish Boho
5765,Diamond Stud,Void Black,Tan,Wool Turtleneck,Bored Unshaven,Sleepy,
5766,,Void Black,Gray,Smoking Jacket,Tongue Out,Bloodshot,S&m Hat
5767,Silver Stud,Void Black,White,Biker Vest,Phoneme Wah,Sad,Cowboy Hat
5768,,Void Black,Black,Service,Bored,Blindfold,
5769,,Void Black,Tan,Toga,Phoneme L,Wide Eyed,Voyager's Hat
5770,Silver Hoop,Void Black,Golden Brown,Guayabera,Jovial,Bloodshot,Fez
5771,Silver Hoop,Void Black,Black,Tanktop,Small Grin,Wide Eyed,Cowboy Hat
5772,,Void Black,Blue,Sleeveless T,Bored Unshaven,Closed,Beanie
5773,,Void Black,Pink,Cowboy Shirt,Phoneme Vuh,Blindfold,Irish Boho
5774,Cross,Void Black,Tan,Leather Spectrum Jacket,Tongue Out,Sunglasses,
5775,,Void Black,Pink,Sailor Shirt,Bored,Crazy,Beanie
5776,,Void Black,Brown,Glowrift T Black,Bored Unshaven,Sunglasses,
5777,,Void Black,Brown,,Bored,Bored,Beanie
5778,Gold Stud,Void Black,Chrome,Black T,Phoneme ooo,Angry,Beanie
5779,Gold Stud,Void Black,Brown,Fossil Necklace,Bored Unshaven,Blindfold,Cowboy Hat
5780,,Void Black,Cream,Leather Spectrum Jacket,Bored Unshaven,Crazy,
5781,,Void Black,Blue,Tie Dye,Bored Cigarette,Bored,Patrol Motorcycle Helmet
5782,,Void Black,Dark Brown,Navy Striped Tee,Bored,Crazy,
5783,,Void Black,Dark Brown,Caveman Pelt,Bored Party Horn,Heart,Halo
5784,,Void Black,Black,Tuxedo Tee,Bored Unshaven Pipe,Chrome,Voyager's Hat
5785,,Void Black,Dark Brown,Tuxedo Tee,Bored Unshaven,Closed,Halo
5786,,Void Black,Gray,Tie Dye,Phoneme Oh,Laser Eyes,Vietnam Era Helmet
5787,Silver Stud,Void Black,Black,Hip Hop,Bored,Angry,Beanie
5788,,Void Black,White,Service,Dumbfounded,Crazy,
5789,,Void Black,Golden Brown,Leather Spectrum Jacket,Grin,Bored,Irish Boho
5790,Gold Hoop,Void Black,Brown,Rainbow Suspenders,Bored Unshaven,Phantom,Halo
5791,,Void Black,Dark Brown,Toga,Bored Unshaven,Sunglasses,Safari
5792,,Void Black,White,Puffy Vest,Phoneme Oh,Bloodshot,Cowboy Hat
5793,,Void Black,Brown,,Bored,Blindfold,Cowboy Hat
5794,,Void Black,Brown,,Dumbfounded,Bored,
5795,Gold Stud,Void Black,Tan,Blue Dress,Bored,Crazy,Shadow Hat
5796,Gold Hoop,Void Black,Brown,Hip Hop,Bored,Prismatic,Fez
5797,,Void Black,Pink,,Bored,Sad,
5798,,Void Black,Void Bot,Vietnam Jacket,Bored,Bored,Ww2 Pilot Helm
5799,,Void Black,Black,Void Rift T,Grin,Sleepy,
5800,,Void Black,Brown,,Bored Unshaven Pizza,Sleepy,Glowrift Hat Black
5801,Silver Stud,Void Black,Dark Brown,Guayabera,Phoneme ooo,X Eyes,Short Mohawk
5802,Gold Stud,Void Black,Brown,Kings Robe,Grin Diamond Grill,Bored,Irish Boho
5803,,Void Black,White,Smoking Jacket,Phoneme Vuh,Sleepy,Beanie
5804,Silver Stud,Void Black,Brown,Fossil Necklace,Bored Unshaven,Bored,Stuntman Helmet
5805,,Void Black,Tan,Prison Jumpsuit,Bored Unshaven,Hypnotized,Beanie
5806,,Void Black,Dark Brown,Wool Turtleneck,Dumbfounded,Closed,Crimson Hat
5807,,Void Black,Red,,Bored,Crazy,Cowboy Hat
5808,,Void Black,Gray,Leather Jacket,Bored,Heart,Short Mohawk
5809,Gold Hoop,Void Black,Radiant Gold,,Bored,Prismatic,
5810,Gold Hoop,Void Black,Cheetah,Vietnam Jacket,Bored Unshaven Kazoo,Sleepy,
5811,,Void Black,Tan,Sailor Shirt,Bored Unshaven,Sad,Patrol Motorcycle Helmet
5812,,Void Black,Cheetah,Blue Dress,Grin Multicolored,Bored,Halo
5813,Silver Hoop,Void Black,Void Bot,Wool Turtleneck,Bored Cigarette,Closed,
5814,Silver Hoop,Void Black,Black,Sleeveless T,Bored Unshaven Cigarette,Bloodshot,Fisherman's Hat
5815,Silver Stud,Void Black,Pink,Sleeveless Logo T,Bored Unshaven Cigar,Eyepatch,
5816,,Void Black,White,Lab Coat,Bored Cigar,Closed,Beanie
5817,,Void Black,Dark Brown,Striped Tee,Bored Unshaven,Blindfold,Beanie
5818,,Void Black,Red,,Bored Unshaven,Sleepy,Chromatic Captain's Hat
5819,,Void Black,Cheetah,Sailor Shirt,Bored Unshaven Cigar,Bored,Chromatic Captain's Hat
5820,,Void Black,Black,Sleeveless T,Grin,Sad,Halo
5821,,Void Black,Cream,Tanktop,Bored Unshaven,Bloodshot,Girl's Hair Pink
5822,,Void Black,Brown,Lab Coat,Bored Bubblegum,3d,Girl's Hair Pink
5823,,Void Black,Brown,Fossil Necklace,Bored Cigarette,Sleepy,Short Mohawk
5824,,Void Black,Void Bot,Tuxedo Tee,Bored Unshaven,Bored,Girl's Hair Short
5825,,Void Black,Gray,,Bored,Bored,Stuntman Helmet
5826,,Void Black,Cream,Striped Tee,Small Grin,Heart,
5827,Silver Stud,Void Black,Gray,Vietnam Jacket,Discomfort,Wide Eyed,Voyager's Hat
5828,,Void Black,Tan,Kings Robe,Bored Cigarette,3d,Short Mohawk
5829,,Void Black,Dark Brown,Leather Jacket,Dumbfounded,Chrome,
5830,Gold Stud,Void Black,Brown,Striped Tee,Rage,Sad,
5831,,Void Black,Blue,Sailor Shirt,Bored,Wide Eyed,Crimson Hat
5832,,Void Black,Dark Brown,Lumberjack Shirt,Dumbfounded,Chrome,
5833,,Void Black,Dark Brown,Sailor Shirt,Bored Unshaven,Heart,
5834,Silver Hoop,Void Black,Cream,Sleeveless T,Bored Unshaven,Heart,
5835,,Void Black,Dark Brown,Wool Turtleneck,Jovial,Sad,
5836,,Void Black,Chrome,Blue Dress,Bored,Crazy,Sky Captain's Hat
5837,Silver Hoop,Void Black,Golden Brown,Black T,Grin,Sad,Fisherman's Hat
5838,,Void Black,Brown,,Bored,Sad,Fisherman's Hat
5839,,Void Black,Pink,Hawaiian,Bored Unshaven Kazoo,Bloodshot,Sky Captain's Hat
5840,,Void Black,Brown,,Rage,Blue Beams,
5841,,Void Black,Black,,Bored Cigarette,Phantom,Stuntman Helmet
5842,,Void Black,Cheetah,,Phoneme Vuh,Sad,Bandana Blue
5843,,Void Black,Brown,Guayabera,Bored,Sleepy,Bunny Ears
5844,,Void Black,Dmt,,Phoneme Oh,Phantom,Vietnam Era Helmet
5845,,Void Black,White,Striped Tee,Bored Unshaven,Sunglasses,
5846,,Void Black,Black,Sleeveless T,Tongue Out,Bloodshot,Fisherman's Hat
5847,Gold Stud,Void Black,Chromatic,Space Suit,Bored,Closed,Halo
5848,,Void Black,White,Hawaiian,Phoneme Wah,Bored,
5849,,Void Black,Black,,Grin,Bloodshot,Sky Captain's Hat
5850,,Void Black,Brown,Tuxedo Tee,Bored Cigarette,Blindfold,Faux Hawk
5851,,Void Black,Dark Brown,Hawaiian,Phoneme ooo,Angry,
5852,,Void Black,Pink,Hawaiian,Bored Party Horn,Coins,Shadow Hat
5853,,Void Black,Cheetah,,Grin,Eyepatch,Crimson Hat
5854,Silver Stud,Void Black,Tan,Glowrift T Black,Bored,3d,Bowler
5855,,Void Black,Brown,Wool Turtleneck,Phoneme Wah,3d,Sushi Chef Headband
5856,,Void Black,Gray,,Bored Unshaven Pipe,Wide Eyed,Beanie
5857,,Void Black,Brown,Black T,Grin Multicolored,Prismatic,Beanie
5858,,Void Black,Phantom,Service,Bored Cigarette,Bored,
5859,,Void Black,Cream,,Dumbfounded,Coins,Crimson Hat
5860,,Void Black,Dark Brown,,Bored Cigarette,Bloodshot,Spinner Hat
5861,Silver Stud,Void Black,Void Bot,Smoking Jacket,Bored Cigarette,Closed,Fez
5862,,Void Black,Blue,Void Rift T,Bored,Bloodshot,Laurel Wreath
5863,Silver Hoop,Void Black,Brown,Guayabera,Grin,Sunglasses,Sky Captain's Hat
5864,,Void Black,Gray,Biker Vest,Bored Unshaven,3d,Party Hat 1
5865,,Void Black,Noise,Void Rift T,Bored,Phantom,Halo
5866,Silver Hoop,Void Black,Cream,Prom Dress,Bored,Bored,Voyager's Hat
5867,Diamond Stud,Void Black,Black,Biker Vest,Bored,Bored,Fez
5868,,Void Black,Golden Brown,Tanktop,Phoneme Vuh,Sad,Prussian Helmet
5869,,Void Black,Gray,Prison Jumpsuit,Bored Dagger,Angry,Girl's Hair Pink
5870,,Void Black,Noise,Space Suit,Phoneme Vuh,Angry,Prussian Helmet
5871,,Void Black,Cream,Prison Jumpsuit,Bored Cigarette,Bored,Crimson Hat
5872,,Void Black,Noise,Navy Striped Tee,Small Grin,Sleepy,King's Crown
5873,,Void Black,Black,Vietnam Jacket,Bored Bubblegum,Wide Eyed,Cowboy Hat
5874,,Void Black,Brown,Guayabera,Bored Pipe,Hypnotized,
5875,,Void Black,Tan,Navy Striped Tee,Bored,Wide Eyed,Crimson Hat
5876,,Void Black,Noise,Lumberjack Shirt,Bored Pipe,Sad,Stuntman Helmet
5877,Silver Hoop,Void Black,Pink,Sleeveless Logo T,Bored,Wide Eyed,Bowler
5878,Gold Stud,Void Black,Red,,Grin,Phantom,Beanie
5879,Gold Hoop,Void Black,Gray,Navy Striped Tee,Jovial,Angry,Crimson Hat
5880,,Void Black,Tan,Stunt Jacket,Jovial,Heart,Baby's Bonnet
5881,,Void Black,Cream,Tie Dye,Bored Pipe,Sunglasses,Sky Captain's Hat
5882,,Void Black,Golden Brown,Cowboy Shirt,Bored Cigarette,Bloodshot,
5883,Silver Stud,Void Black,Golden Brown,Hawaiian,Phoneme Oh,Coins,Faux Hawk
5884,,Void Black,Brown,Sleeveless T,Bored Cigarette,Sleepy,Vietnam Era Helmet
5885,,Void Black,Black,Glowrift T Black,Small Grin,Hypnotized,Laurel Wreath
5886,,Void Black,Brown,Cowboy Shirt,Bored,Sleepy,Glowrift Hat Black
5887,,Void Black,Golden Brown,,Grin,Bored,Girl's Hair Short
5888,,Void Black,Dark Brown,Void Rift T,Phoneme Vuh,Sad,
5889,Silver Stud,Void Black,Golden Brown,Sailor Shirt,Bored,Angry,Cowboy Hat
5890,,Void Black,Blue,Tie Dye,Bored,Angry,Patrol Motorcycle Helmet
5891,,Void Black,Black,,Bored Unshaven,Bloodshot,Sushi Chef Headband
5892,,Void Black,Tan,,Phoneme ooo,Bored,
5893,,Void Black,Dark Brown,,Bored,Eyepatch,Sky Captain's Hat
5894,,Void Black,Blue,Tuxedo Tee,Bored Unshaven,Chrome,Stuntman Helmet
5895,Silver Hoop,Void Black,Chromatic,Navy Striped Tee,Bored,Sad,Party Hat 2
5896,,Void Black,Dark Brown,Fossil Tee,Bored Unshaven Cigarette,Crazy,
5897,,Void Black,Cheetah,Smoking Jacket,Bored,Bored,
5898,,Void Black,Black,,Bored Cigarette,Bored,
5899,Silver Hoop,Void Black,Black,Biker Vest,Tongue Out,Angry,
5900,,Void Black,Cream,Tweed Suit,Tongue Out,3d,Chromatic Captain's Hat
5901,,Void Black,Brown,Toga,Bored Dagger,Bored,Beanie
5902,,Void Black,Tan,,Bored Unshaven Cigarette,Eyepatch,Stuntman Helmet
5903,,Void Black,Black,,Phoneme Vuh,Bored,
5904,Silver Stud,Void Black,Red,,Bored Unshaven Kazoo,Laser Eyes,
5905,,Void Black,Tan,,Jovial,Chrome,Short Mohawk
5906,,Void Black,Tan,Fossil Necklace,Bored Unshaven Cigarette,Heart,Baby's Bonnet
5907,,Void Black,White,Navy Striped Tee,Bored,Sad,Glowrift Hat Red
5908,Gold Stud,Void Black,Brown,,Bored,Hypnotized,Short Mohawk
5909,,Void Black,Black,Tie Dye,Bored Unshaven Cigar,Eyepatch,
5910,Silver Stud,Void Black,Pink,Cowboy Shirt,Phoneme ooo,Closed,
5911,,Void Black,Gray,Black T,Small Grin,Eyepatch,Chromatic Captain's Hat
5912,,Void Black,Gray,,Grin,Bloodshot,Beanie
5913,,Void Black,Tan,,Phoneme L,Prismatic,Beanie
5914,,Void Black,Golden Brown,Tanktop,Discomfort,Closed,Crimson Hat
5915,,Void Black,Red,,Bored,Heart,Crimson Hat
5916,Silver Stud,Void Black,Dark Brown,,Grin,Hypnotized,
5917,,Void Black,Cream,,Jovial,Bored,Short Mohawk
5918,Silver Stud,Void Black,Brown,Puffy Vest,Phoneme ooo,Phantom,Prussian Helmet
5919,,Void Black,Tan,Rainbow Suspenders,Bored Pizza,Angry,Fez
5920,,Void Black,White,,Bored,Coins,Beanie
5921,Silver Stud,Void Black,Dark Brown,,Bored Cigarette,Bloodshot,Spinner Hat
5922,,Void Black,Blue,Navy Striped Tee,Bored Unshaven Kazoo,Bored,
5923,Silver Hoop,Void Black,Black,,Bored Unshaven Cigarette,Coins,
5924,,Void Black,Brown,Sailor Shirt,Bored,Phantom,Patrol Motorcycle Helmet
5925,Diamond Stud,Void Black,Brown,Black T,Phoneme Vuh,Sleepy,
5926,,Void Black,Black,Pimp Coat,Phoneme ooo,Bloodshot,Glowrift Flipped Brim
5927,Silver Hoop,Void Black,Brown,Sailor Shirt,Dumbfounded,Wide Eyed,King's Crown
5928,,Void Black,Brown,Leather Spectrum Jacket,Dumbfounded,Coins,Safari
5929,Diamond Stud,Void Black,Void Bot,Rainbow Suspenders,Bored Cigar,Bloodshot,Voyager's Hat
5930,,Void Black,Cream,,Bored Unshaven,Bored,Fisherman's Hat
5931,,Void Black,Cream,Toga,Bored Cigarette,Crazy,Fez
5932,Gold Hoop,Void Black,White,Striped Tee,Phoneme Oh,Wide Eyed,King's Crown
5933,,Void Black,Tan,Cowboy Shirt,Tongue Out,Sad,Crimson Hat
5934,,Void Black,Noise,Sailor Shirt,Dumbfounded,Crazy,
5935,Silver Stud,Void Black,Dark Brown,Sailor Shirt,Bored,Heart,Halo
5936,Gold Hoop,Void Black,Black,Lumberjack Shirt,Grin,Eyepatch,
5937,,Void Black,Dark Brown,Glowrift T Red,Bored Kazoo,Bored,Short Mohawk
5938,,Void Black,Black,,Dumbfounded,Sleepy,
5939,Silver Hoop,Void Black,Noise,Pimp Coat,Tongue Out,Crazy,Beanie
5940,,Void Black,Cheetah,Cowboy Shirt,Phoneme Oh,Wide Eyed,
5941,Silver Stud,Void Black,Brown,,Phoneme Vuh,Wide Eyed,Faux Hawk
5942,Cross,Void Black,Cream,Rainbow Suspenders,Bored Unshaven,Coins,
5943,,Void Black,Dark Brown,Stunt Jacket,Phoneme Oh,Sleepy,
5944,Gold Stud,Void Black,Red,,Bored Pipe,3d,
5945,Silver Hoop,Void Black,Black,Toga,Bored Unshaven,Hypnotized,Baby's Bonnet
5946,,Void Black,Black,Glowrift T Black,Bored Pipe,Sleepy,Beanie
5947,,Void Black,Black,,Bored Unshaven,Prismatic,Spinner Hat
5948,,Void Black,Brown,Prom Dress,Phoneme Oh,Prismatic,Halo
5949,,Void Black,Brown,,Small Grin,Sad,
5950,,Void Black,Golden Brown,Hawaiian,Bored Unshaven,Heart,Cowboy Hat
5951,,Void Black,Dark Brown,Caveman Pelt,Bored Unshaven,Sunglasses,Girl's Hair Short
5952,,Void Black,Dark Brown,Leather Jacket,Bored Unshaven,Wide Eyed,Voyager's Hat
5953,Gold Stud,Void Black,Radiant Gold,Void Rift T,Grin,Blindfold,
5954,,Void Black,Chrome,,Rage,Sleepy,Shadow Hat
5955,,Void Black,Dark Brown,Fossil Tee,Phoneme ooo,Eyepatch,Bowler
5956,Silver Stud,Void Black,Dark Brown,Lumberjack Shirt,Bored Unshaven,Bored,Sushi Chef Headband
5957,,Void Black,Blue,Service,Bored,Sad,
5958,,Void Black,Black,Leather Spectrum Jacket,Dumbfounded,Bloodshot,
5959,,Void Black,Golden Brown,Puffy Vest,Bored,Scumbag,
5960,,Void Black,Noise,Fossil Tee,Bored Unshaven Cigarette,Bloodshot,Vietnam Era Helmet
5961,Silver Hoop,Void Black,Red,Navy Striped Tee,Bored,Blindfold,
5962,,Void Black,Golden Brown,Toga,Bored Unshaven Cigarette,Closed,Halo
5963,,Void Black,Golden Brown,,Bored Unshaven Cigarette,Coins,Party Hat 1
5964,,Void Black,Dark Brown,Smoking Jacket,Bored,Sunglasses,
5965,Silver Stud,Void Black,Void Bot,Prison Jumpsuit,Jovial,Sleepy,Horns
5966,,Void Black,Red,Space Suit,Bored Party Horn,Wide Eyed,Short Mohawk
5967,Silver Stud,Void Black,Blue,Hawaiian,Bored Unshaven,Bored,Short Mohawk
5968,Diamond Stud,Void Black,Chromatic,Biker Vest,Bored Bubblegum,Sleepy,Beanie
5969,Silver Hoop,Void Black,Chrome,Black T,Phoneme Wah,Sad,Horns
5970,,Void Black,Brown,,Bored,Bored,Girl's Hair Short
5971,,Void Black,Pink,Navy Striped Tee,Dumbfounded,Bored,Sushi Chef Headband
5972,,Void Black,Pink,Admirals Coat,Bored,Wide Eyed,
5973,,Void Black,Black,Striped Tee,Bored Pipe,Blindfold,Horns
5974,Silver Hoop,Void Black,Pink,Bandolier,Phoneme Wah,Wide Eyed,
5975,,Void Black,Dark Brown,Fossil Tee,Bored Unshaven,Bored,Sky Captain's Hat
5976,Gold Stud,Void Black,Black,Sailor Shirt,Grin,Phantom,Vietnam Era Helmet
5977,,Void Black,Cream,Bandolier,Bored Party Horn,Eyepatch,Shadow Hat
5978,,Void Black,Cream,Admirals Coat,Bored Unshaven,Eyepatch,Voyager's Hat
5979,,Void Black,Chromatic,Prison Jumpsuit,Dumbfounded,Hypnotized,Fisherman's Hat
5980,,Void Black,Brown,,Bored,Closed,
5981,,Void Black,Black,Smoking Jacket,Rage,3d,Girl's Hair Short
5982,Gold Hoop,Void Black,Tan,Blue Dress,Discomfort,Blindfold,Bandana Blue
5983,,Void Black,Dark Brown,Space Suit,Grin,Angry,Voyager's Hat
5984,,Void Black,Brown,Tie Dye,Bored Unshaven,Wide Eyed,Beanie
5985,,Void Black,Blue,Prison Jumpsuit,Jovial,Sad,Vietnam Era Helmet
5986,Silver Hoop,Void Black,Golden Brown,,Grin,X Eyes,
5987,,Void Black,Dark Brown,Smoking Jacket,Bored Pipe,Angry,Horns
5988,,Void Black,Brown,Biker Vest,Dumbfounded,Closed,Irish Boho
5989,,Void Black,Dark Brown,Prison Jumpsuit,Bored,Coins,Fisherman's Hat
5990,,Void Black,Cream,Hawaiian,Grin Diamond Grill,Sleepy,Shadow Hat
5991,,Void Black,Black,Navy Striped Tee,Bored Kazoo,Heart,Beanie
5992,Gold Hoop,Void Black,Dmt,Lumberjack Shirt,Discomfort,Bored,Bunny Ears
5993,,Void Black,Black,Smoking Jacket,Rage,Bored,Fisherman's Hat
5994,,Void Black,Tan,,Bored,Bored,Shadow Hat
5995,,Void Black,Chrome,Lab Coat,Tongue Out,Closed,
5996,,Void Black,Chrome,Smoking Jacket,Grin,Sleepy,Faux Hawk
5997,,Void Black,Blue,Cowboy Shirt,Phoneme Vuh,Angry,Baby's Bonnet
5998,Gold Stud,Void Black,Pink,Leather Jacket,Grin,Coins,Shadow Hat
5999,,Void Black,Brown,Glowrift T Red,Grin,Bored,Safari
6000,,Void Black,Chrome,Fossil Tee,Bored,Wide Eyed,Sushi Chef Headband
6001,,Void Black,Black,Smoking Jacket,Bored Bubblegum,Bored,Crimson Hat
6002,,Void Black,Dark Brown,Leather Jacket,Bored Unshaven Bubblegum,Bored,
6003,Silver Hoop,Void Black,Cream,,Small Grin,Sleepy,
6004,,Void Black,Golden Brown,Leather Jacket,Phoneme ooo,Bored,Girl's Hair Pink
6005,,Void Black,Noise,Void Rift T,Bored Unshaven,Bored,Beanie
6006,Silver Stud,Void Black,Dark Brown,,Bored Unshaven Cigarette,Wide Eyed,Cowboy Hat
6007,,Void Black,Brown,Lumberjack Shirt,Discomfort,X Eyes,Sky Captain's Hat
6008,Silver Hoop,Void Black,Brown,Tie Dye,Bored Cigarette,Bored,Patrol Motorcycle Helmet
6009,,Void Black,Chrome,Lumberjack Shirt,Dumbfounded,Crazy,
6010,,Void Black,Black,,Phoneme Wah,Eyepatch,Horns
6011,,Void Black,Void Bot,Space Suit,Bored,Phantom,Shadow Hat
6012,,Void Black,Void Bot,Leather Jacket,Bored Unshaven,Bored,Cowboy Hat
6013,,Void Black,Brown,Service,Bored,Bloodshot,
6014,,Void Black,Red,Tweed Suit,Bored Cigarette,Bored,
6015,,Void Black,Noise,Glowrift T Black,Phoneme Vuh,Bloodshot,S&m Hat
6016,,Void Black,Black,Leather Spectrum Jacket,Bored Unshaven,Bored,Glowrift Hat Black
6017,,Void Black,Brown,,Phoneme L,Sad,Bandana Blue
6018,,Void Black,Black,Sleeveless Logo T,Dumbfounded,Chrome,Halo
6019,,Void Black,Brown,Tuxedo Tee,Bored Unshaven Pipe,Crazy,Cowboy Hat
6020,Silver Hoop,Void Black,Dark Brown,Vietnam Jacket,Discomfort,Bored,Beanie
6021,,Void Black,Brown,Work Vest,Bored,Wide Eyed,Baby's Bonnet
6022,,Void Black,Brown,,Bored Unshaven,Laser Eyes,
6023,Silver Stud,Void Black,Red,Space Suit,Bored Unshaven Bubblegum,Wide Eyed,Vietnam Era Helmet
6024,,Void Black,Pink,Black T,Grin Diamond Grill,Sunglasses,Bowler
6025,,Void Black,Pink,Hawaiian,Phoneme L,Bored,Party Hat 1
6026,,Void Black,Black,Guayabera,Rage,Hypnotized,Fez
6027,Silver Hoop,Void Black,Cream,Glowrift T Red,Bored Unshaven,Phantom,Voyager's Hat
6028,,Void Black,Black,,Bored Bubblegum,Phantom,
6029,,Void Black,Dark Brown,Blue Dress,Bored Party Horn,Sleepy,Fisherman's Hat
6030,,Void Black,Black,Sailor Shirt,Bored Unshaven,Sleepy,Laurel Wreath
6031,Gold Stud,Void Black,Red,Stunt Jacket,Bored Unshaven Cigarette,Wide Eyed,Spinner Hat
6032,Silver Stud,Void Black,Dmt,Leather Jacket,Bored Unshaven,Sad,Voyager's Hat
6033,,Void Black,Black,,Bored,X Eyes,Crimson Hat
6034,Silver Stud,Void Black,Brown,Tweed Suit,Grin,Blue Beams,
6035,,Void Black,Dark Brown,Lumberjack Shirt,Phoneme Vuh,Bored,Voyager's Hat
6036,,Void Black,Dark Brown,Sleeveless T,Grin,Neonborg,Spinner Hat
6037,,Void Black,Cream,Vietnam Jacket,Bored,Sleepy,Bowler
6038,,Void Black,Black,Sailor Shirt,Bored Unshaven,Wide Eyed,Crimson Hat
6039,,Void Black,Golden Brown,Bandolier,Small Grin,Bored,Vietnam Era Helmet
6040,,Void Black,Cheetah,,Bored,Wide Eyed,Crimson Hat
6041,,Void Black,Cheetah,Fossil Necklace,Bored,Bored,Fez
6042,,Void Black,Phantom,Sleeveless Logo T,Bored,Heart,Baby's Bonnet
6043,,Void Black,Brown,Void Rift T,Bored,Bored,Cowboy Hat
6044,,Void Black,Dark Brown,Tuxedo Tee,Phoneme Oh,Crazy,
6045,,Void Black,Golden Brown,Striped Tee,Jovial,Bored,
6046,,Void Black,Phantom,Black T,Bored Unshaven,Closed,Sushi Chef Headband
6047,Silver Hoop,Void Black,Gray,Service,Grin Diamond Grill,Bloodshot,
6048,,Void Black,Golden Brown,,Grin Gold Grill,X Eyes,Safari
6049,Cross,Void Black,Black,,Grin,Eyepatch,Halo
6050,,Void Black,Blue,,Phoneme L,Angry,Cowboy Hat
6051,,Void Black,Cream,,Bored Cigarette,Bored,Cowboy Hat
6052,,Void Black,Brown,Lab Coat,Bored,X Eyes,Vietnam Era Helmet
6053,Silver Stud,Void Black,Red,Sailor Shirt,Dumbfounded,Closed,Laurel Wreath
6054,Cross,Void Black,Dark Brown,Lab Coat,Bored Unshaven Pipe,Heart,Voyager's Hat
6055,Silver Hoop,Void Black,Tan,Guayabera,Bored,Bloodshot,Halo
6056,,Void Black,Dark Brown,Wool Turtleneck,Bored Unshaven Cigarette,Phantom,
6057,,Void Black,Dark Brown,Tanktop,Bored Unshaven,Bored,
6058,,Void Black,Gray,,Bored Cigar,Sleepy,Glowrift Flipped Brim
6059,Diamond Stud,Void Black,Noise,Guayabera,Bored Unshaven Cigarette,Bored,Faux Hawk
6060,Gold Stud,Void Black,Dark Brown,Cowboy Shirt,Bored Unshaven,Angry,
6061,Diamond Stud,Void Black,Gray,Black T,Bored Party Horn,Bored,Shadow Hat
6062,,Void Black,Chrome,Hawaiian,Bored Unshaven,Angry,
6063,,Void Black,Cheetah,Wool Turtleneck,Bored Unshaven,Bored,
6064,,Void Black,Cheetah,Hawaiian,Bored Unshaven Cigarette,3d,S&m Hat
6065,,Void Black,Tan,Leather Spectrum Jacket,Phoneme L,Eyepatch,
6066,,Void Black,Tan,Navy Striped Tee,Bored,Eyepatch,Bunny Ears
6067,,Void Black,Black,Lab Coat,Phoneme Vuh,Heart,S&m Hat
6068,,Void Black,Dark Brown,Wool Turtleneck,Bored Unshaven,Sunglasses,Shadow Hat
6069,,Void Black,Golden Brown,,Bored,Bored,Beanie
6070,,Void Black,Dmt,Puffy Vest,Bored,Bored,Girl's Hair Pink
6071,Gold Hoop,Void Black,Dark Brown,Admirals Coat,Bored,Closed,Voyager's Hat
6072,,Void Black,Pink,Bandolier,Bored,Bored,Cowboy Hat
6073,,Void Black,Gray,Tweed Suit,Grin,Sleepy,Fisherman's Hat
6074,,Void Black,White,Biker Vest,Bored Cigarette,Sleepy,Fisherman's Hat
6075,Gold Stud,Void Black,Golden Brown,,Phoneme Wah,Angry,
6076,,Void Black,Brown,Striped Tee,Bored Unshaven,Hypnotized,Bunny Ears
6077,,Void Black,Black,Tie Dye,Phoneme Vuh,Closed,Faux Hawk
6078,,Void Black,Cream,Hawaiian,Rage,Chrome,Irish Boho
6079,,Void Black,Blue,Biker Vest,Bored,Bloodshot,
6080,Silver Stud,Void Black,Golden Brown,Puffy Vest,Bored Unshaven Pipe,Bored,Sushi Chef Headband
6081,,Void Black,Chrome,Tuxedo Tee,Bored Bubblegum,Angry,Beanie
6082,,Void Black,Noise,Tweed Suit,Bored,Sad,Halo
6083,,Void Black,Chromatic,Lab Coat,Bored Unshaven Pipe,Chrome,
6084,Gold Stud,Void Black,White,,Tongue Out,Chrome,
6085,,Void Black,White,Glowrift T Black,Dumbfounded,Bored,Cowboy Hat
6086,,Void Black,Dark Brown,Wool Turtleneck,Phoneme L,Bored,Vietnam Era Helmet
6087,,Void Black,Blue,Wool Turtleneck,Dumbfounded,Bored,Laurel Wreath
6088,Silver Hoop,Void Black,Phantom,,Bored,Wide Eyed,
6089,Gold Hoop,Void Black,Blue,Puffy Vest,Grin,Sunglasses,Bunny Ears
6090,Silver Stud,Void Black,Noise,,Bored,Crazy,
6091,Silver Stud,Void Black,Brown,,Bored Unshaven,Neonborg,Girl's Hair Short
6092,,Void Black,Cream,Bandolier,Bored,Coins,Faux Hawk
6093,,Void Black,White,Tweed Suit,Phoneme Oh,Coins,Safari
6094,Silver Stud,Void Black,Pink,Hawaiian,Bored,Bored,Laurel Wreath
6095,Gold Stud,Void Black,Chrome,Fossil Necklace,Bored,Bloodshot,
6096,Silver Hoop,Void Black,Dark Brown,Toga,Bored Unshaven Cigarette,Sad,Patrol Motorcycle Helmet
6097,,Void Black,Cream,Glowrift T Red,Bored Pipe,Heart,Fez
6098,,Void Black,Tan,Vietnam Jacket,Grin Gold Grill,Bloodshot,Crimson Hat
6099,,Void Black,Golden Brown,Bandolier,Bored Kazoo,Crazy,Girl's Hair Pink
6100,,Void Black,Cream,Wool Turtleneck,Bored,Wide Eyed,
6101,,Void Black,Cheetah,Rainbow Suspenders,Bored Unshaven,Bored,
6102,Cross,Void Black,Tan,Sleeveless T,Bored,Sad,
6103,,Void Black,Black,Leather Spectrum Jacket,Bored Pipe,Sad,King's Crown
6104,,Void Black,Black,,Bored,Closed,Sushi Chef Headband
6105,,Void Black,Golden Brown,Sleeveless T,Grin Multicolored,Bored,Sky Captain's Hat
6106,,Void Black,Golden Brown,Navy Striped Tee,Bored Unshaven Cigar,Scumbag,Beanie
6107,,Void Black,Brown,Guayabera,Bored,Phantom,Fez
6108,,Void Black,Dark Brown,Guayabera,Bored,Bored,Fez
6109,Gold Hoop,Void Black,Black,Striped Tee,Grin,Heart,Bowler
6110,,Void Black,Cream,Guayabera,Bored Unshaven Cigar,Closed,
6111,,Void Black,Cream,,Bored Cigarette,Sad,
6112,,Void Black,Dark Brown,Caveman Pelt,Phoneme L,Wide Eyed,
6113,Gold Hoop,Void Black,Pink,Prison Jumpsuit,Phoneme L,Bloodshot,Cowboy Hat
6114,Silver Stud,Void Black,Golden Brown,,Bored Unshaven Cigar,Closed,Crimson Hat
6115,,Void Black,Blue,,Phoneme ooo,Bored,Girl's Hair Short
6116,,Void Black,Black,Toga,Bored Unshaven,Closed,Fisherman's Hat
6117,,Void Black,Brown,Sailor Shirt,Bored Unshaven,Blindfold,Beanie
6118,,Void Black,Pink,Fossil Tee,Bored Unshaven,Angry,Party Hat 1
6119,,Void Black,Black,Guayabera,Bored,Heart,
6120,Gold Stud,Void Black,Brown,Pimp Coat,Bored,Closed,
6121,,Void Black,Dark Brown,,Bored Kazoo,Blindfold,Irish Boho
6122,,Void Black,Dark Brown,,Grin,Sunglasses,Fisherman's Hat
6123,,Void Black,Tan,Biker Vest,Discomfort,Bored,Horns
6124,,Void Black,Blue,Leather Jacket,Bored Cigarette,Wide Eyed,Cowboy Hat
6125,,Void Black,Cream,Cowboy Shirt,Rage,3d,
6126,,Void Black,Brown,Hawaiian,Bored,Heart,Short Mohawk
6127,Diamond Stud,Void Black,Cream,Navy Striped Tee,Bored Unshaven Kazoo,Crazy,Crimson Hat
6128,Gold Stud,Void Black,Golden Brown,Toga,Bored Unshaven Party horn,Blindfold,
6129,,Void Black,Cream,Vietnam Jacket,Grin,Bored,Halo
6130,,Void Black,Pink,Wool Turtleneck,Bored,Bored,Ww2 Pilot Helm
6131,,Void Black,Brown,,Grin,Neonborg,Glowrift Hat Red
6132,,Void Black,Pink,Glowrift T Red,Bored Party Horn,3d,Party Hat 1
6133,,Void Black,Dark Brown,Smoking Jacket,Phoneme Vuh,Wide Eyed,Glowrift Hat Red
6134,,Void Black,Red,Lumberjack Shirt,Tongue Out,Sleepy,Short Mohawk
6135,,Void Black,Noise,Biker Vest,Bored,Wide Eyed,Safari
6136,,Void Black,Black,Vietnam Jacket,Bored Unshaven Cigar,Bloodshot,
6137,,Void Black,Tan,Cowboy Shirt,Phoneme Vuh,Bloodshot,Sky Captain's Hat
6138,,Void Black,Dark Brown,Work Vest,Bored,Sad,
6139,,Void Black,Pink,Prison Jumpsuit,Discomfort,Sunglasses,Baby's Bonnet
6140,,Void Black,Noise,Service,Grin,Bloodshot,
6141,,Void Black,Brown,Navy Striped Tee,Bored,Blindfold,Ww2 Pilot Helm
6142,,Void Black,Black,Pimp Coat,Bored,X Eyes,Party Hat 2
6143,,Void Black,Brown,Striped Tee,Grin,Closed,Fisherman's Hat
6144,Silver Hoop,Void Black,Black,Vietnam Jacket,Small Grin,Bloodshot,Bandana Blue
6145,,Void Black,Dark Brown,Fossil Necklace,Bored Unshaven,Hypnotized,Safari
6146,Gold Stud,Void Black,Red,Smoking Jacket,Bored Unshaven Party horn,Bloodshot,Fisherman's Hat
6147,,Void Black,Brown,Striped Tee,Grin Gold Grill,Crazy,
6148,Silver Hoop,Void Black,Black,,Rage,Coins,Sky Captain's Hat
6149,,Void Black,Void Bot,,Bored Cigarette,Eyepatch,Bunny Ears
6150,,Void Black,Dark Brown,Puffy Vest,Bored,Angry,Glowrift Flipped Brim
6151,Silver Stud,Void Black,Void Bot,,Bored Unshaven,Eyepatch,Shadow Hat
6152,,Void Black,Noise,Stunt Jacket,Grin,Sunglasses,Glowrift Hat Red
6153,,Void Black,Dark Brown,Pimp Coat,Discomfort,Bloodshot,Shadow Hat
6154,,Void Black,White,,Bored Cigarette,Angry,Stuntman Helmet
6155,,Void Black,Dmt,Fossil Tee,Phoneme ooo,3d,Fez
6156,Cross,Void Black,Cream,,Small Grin,Closed,Voyager's Hat
6157,Silver Hoop,Void Black,Gray,Fossil Necklace,Bored Unshaven Pipe,Closed,Beanie
6158,Diamond Stud,Void Black,Cream,,Bored Unshaven,Wide Eyed,Fez
6159,,Void Black,Tan,,Dumbfounded,Bloodshot,
6160,Cross,Void Black,Dmt,Sailor Shirt,Rage,Sleepy,Fisherman's Hat
6161,,Void Black,Dark Brown,Tuxedo Tee,Phoneme ooo,Heart,
6162,Silver Hoop,Void Black,Brown,,Bored,Closed,Girl's Hair Pink
6163,Gold Hoop,Void Black,Tan,Tanktop,Dumbfounded,3d,Fisherman's Hat
6164,Gold Stud,Void Black,Cheetah,Glowrift T Black,Bored,Wide Eyed,Glowrift Flipped Brim
6165,,Void Black,Tan,Fossil Tee,Bored Unshaven,Coins,Girl's Hair Short
6166,,Void Black,Dark Brown,Leather Jacket,Bored,Chrome,
6167,Silver Hoop,Void Black,Blue,Prison Jumpsuit,Small Grin,Chrome,Prussian Helmet
6168,Gold Hoop,Void Black,Brown,Sleeveless T,Small Grin,Closed,Short Mohawk
6169,,Void Black,Red,Prison Jumpsuit,Bored Unshaven,Wide Eyed,Baby's Bonnet
6170,,Void Black,Tan,,Phoneme ooo,3d,Girl's Hair Short
6171,,Void Black,Cream,Kings Robe,Bored Bubblegum,Closed,Sky Captain's Hat
6172,,Void Black,Void Bot,Tanktop,Bored Unshaven Party horn,Bloodshot,Patrol Motorcycle Helmet
6173,Gold Stud,Void Black,Blue,Wool Turtleneck,Grin,Bored,Horns
6174,,Void Black,Gray,Vietnam Jacket,Bored,X Eyes,Halo
6175,Gold Hoop,Void Black,Tan,Wool Turtleneck,Phoneme Oh,Bloodshot,Fez
6176,,Void Black,Gray,Leather Spectrum Jacket,Phoneme L,3d,Safari
6177,,Void Black,Cream,,Dumbfounded,Sad,Safari
6178,Gold Stud,Void Black,Tan,Navy Striped Tee,Bored Cigarette,Wide Eyed,Party Hat 1
6179,,Void Black,Golden Brown,Work Vest,Tongue Out,Closed,Glowrift Hat Black
6180,,Void Black,Tan,Tanktop,Grin,Angry,
6181,,Void Black,Black,Pimp Coat,Bored Unshaven,Bloodshot,Girl's Hair Short
6182,,Void Black,Black,,Bored Unshaven Cigarette,Bored,
6183,,Void Black,Chrome,Void Rift T,Bored Cigarette,Blindfold,Spinner Hat
6184,,Void Black,Tan,Navy Striped Tee,Bored Unshaven,Sleepy,
6185,,Void Black,Cream,,Bored Unshaven Cigar,Neonborg,Bowler
6186,,Void Black,Brown,,Bored Unshaven Cigarette,Bloodshot,
6187,,Void Black,Brown,,Jovial,Closed,Fez
6188,,Void Black,Gray,Caveman Pelt,Bored,Scumbag,Irish Boho
6189,,Void Black,Brown,Tie Dye,Phoneme ooo,Hypnotized,Horns
6190,,Void Black,Cream,Tanktop,Bored,Coins,S&m Hat
6191,Silver Hoop,Void Black,Cheetah,Leather Jacket,Bored Unshaven Cigar,Sad,Short Mohawk
6192,Silver Hoop,Void Black,Black,Biker Vest,Dumbfounded,Angry,
6193,Gold Hoop,Void Black,Gray,,Bored Cigarette,Bloodshot,Patrol Motorcycle Helmet
6194,,Void Black,Gray,Lab Coat,Grin Diamond Grill,Scumbag,Fisherman's Hat
6195,,Void Black,Cheetah,Guayabera,Bored Unshaven,Phantom,
6196,,Void Black,Cream,Stunt Jacket,Jovial,Wide Eyed,Beanie
6197,,Void Black,Dmt,Pimp Coat,Dumbfounded,Heart,Prussian Helmet
6198,,Void Black,Golden Brown,Rainbow Suspenders,Phoneme Vuh,Bored,Cowboy Hat
6199,Gold Hoop,Void Black,Red,Caveman Pelt,Grin,X Eyes,Fisherman's Hat
6200,,Void Black,Tan,Fossil Tee,Bored Cigarette,Bored,Sky Captain's Hat
6201,,Void Black,Phantom,Pimp Coat,Jovial,Heart,Bowler
6202,,Void Black,Blue,Tanktop,Phoneme Vuh,Sunglasses,
6203,,Void Black,Phantom,Prison Jumpsuit,Bored,3d,Patrol Motorcycle Helmet
6204,,Void Black,Phantom,Lumberjack Shirt,Bored Cigarette,X Eyes,
6205,,Void Black,Cheetah,Caveman Pelt,Dumbfounded,Eyepatch,S&m Hat
6206,,Void Black,Phantom,Navy Striped Tee,Bored Unshaven,Crazy,
6207,,Void Black,Noise,Puffy Vest,Bored Bubblegum,Blue Beams,Bunny Ears
6208,Gold Hoop,Void Black,Gray,Tweed Suit,Grin Multicolored,Sad,Horns
6209,,Void Black,Dmt,Wool Turtleneck,Bored,Crazy,Party Hat 2
6210,,Void Black,Blue,Void Rift T,Phoneme L,Hypnotized,Voyager's Hat
6211,,Void Black,Black,Sailor Shirt,Bored Cigarette,Angry,Sushi Chef Headband
6212,,Void Black,Brown,Glowrift T Black,Bored Unshaven Pipe,3d,Crimson Hat
6213,,Void Black,Dark Brown,,Bored Unshaven,Closed,Irish Boho
6214,,Void Black,Golden Brown,Hawaiian,Bored,Bored,Bowler
6215,Gold Hoop,Void Black,Dark Brown,Lab Coat,Grin,Chrome,Shadow Hat
6216,,Void Black,Dark Brown,Leather Jacket,Bored,Heart,Fisherman's Hat
6217,,Void Black,Dark Brown,Black T,Phoneme Vuh,Sunglasses,
6218,,Void Black,Dark Brown,,Bored,Wide Eyed,Horns
6219,Gold Hoop,Void Black,Dark Brown,,Phoneme Vuh,Coins,
6220,,Void Black,Brown,,Dumbfounded,Chrome,Bandana Blue
6221,Silver Stud,Void Black,Pink,Navy Striped Tee,Rage,Blindfold,Cowboy Hat
6222,,Void Black,White,Cowboy Shirt,Grin,Coins,Halo
6223,,Void Black,Golden Brown,Sleeveless T,Bored,Neonborg,Horns
6224,,Void Black,Red,,Bored,Bloodshot,Fisherman's Hat
6225,,Void Black,Brown,Tanktop,Bored Unshaven,Bloodshot,Shadow Hat
6226,Cross,Void Black,Dark Brown,Smoking Jacket,Bored,Bored,Crimson Hat
6227,,Void Black,Dark Brown,Sleeveless Logo T,Bored,Closed,Spinner Hat
6228,,Void Black,Dark Brown,,Bored Unshaven,Coins,Beanie
6229,,Void Black,Dark Brown,Hip Hop,Bored,Sleepy,Sushi Chef Headband
6230,,Void Black,Red,Vietnam Jacket,Phoneme L,Heart,Fez
6231,Silver Hoop,Void Black,Dark Brown,Tweed Suit,Bored Cigarette,Blindfold,Halo
6232,,Void Black,Dark Brown,Guayabera,Bored Unshaven,Blue Beams,
6233,,Void Black,White,Lumberjack Shirt,Bored,Bloodshot,Ww2 Pilot Helm
6234,,Void Black,Red,Bandolier,Bored Cigarette,Sunglasses,
6235,,Void Black,Brown,Sailor Shirt,Grin,Bored,Fez
6236,Silver Hoop,Void Black,Gray,Pimp Coat,Bored,Bored,Horns
6237,,Void Black,Red,Blue Dress,Bored,3d,S&m Hat
6238,,Void Black,Brown,Tuxedo Tee,Bored,Bored,Spinner Hat
6239,,Void Black,Brown,Kings Robe,Bored Unshaven Cigarette,Crazy,
6240,,Void Black,Pink,Toga,Bored Cigarette,Sad,
6241,,Void Black,Brown,Tanktop,Bored Unshaven,Closed,Glowrift Hat Black
6242,,Void Black,Black,Navy Striped Tee,Small Grin,Bored,Bowler
6243,Cross,Void Black,Tan,,Rage,Sad,Sky Captain's Hat
6244,Gold Hoop,Void Black,Brown,Caveman Pelt,Dumbfounded,Bored,Halo
6245,Gold Stud,Void Black,Chrome,Black T,Bored Unshaven Pipe,Angry,Shadow Hat
6246,,Void Black,Brown,Sleeveless T,Bored,3d,Ww2 Pilot Helm
6247,,Void Black,Dark Brown,Puffy Vest,Bored Unshaven Cigarette,3d,
6248,,Void Black,Cream,Tanktop,Bored,Bloodshot,
6249,Silver Hoop,Void Black,Golden Brown,Striped Tee,Grin Diamond Grill,Coins,Chromatic Captain's Hat
6250,Gold Stud,Void Black,Cream,Lab Coat,Bored Unshaven Dagger,Bored,Glowrift Flipped Brim
6251,,Void Black,White,Tuxedo Tee,Bored Unshaven,Eyepatch,Ww2 Pilot Helm
6252,,Void Black,Dmt,Hawaiian,Bored,Eyepatch,
6253,Gold Hoop,Void Black,Brown,Work Vest,Dumbfounded,Closed,Short Mohawk
6254,,Void Black,Dark Brown,Sleeveless Logo T,Phoneme Oh,3d,
6255,Diamond Stud,Void Black,Cream,Work Vest,Bored Cigarette,3d,Prussian Helmet
6256,Gold Stud,Void Black,Tan,Cowboy Shirt,Bored Unshaven Cigarette,X Eyes,Girl's Hair Short
6257,,Void Black,Cheetah,Wool Turtleneck,Bored Unshaven,Chrome,Glowrift Hat Red
6258,Gold Stud,Void Black,Brown,Guayabera,Jovial,Angry,Bunny Ears
6259,,Void Black,Tan,Space Suit,Bored Party Horn,Sunglasses,
6260,,Void Black,Cream,Sleeveless Logo T,Bored,Bored,Ww2 Pilot Helm
6261,,Void Black,Chrome,Biker Vest,Bored Unshaven Bubblegum,Heart,Bunny Ears
6262,,Void Black,Blue,Caveman Pelt,Bored Cigarette,Phantom,Sushi Chef Headband
6263,Gold Stud,Void Black,Dmt,Lumberjack Shirt,Bored Unshaven,Heart,Fisherman's Hat
6264,,Void Black,Black,Admirals Coat,Tongue Out,Sad,
6265,,Void Black,Cheetah,,Bored Unshaven,Wide Eyed,
6266,,Void Black,Black,Stunt Jacket,Bored Dagger,Bored,Glowrift Flipped Brim
6267,,Void Black,Chromatic,,Bored Cigarette,Sad,Safari
6268,,Void Black,Cream,Prom Dress,Bored Kazoo,Angry,Fisherman's Hat
6269,,Void Black,Void Bot,Caveman Pelt,Bored Cigar,Blue Beams,
6270,Silver Stud,Void Black,Cheetah,Blue Dress,Bored,Heart,Fez
6271,,Void Black,Void Bot,Toga,Bored,Bloodshot,
6272,,Void Black,Cream,Leather Jacket,Bored Unshaven,Angry,Stuntman Helmet
6273,,Void Black,Golden Brown,,Bored Unshaven,Bored,Glowrift Hat Black
6274,Silver Hoop,Void Black,Dark Brown,Vietnam Jacket,Bored,Sad,
6275,,Void Black,Black,Black Suit,Grin,Bored,
6276,,Void Black,Dark Brown,Smoking Jacket,Bored,Bloodshot,Girl's Hair Pink
6277,Gold Stud,Void Black,Blue,Lumberjack Shirt,Phoneme ooo,Crazy,Beanie
6278,,Void Black,Black,,Small Grin,Sad,Party Hat 2
6279,,Void Black,Brown,Tie Dye,Bored Dagger,Angry,Spinner Hat
6280,Silver Stud,Void Black,Red,,Bored Unshaven,Coins,Girl's Hair Short
6281,,Void Black,White,Bandolier,Phoneme L,Closed,Sushi Chef Headband
6282,,Void Black,Dark Brown,Sailor Shirt,Jovial,Bored,Prussian Helmet
6283,Silver Hoop,Void Black,Brown,Lumberjack Shirt,Dumbfounded,Closed,Voyager's Hat
6284,,Void Black,Chrome,Striped Tee,Bored,Phantom,
6285,,Void Black,White,Tweed Suit,Phoneme Vuh,Angry,Patrol Motorcycle Helmet
6286,Gold Stud,Void Black,Dark Brown,Guayabera,Bored,Wide Eyed,Short Mohawk
6287,,Void Black,Dark Brown,Wool Turtleneck,Jovial,Angry,Vietnam Era Helmet
6288,,Void Black,Cream,,Phoneme Vuh,Sad,Fisherman's Hat
6289,,Void Black,Noise,Cowboy Shirt,Bored Cigar,Blindfold,Fisherman's Hat
6290,,Void Black,Black,Striped Tee,Bored Party Horn,Bored,Beanie
6291,,Void Black,Blue,Void Rift T,Bored,3d,Beanie
6292,,Void Black,Chrome,Service,Bored,3d,
6293,Silver Hoop,Void Black,Brown,Caveman Pelt,Bored,Sleepy,Patrol Motorcycle Helmet
6294,,Void Black,Dmt,Work Vest,Bored Unshaven,Heart,Vietnam Era Helmet
6295,,Void Black,Phantom,Stunt Jacket,Phoneme L,Sad,Cowboy Hat
6296,,Void Black,Golden Brown,Lab Coat,Bored Unshaven,Chrome,
6297,,Void Black,Golden Brown,Lumberjack Shirt,Bored,Bored,Patrol Motorcycle Helmet
6298,,Void Black,Blue,Fossil Tee,Bored Cigarette,Crazy,
6299,,Void Black,Void Bot,Caveman Pelt,Bored Unshaven,Bored,Crimson Hat
6300,,Void Black,Dark Brown,Work Vest,Bored Unshaven Cigarette,Sad,Baby's Bonnet
6301,,Void Black,Chromatic,Tanktop,Phoneme L,Sleepy,Fez
6302,Gold Stud,Void Black,Golden Brown,Navy Striped Tee,Bored Cigarette,X Eyes,
6303,,Void Black,White,Sleeveless Logo T,Bored Unshaven,Blindfold,Fez
6304,Silver Stud,Void Black,Dmt,Tuxedo Tee,Bored,X Eyes,Shadow Hat
6305,,Void Black,Golden Brown,Vietnam Jacket,Grin,Bored,Glowrift Flipped Brim
6306,Gold Stud,Void Black,Gray,Navy Striped Tee,Bored Kazoo,Hypnotized,Beanie
6307,,Void Black,Cheetah,Navy Striped Tee,Small Grin,Sleepy,Cowboy Hat
6308,,Void Black,Cream,Work Vest,Bored,Scumbag,Halo
6309,,Void Black,Tan,Sailor Shirt,Bored Cigarette,Bored,Beanie
6310,,Void Black,Dark Brown,Navy Striped Tee,Bored Cigarette,Bored,Spinner Hat
6311,,Void Black,Tan,Fossil Necklace,Bored Cigarette,3d,Ww2 Pilot Helm
6312,,Void Black,Tan,Glowrift T Black,Bored Bubblegum,X Eyes,
6313,Gold Hoop,Void Black,Pink,,Bored,Sad,Halo
6314,,Void Black,Dark Brown,Hawaiian,Grin Multicolored,Bored,Fisherman's Hat
6315,,Void Black,Chromatic,Guayabera,Phoneme L,Wide Eyed,Fisherman's Hat
6316,,Void Black,Black,Vietnam Jacket,Small Grin,Heart,Shadow Hat
6317,,Void Black,Black,,Grin,Bloodshot,Beanie
6318,Cross,Void Black,Dark Brown,Black T,Discomfort,Closed,Fez
6319,,Void Black,Gray,Wool Turtleneck,Bored,Bored,Fisherman's Hat
6320,,Void Black,Dark Brown,,Discomfort,Blindfold,S&m Hat
6321,Silver Stud,Void Black,Cheetah,Leather Spectrum Jacket,Bored Unshaven,Bored,
6322,,Void Black,Phantom,Tanktop,Grin,Prismatic,Halo
6323,,Void Black,Brown,Void Rift T,Discomfort,Blindfold,S&m Hat
6324,,Void Black,Phantom,Void Rift T,Dumbfounded,Neonborg,Spinner Hat
6325,,Void Black,Phantom,Biker Vest,Discomfort,Eyepatch,Short Mohawk
6326,,Void Black,Void Bot,Smoking Jacket,Bored,Sleepy,Patrol Motorcycle Helmet
6327,,Void Black,Red,,Bored Unshaven,Sleepy,
6328,,Void Black,Cheetah,,Bored Unshaven,Scumbag,S&m Hat
6329,,Void Black,Dark Brown,Biker Vest,Phoneme Vuh,Bored,Prussian Helmet
6330,Silver Stud,Void Black,White,Sleeveless T,Dumbfounded,Wide Eyed,Voyager's Hat
6331,,Void Black,Dark Brown,Vietnam Jacket,Bored Unshaven Party horn,Bloodshot,S&m Hat
6332,,Void Black,Blue,,Bored Unshaven,Sleepy,Cowboy Hat
6333,Silver Hoop,Void Black,Brown,Lab Coat,Bored,Bloodshot,Irish Boho
6334,Silver Hoop,Void Black,Blue,,Bored Cigarette,Phantom,Short Mohawk
6335,,Void Black,Gray,Toga,Phoneme Wah,Blindfold,Voyager's Hat
6336,,Void Black,Brown,Biker Vest,Dumbfounded,Bored,Halo
6337,,Void Black,Gray,Fossil Tee,Bored,Bored,Ww2 Pilot Helm
6338,,Void Black,Brown,Prison Jumpsuit,Bored Unshaven Cigarette,Sad,Bowler
6339,Gold Stud,Void Black,Noise,Vietnam Jacket,Grin,3d,Prussian Helmet
6340,,Void Black,Brown,Tanktop,Bored Unshaven,Heart,
6341,,Void Black,Dark Brown,Fossil Necklace,Small Grin,Closed,Glowrift Hat Black
6342,Gold Stud,Void Black,Void Bot,,Small Grin,Bored,Glowrift Flipped Brim
6343,,Void Black,Dark Brown,Fossil Necklace,Bored,Sad,Crimson Hat
6344,,Void Black,Blue,Sleeveless T,Phoneme Vuh,Closed,Stuntman Helmet
6345,,Void Black,Void Bot,Fossil Tee,Dumbfounded,Sleepy,Sky Captain's Hat
6346,,Void Black,Chrome,Sailor Shirt,Bored,Closed,Ww2 Pilot Helm
6347,Diamond Stud,Void Black,Dark Brown,Striped Tee,Jovial,Bloodshot,
6348,,Void Black,Dark Brown,,Bored,Bloodshot,Cowboy Hat
6349,,Void Black,Pink,Work Vest,Bored Dagger,Hypnotized,Fisherman's Hat
6350,,Void Black,Dark Brown,Striped Tee,Phoneme Wah,Wide Eyed,Voyager's Hat
6351,,Void Black,Brown,Void Rift T,Bored Unshaven,Bored,Voyager's Hat
6352,,Void Black,Golden Brown,Leather Spectrum Jacket,Tongue Out,Bloodshot,Fisherman's Hat
6353,Silver Stud,Void Black,Cream,,Phoneme Wah,Coins,
6354,,Void Black,White,Striped Tee,Phoneme Vuh,Bloodshot,Patrol Motorcycle Helmet
6355,,Void Black,Cream,,Bored Unshaven,Bloodshot,Cowboy Hat
6356,,Void Black,Tan,Work Vest,Bored,Chrome,
6357,,Void Black,Pink,,Grin,Phantom,Crimson Hat
6358,,Void Black,Dark Brown,Service,Phoneme ooo,Coins,
6359,Gold Hoop,Void Black,Brown,Tanktop,Dumbfounded,Crazy,S&m Hat
6360,,Void Black,Cream,Prison Jumpsuit,Bored,Bored,Glowrift Flipped Brim
6361,Silver Hoop,Void Black,Golden Brown,,Bored Unshaven,Sleepy,Glowrift Hat Black
6362,Gold Hoop,Void Black,Noise,Smoking Jacket,Bored,Blindfold,
6363,,Void Black,Tan,Caveman Pelt,Phoneme Vuh,Crazy,
6364,Silver Hoop,Void Black,Dark Brown,Hawaiian,Bored,Hypnotized,
6365,Diamond Stud,Void Black,Chrome,Striped Tee,Dumbfounded,Crazy,Party Hat 1
6366,,Void Black,Golden Brown,Wool Turtleneck,Bored,Bored,Fez
6367,,Void Black,Black,Blue Dress,Dumbfounded,Crazy,
6368,,Void Black,Cheetah,Tanktop,Bored,Chrome,S&m Hat
6369,,Void Black,Gray,Space Suit,Grin Multicolored,Sleepy,Girl's Hair Short
6370,Silver Hoop,Void Black,Golden Brown,Service,Bored Unshaven Cigarette,Scumbag,
6371,,Void Black,Dark Brown,Black T,Discomfort,Heart,Beanie
6372,Gold Hoop,Void Black,Golden Brown,Lumberjack Shirt,Bored Cigarette,3d,
6373,,Void Black,Gray,Prom Dress,Tongue Out,3d,Voyager's Hat
6374,,Void Black,Tan,,Discomfort,Eyepatch,Cowboy Hat
6375,Silver Stud,Void Black,Pink,Navy Striped Tee,Bored Bubblegum,Bored,Glowrift Hat Black
6376,,Void Black,Golden Brown,Biker Vest,Grin,Sunglasses,Bandana Blue
6377,,Void Black,Blue,Striped Tee,Grin,Sleepy,
6378,,Void Black,Dmt,Glowrift T Red,Bored Unshaven,Bored,Voyager's Hat
6379,,Void Black,Chrome,Wool Turtleneck,Bored Unshaven,Sunglasses,
6380,Gold Hoop,Void Black,Blue,Tuxedo Tee,Bored,Closed,Glowrift Hat Black
6381,,Void Black,Dark Brown,Space Suit,Grin,Prismatic,Sky Captain's Hat
6382,,Void Black,White,,Bored Bubblegum,Coins,Party Hat 2
6383,,Void Black,Dmt,,Bored Unshaven,Sad,Vietnam Era Helmet
6384,,Void Black,Phantom,,Bored,Phantom,Cowboy Hat
6385,,Void Black,Brown,Rainbow Suspenders,Bored Unshaven,Bored,Cowboy Hat
6386,,Void Black,Brown,Work Vest,Phoneme Vuh,Phantom,Bunny Ears
6387,,Void Black,Brown,Tanktop,Phoneme Vuh,Sleepy,Beanie
6388,Silver Stud,Void Black,Radiant Gold,Glowrift T Red,Jovial,Sunglasses,Crimson Hat
6389,,Void Black,Black,Sleeveless Logo T,Bored Unshaven Party horn,Bloodshot,Short Mohawk
6390,Silver Stud,Void Black,Golden Brown,Void Rift T,Phoneme ooo,Bored,Short Mohawk
6391,,Void Black,Brown,Caveman Pelt,Bored Unshaven,Chrome,Crimson Hat
6392,,Void Black,Gray,,Bored Cigarette,Bored,Faux Hawk
6393,Gold Hoop,Void Black,Black,Tuxedo Tee,Bored,Heart,Stuntman Helmet
6394,Silver Stud,Void Black,Black,,Bored Cigarette,Sad,
6395,,Void Black,Brown,Smoking Jacket,Bored Cigarette,Coins,Shadow Hat
6396,,Void Black,Dark Brown,Rainbow Suspenders,Bored Cigar,Crazy,Irish Boho
6397,,Void Black,Blue,Stunt Jacket,Bored Cigarette,Wide Eyed,Crimson Hat
6398,,Void Black,Brown,Void Rift T,Bored Unshaven,Bored,Voyager's Hat
6399,,Void Black,Dark Brown,Blue Dress,Bored,Prismatic,Fez
6400,,Void Black,Golden Brown,Striped Tee,Bored Cigarette,Bored,
6401,Silver Stud,Void Black,Cream,Toga,Bored Cigarette,Angry,
6402,Diamond Stud,Void Black,Golden Brown,Tie Dye,Bored Unshaven,Coins,Faux Hawk
6403,,Void Black,Black,Wool Turtleneck,Grin,Sad,Beanie
6404,,Void Black,Dark Brown,,Bored Pipe,Bloodshot,Sky Captain's Hat
6405,,Void Black,Dark Brown,Fossil Necklace,Jovial,Bloodshot,Cowboy Hat
6406,,Void Black,Blue,Stunt Jacket,Bored Unshaven Cigar,Angry,Beanie
6407,,Void Black,Brown,Fossil Tee,Rage,Wide Eyed,
6408,,Void Black,Red,Stunt Jacket,Bored Unshaven,Coins,Girl's Hair Short
6409,,Void Black,Black,Puffy Vest,Phoneme ooo,Bloodshot,Faux Hawk
6410,,Void Black,Chromatic,Sleeveless T,Bored,Sad,
6411,Silver Hoop,Void Black,Brown,Wool Turtleneck,Small Grin,Wide Eyed,Shadow Hat
6412,,Void Black,Dark Brown,Leather Jacket,Tongue Out,Chrome,Sushi Chef Headband
6413,,Void Black,Black,Toga,Grin,Crazy,
6414,Silver Stud,Void Black,Dark Brown,,Phoneme ooo,Bloodshot,Sushi Chef Headband
6415,Silver Hoop,Void Black,Cream,Puffy Vest,Rage,Sleepy,Crimson Hat
6416,,Void Black,Cheetah,Vietnam Jacket,Bored Unshaven,Heart,Baby's Bonnet
6417,,Void Black,Black,Hip Hop,Bored Cigarette,Wide Eyed,
6418,,Void Black,Cheetah,Puffy Vest,Bored Unshaven,Wide Eyed,
6419,,Void Black,Black,Caveman Pelt,Bored Unshaven Pipe,Coins,
6420,Gold Hoop,Void Black,Black,Striped Tee,Grin,Bored,Beanie
6421,Silver Stud,Void Black,Gray,Leather Spectrum Jacket,Dumbfounded,Bored,Beanie
6422,,Void Black,Gray,Bandolier,Phoneme Wah,Sleepy,
6423,,Void Black,Noise,Prison Jumpsuit,Tongue Out,Hypnotized,Glowrift Flipped Brim
6424,,Void Black,Tan,Cowboy Shirt,Phoneme ooo,Heart,
6425,,Void Black,Dark Brown,Sleeveless Logo T,Bored,Bloodshot,Beanie
6426,,Void Black,Golden Brown,,Phoneme Vuh,Scumbag,Party Hat 1
6427,,Void Black,Brown,Striped Tee,Tongue Out,Sleepy,
6428,Silver Hoop,Void Black,Blue,Vietnam Jacket,Bored,Eyepatch,Voyager's Hat
6429,,Void Black,Chrome,Fossil Necklace,Rage,Bloodshot,
6430,,Void Black,Chrome,Striped Tee,Bored,Neonborg,S&m Hat
6431,,Void Black,Gray,Prison Jumpsuit,Bored Unshaven,Sleepy,
6432,,Void Black,Golden Brown,Black T,Jovial,Bloodshot,Cowboy Hat
6433,Gold Hoop,Void Black,Golden Brown,Striped Tee,Bored,Wide Eyed,Party Hat 1
6434,Gold Hoop,Void Black,Dark Brown,Puffy Vest,Bored Unshaven,Bored,Halo
6435,,Void Black,Dark Brown,Prom Dress,Phoneme L,Bored,King's Crown
6436,,Void Black,Brown,Black Suit,Phoneme Vuh,Sad,Glowrift Flipped Brim
6437,,Void Black,Red,Prom Dress,Bored,Eyepatch,Irish Boho
6438,Gold Hoop,Void Black,Gray,Void Rift T,Bored Unshaven,Sad,Patrol Motorcycle Helmet
6439,Silver Hoop,Void Black,Brown,Striped Tee,Bored Unshaven,Sleepy,Glowrift Hat Black
6440,,Void Black,Pink,Striped Tee,Bored Unshaven,Coins,Voyager's Hat
6441,,Void Black,Brown,Navy Striped Tee,Bored Unshaven,Closed,Patrol Motorcycle Helmet
6442,Gold Stud,Void Black,Dmt,,Bored Unshaven Cigarette,Chrome,Stuntman Helmet
6443,,Void Black,Golden Brown,Black T,Bored,Angry,Stuntman Helmet
6444,,Void Black,Red,Hawaiian,Grin Diamond Grill,Coins,King's Crown
6445,,Void Black,Black,Black T,Bored Unshaven Pizza,Coins,Horns
6446,,Void Black,Dark Brown,Admirals Coat,Bored Bubblegum,Sleepy,
6447,,Void Black,Black,Space Suit,Bored Unshaven,Chrome,Beanie
6448,,Void Black,Golden Brown,Prison Jumpsuit,Bored Pipe,Heart,Sky Captain's Hat
6449,Gold Stud,Void Black,Pink,Tie Dye,Bored Cigarette,Bloodshot,Bowler
6450,,Void Black,Brown,,Grin,Wide Eyed,Halo
6451,,Void Black,Tan,Service,Bored Unshaven Pipe,Bored,
6452,Silver Stud,Void Black,Black,,Bored,Bored,Voyager's Hat
6453,,Void Black,Phantom,Tuxedo Tee,Phoneme Oh,Sleepy,Fisherman's Hat
6454,Silver Stud,Void Black,Pink,Sailor Shirt,Grin Multicolored,Bored,Cowboy Hat
6455,,Void Black,Void Bot,Tie Dye,Bored Unshaven,Heart,Bandana Blue
6456,,Void Black,Pink,Vietnam Jacket,Phoneme Wah,Phantom,
6457,,Void Black,Dark Brown,Black T,Dumbfounded,X Eyes,Fisherman's Hat
6458,,Void Black,Gray,Lab Coat,Bored Unshaven,Bloodshot,Crimson Hat
6459,,Void Black,Gray,,Bored Unshaven Party horn,Chrome,
6460,,Void Black,Dark Brown,Hawaiian,Small Grin,Sleepy,
6461,,Void Black,Golden Brown,Tanktop,Grin,Wide Eyed,Spinner Hat
6462,,Void Black,Brown,Fossil Necklace,Bored Pizza,Sleepy,Patrol Motorcycle Helmet
6463,,Void Black,Red,,Bored,Closed,Sky Captain's Hat
6464,Silver Stud,Void Black,Black,Tweed Suit,Dumbfounded,Closed,Cowboy Hat
6465,Silver Stud,Void Black,Tan,,Bored,Closed,Crimson Hat
6466,Silver Stud,Void Black,Dark Brown,Puffy Vest,Bored Dagger,Bored,Spinner Hat
6467,,Void Black,Black,Sleeveless T,Dumbfounded,Crazy,S&m Hat
6468,,Void Black,Cream,,Bored Cigarette,Sleepy,Halo
6469,Gold Hoop,Void Black,Blue,,Bored Cigarette,Bloodshot,Beanie
6470,,Void Black,Phantom,Wool Turtleneck,Bored,Wide Eyed,Bunny Ears
6471,Silver Hoop,Void Black,White,Black T,Discomfort,Prismatic,Girl's Hair Pink
6472,Silver Hoop,Void Black,Chrome,Stunt Jacket,Bored,3d,Beanie
6473,,Void Black,Radiant Gold,Smoking Jacket,Bored,Wide Eyed,Patrol Motorcycle Helmet
6474,Silver Stud,Void Black,Chrome,Fossil Tee,Bored Unshaven,Bored,
6475,,Void Black,Black,Biker Vest,Bored,Sad,Glowrift Hat Black
6476,,Void Black,Cream,Tanktop,Bored Unshaven Cigarette,Coins,Bowler
6477,,Void Black,Red,Navy Striped Tee,Grin,Bored,King's Crown
6478,,Void Black,Gray,,Bored Cigarette,Bored,Prussian Helmet
6479,,Void Black,Noise,Navy Striped Tee,Bored,Hypnotized,
6480,,Void Black,Black,Lumberjack Shirt,Phoneme Vuh,Bloodshot,
6481,,Void Black,Cream,Bandolier,Bored Unshaven Cigarette,Bored,Short Mohawk
6482,,Void Black,Dark Brown,Tweed Suit,Bored Unshaven,3d,
6483,,Void Black,Noise,Service,Bored Unshaven Cigarette,Chrome,
6484,Silver Hoop,Void Black,Golden Brown,Wool Turtleneck,Small Grin,Closed,Safari
6485,,Void Black,Gray,Sleeveless T,Bored,Closed,Laurel Wreath
6486,Silver Hoop,Void Black,Red,Leather Spectrum Jacket,Bored Bubblegum,Bored,Baby's Bonnet
6487,,Void Black,Black,Prom Dress,Bored,Coins,Patrol Motorcycle Helmet
6488,,Void Black,Blue,Prison Jumpsuit,Bored,Hypnotized,Vietnam Era Helmet
6489,,Void Black,Black,,Bored Unshaven,Sleepy,Spinner Hat
6490,,Void Black,Dark Brown,Work Vest,Bored Pipe,Bored,Beanie
6491,,Void Black,Cheetah,,Bored Unshaven,X Eyes,Girl's Hair Short
6492,Silver Hoop,Void Black,Dark Brown,Hawaiian,Phoneme Vuh,Sleepy,Glowrift Hat Black
6493,Silver Stud,Void Black,Tan,Biker Vest,Dumbfounded,Neonborg,Shadow Hat
6494,Silver Stud,Void Black,Tan,Rainbow Suspenders,Bored,Coins,Sky Captain's Hat
6495,,Void Black,Blue,Tuxedo Tee,Bored,Bored,Safari
6496,,Void Black,Gray,Wool Turtleneck,Grin,X Eyes,Short Mohawk
6497,,Void Black,Blue,Tanktop,Bored,Sad,Bowler
6498,,Void Black,Dark Brown,Prison Jumpsuit,Jovial,Bloodshot,Beanie
6499,,Void Black,Blue,Lumberjack Shirt,Bored,Bloodshot,Shadow Hat
6500,,Void Black,White,,Bored,Coins,Irish Boho
6501,,Void Black,White,,Grin,Crazy,Short Mohawk
6502,Gold Stud,Void Black,Pink,,Bored Unshaven,Coins,Beanie
6503,,Void Black,White,,Bored,3d,Halo
6504,Gold Stud,Void Black,Gray,,Small Grin,Phantom,
6505,,Void Black,Brown,Navy Striped Tee,Bored,Eyepatch,Voyager's Hat
6506,,Void Black,Black,Tanktop,Bored Pizza,Sunglasses,
6507,,Void Black,Dmt,Striped Tee,Bored,Scumbag,Sky Captain's Hat
6508,,Void Black,Brown,Sleeveless T,Grin,Closed,Glowrift Flipped Brim
6509,,Void Black,Cream,Tuxedo Tee,Bored Unshaven Party horn,Wide Eyed,Crimson Hat
6510,Gold Stud,Void Black,Brown,Fossil Tee,Bored Cigarette,Eyepatch,Bunny Ears
6511,,Void Black,Pink,Black T,Rage,3d,Patrol Motorcycle Helmet
6512,,Void Black,Chrome,Admirals Coat,Grin,Crazy,Beanie
6513,,Void Black,Cream,Leather Jacket,Bored,Wide Eyed,King's Crown
6514,,Void Black,Phantom,Bandolier,Bored,Phantom,Vietnam Era Helmet
6515,Silver Stud,Void Black,Black,,Bored Cigarette,Sleepy,
6516,Gold Stud,Void Black,Brown,Black T,Discomfort,Bloodshot,
6517,Silver Stud,Void Black,Brown,Striped Tee,Tongue Out,Closed,Cowboy Hat
6518,,Void Black,Tan,Leather Spectrum Jacket,Bored Unshaven,Sad,Short Mohawk
6519,,Void Black,Tan,Black T,Bored,Bored,Cowboy Hat
6520,,Void Black,Brown,Puffy Vest,Bored Unshaven,Hypnotized,Cowboy Hat
6521,,Void Black,Golden Brown,,Phoneme ooo,Wide Eyed,Voyager's Hat
6522,,Void Black,Tan,Sailor Shirt,Rage,Blindfold,Glowrift Flipped Brim
6523,,Void Black,Cream,Biker Vest,Bored,Bored,Patrol Motorcycle Helmet
6524,,Void Black,Brown,,Bored Cigarette,Chrome,Halo
6525,,Void Black,Brown,Sailor Shirt,Discomfort,Wide Eyed,Fisherman's Hat
6526,Silver Stud,Void Black,Cheetah,Leather Jacket,Bored Unshaven Cigar,3d,
6527,,Void Black,Black,Service,Bored Cigarette,Blindfold,
6528,Silver Hoop,Void Black,Dark Brown,Cowboy Shirt,Bored Dagger,Bloodshot,Voyager's Hat
6529,,Void Black,Dark Brown,Fossil Tee,Bored Unshaven,Wide Eyed,
6530,,Void Black,Dmt,Fossil Necklace,Bored,Bloodshot,Short Mohawk
6531,,Void Black,Brown,Tanktop,Bored,Chrome,Party Hat 1
6532,Silver Hoop,Void Black,Red,Fossil Necklace,Small Grin,Bored,Horns
6533,Gold Hoop,Void Black,Blue,Fossil Tee,Bored Unshaven Cigarette,Chrome,
6534,,Void Black,Chrome,Striped Tee,Dumbfounded,Bored,Halo
6535,,Void Black,Blue,Rainbow Suspenders,Bored Cigar,Bloodshot,
6536,,Void Black,Red,Void Rift T,Jovial,Sleepy,Crimson Hat
6537,,Void Black,Dark Brown,Navy Striped Tee,Bored Cigarette,Bored,Cowboy Hat
6538,Silver Hoop,Void Black,Black,Toga,Bored Unshaven Cigarette,Closed,S&m Hat
6539,,Void Black,Brown,Striped Tee,Bored Cigarette,Bored,
6540,,Void Black,Cheetah,Prom Dress,Bored,Crazy,
6541,,Void Black,Black,Cowboy Shirt,Bored Cigarette,Bored,Beanie
6542,,Void Black,Black,Toga,Jovial,Bored,Vietnam Era Helmet
6543,,Void Black,White,Work Vest,Grin,Wide Eyed,Girl's Hair Short
6544,Diamond Stud,Void Black,White,,Bored Cigar,Bored,Voyager's Hat
6545,,Void Black,Black,,Dumbfounded,Bored,Glowrift Hat Black
6546,,Void Black,Dark Brown,Bandolier,Bored Unshaven Pipe,Wide Eyed,Ww2 Pilot Helm
6547,,Void Black,Tan,Wool Turtleneck,Phoneme Oh,Sleepy,
6548,,Void Black,Tan,Striped Tee,Tongue Out,Bored,Crimson Hat
6549,,Void Black,Golden Brown,Black T,Bored Cigarette,Eyepatch,
6550,,Void Black,Chrome,Navy Striped Tee,Bored Unshaven Cigarette,3d,
6551,,Void Black,Void Bot,Vietnam Jacket,Phoneme Oh,Chrome,Cowboy Hat
6552,,Void Black,Pink,Hawaiian,Bored,Hypnotized,Laurel Wreath
6553,,Void Black,Gray,,Bored,Sleepy,Sky Captain's Hat
6554,Silver Stud,Void Black,Dark Brown,Puffy Vest,Bored,Hypnotized,
6555,Silver Stud,Void Black,Dark Brown,Striped Tee,Grin,Bored,Crimson Hat
6556,,Void Black,Golden Brown,Stunt Jacket,Bored,Heart,
6557,Gold Hoop,Void Black,Pink,Prison Jumpsuit,Grin,Heart,Shadow Hat
6558,,Void Black,Phantom,Smoking Jacket,Bored Unshaven Pipe,Sad,
6559,,Void Black,Brown,Tie Dye,Tongue Out,Phantom,Horns
6560,,Void Black,Blue,Wool Turtleneck,Rage,Sleepy,Fisherman's Hat
6561,Gold Stud,Void Black,Brown,Vietnam Jacket,Bored Kazoo,Closed,Fez
6562,Diamond Stud,Void Black,Dark Brown,,Bored,Blindfold,Glowrift Hat Black
6563,,Void Black,Pink,,Small Grin,Wide Eyed,King's Crown
6564,,Void Black,Black,Sleeveless T,Bored,Heart,Stuntman Helmet
6565,,Void Black,Cream,Toga,Bored,Sleepy,Glowrift Hat Red
6566,Silver Stud,Void Black,Tan,Tuxedo Tee,Bored Unshaven,Bored,Beanie
6567,,Void Black,Cheetah,Caveman Pelt,Bored,Sad,King's Crown
6568,Silver Stud,Void Black,Dmt,Sailor Shirt,Small Grin,Sunglasses,
6569,,Void Black,Cream,Bandolier,Bored,Sad,Patrol Motorcycle Helmet
6570,,Void Black,Black,,Bored Cigarette,Sleepy,Patrol Motorcycle Helmet
6571,Silver Hoop,Void Black,Black,Black Suit,Bored,Bored,Glowrift Hat Red
6572,Cross,Void Black,Black,Leather Spectrum Jacket,Phoneme Vuh,Angry,
6573,Gold Hoop,Void Black,Tan,Work Vest,Dumbfounded,Bored,
6574,,Void Black,Brown,Prom Dress,Jovial,Bored,
6575,Diamond Stud,Void Black,Brown,Navy Striped Tee,Bored Unshaven,Scumbag,Bowler
6576,,Void Black,Black,Lumberjack Shirt,Grin Gold Grill,Chrome,
6577,,Void Black,Black,Striped Tee,Phoneme ooo,Sleepy,Patrol Motorcycle Helmet
6578,Gold Hoop,Void Black,Brown,Hawaiian,Bored,Bored,
6579,,Void Black,Golden Brown,Cowboy Shirt,Phoneme Vuh,Sleepy,Sky Captain's Hat
6580,Gold Hoop,Void Black,Dark Brown,,Bored Unshaven Pipe,Hypnotized,Short Mohawk
6581,,Void Black,Black,Space Suit,Bored Unshaven,Crazy,Girl's Hair Short
6582,,Void Black,Cream,Tuxedo Tee,Grin,3d,Fez
6583,Silver Stud,Void Black,Red,Void Rift T,Grin Multicolored,Bored,Spinner Hat
6584,Diamond Stud,Void Black,Chrome,Vietnam Jacket,Bored Party Horn,Closed,
6585,,Void Black,Dark Brown,Striped Tee,Bored Cigarette,Sleepy,Prussian Helmet
6586,,Void Black,Chrome,Navy Striped Tee,Bored Cigarette,Crazy,
6587,,Void Black,Brown,Sailor Shirt,Bored,Angry,Beanie
6588,,Void Black,Brown,Navy Striped Tee,Bored Unshaven,Crazy,Cowboy Hat
6589,,Void Black,Phantom,Lumberjack Shirt,Tongue Out,Angry,Beanie
6590,Cross,Void Black,Brown,Caveman Pelt,Bored Cigar,Sleepy,Fez
6591,Diamond Stud,Void Black,Red,Leather Spectrum Jacket,Phoneme Vuh,Wide Eyed,Sky Captain's Hat
6592,,Void Black,Blue,Black T,Bored Party Horn,Heart,Vietnam Era Helmet
6593,Gold Stud,Void Black,Dark Brown,Lumberjack Shirt,Bored Unshaven,Bloodshot,
6594,Silver Stud,Void Black,Cheetah,Work Vest,Phoneme Oh,3d,
6595,Silver Hoop,Void Black,Brown,Navy Striped Tee,Bored,Sleepy,Party Hat 1
6596,,Void Black,Void Bot,Rainbow Suspenders,Jovial,Bored,Beanie
6597,,Void Black,Cheetah,Wool Turtleneck,Grin,Crazy,Bunny Ears
6598,Gold Hoop,Void Black,Pink,Service,Tongue Out,Coins,
6599,,Void Black,Tan,,Phoneme ooo,Hypnotized,Patrol Motorcycle Helmet
6600,,Void Black,Blue,Biker Vest,Bored Cigarette,Closed,Fisherman's Hat
6601,,Void Black,Black,Navy Striped Tee,Small Grin,Bored,Fisherman's Hat
6602,,Void Black,Brown,Fossil Tee,Bored Unshaven,Bored,
6603,,Void Black,Red,Puffy Vest,Bored Cigarette,Hypnotized,Patrol Motorcycle Helmet
6604,,Void Black,Brown,Navy Striped Tee,Bored,Closed,Bunny Ears
6605,,Void Black,Brown,Tuxedo Tee,Bored Pizza,Eyepatch,Bandana Blue
6606,Cross,Void Black,Black,Fossil Tee,Dumbfounded,Bloodshot,Vietnam Era Helmet
6607,,Void Black,Brown,Bandolier,Small Grin,Laser Eyes,Horns
6608,,Void Black,Pink,Sleeveless Logo T,Phoneme Vuh,Closed,
6609,,Void Black,Cheetah,Smoking Jacket,Bored,Crazy,
6610,,Void Black,Brown,Cowboy Shirt,Phoneme Vuh,Bored,Voyager's Hat
6611,,Void Black,Gray,,Bored Unshaven,Bloodshot,Bunny Ears
6612,Diamond Stud,Void Black,Golden Brown,Sailor Shirt,Bored Unshaven,3d,Party Hat 1
6613,Silver Hoop,Void Black,Black,Rainbow Suspenders,Bored,Bored,
6614,,Void Black,Red,Stunt Jacket,Bored,Bored,Faux Hawk
6615,Silver Hoop,Void Black,Black,Prom Dress,Bored Unshaven,Sleepy,Irish Boho
6616,,Void Black,Brown,Void Rift T,Small Grin,3d,Glowrift Flipped Brim
6617,,Void Black,Tan,,Bored,Angry,Spinner Hat
6618,Gold Stud,Void Black,Brown,Hawaiian,Bored,Angry,
6619,,Void Black,Golden Brown,Work Vest,Bored Pipe,Wide Eyed,Fisherman's Hat
6620,,Void Black,Brown,Sailor Shirt,Bored,Wide Eyed,Horns
6621,,Void Black,Dark Brown,,Bored Unshaven,Bloodshot,
6622,Silver Stud,Void Black,Cream,,Bored,Bloodshot,
6623,Gold Stud,Void Black,Void Bot,Sleeveless T,Jovial,Phantom,Crimson Hat
6624,Gold Stud,Void Black,Cheetah,Bandolier,Bored Unshaven,Heart,Stuntman Helmet
6625,Silver Hoop,Void Black,Dark Brown,Cowboy Shirt,Bored,Angry,Faux Hawk
6626,,Void Black,Noise,,Grin Gold Grill,Closed,Sky Captain's Hat
6627,,Void Black,Black,Vietnam Jacket,Phoneme Wah,Bored,S&m Hat
6628,Gold Hoop,Void Black,Chrome,,Bored,Angry,Horns
6629,,Void Black,Brown,Biker Vest,Bored Unshaven,Bloodshot,Fisherman's Hat
6630,,Void Black,Brown,Guayabera,Bored Unshaven Cigar,Bloodshot,Bowler
6631,Gold Hoop,Void Black,Dmt,Biker Vest,Bored Cigarette,Bloodshot,Bunny Ears
6632,,Void Black,Golden Brown,Lab Coat,Bored Unshaven,Scumbag,Faux Hawk
6633,Gold Stud,Void Black,Pink,Tuxedo Tee,Bored Unshaven Bubblegum,Prismatic,Party Hat 2
6634,Silver Hoop,Void Black,Red,,Grin Gold Grill,Bored,
6635,,Void Black,Blue,Leather Spectrum Jacket,Bored Pizza,Bored,
6636,Silver Hoop,Void Black,Cream,,Bored,Sunglasses,Fez
6637,Silver Hoop,Void Black,Chrome,Fossil Necklace,Rage,Hypnotized,Glowrift Flipped Brim
6638,Gold Hoop,Void Black,Pink,,Bored Pipe,Bloodshot,S&m Hat
6639,,Void Black,Black,Tanktop,Bored Cigarette,Closed,Voyager's Hat
6640,Gold Stud,Void Black,Cream,,Bored Cigarette,Sleepy,Sky Captain's Hat
6641,Cross,Void Black,Cream,Vietnam Jacket,Bored Unshaven,Heart,Fisherman's Hat
6642,Silver Hoop,Void Black,Dark Brown,Bandolier,Bored Cigar,3d,Crimson Hat
6643,Cross,Void Black,Tan,Black T,Bored,Bored,Crimson Hat
6644,Gold Stud,Void Black,Gray,Hawaiian,Bored Cigarette,Bored,
6645,,Void Black,Dark Brown,Fossil Necklace,Bored,Bloodshot,Shadow Hat
6646,,Void Black,Black,Tanktop,Dumbfounded,Angry,Halo
6647,,Void Black,Cream,Vietnam Jacket,Grin,Scumbag,
6648,Gold Hoop,Void Black,Red,Sleeveless T,Grin Multicolored,Bored,
6649,,Void Black,Dark Brown,,Bored,Sunglasses,King's Crown
6650,Gold Hoop,Void Black,Brown,Blue Dress,Dumbfounded,Bored,
6651,,Void Black,Cream,Black T,Phoneme Vuh,Bored,Vietnam Era Helmet
6652,,Void Black,Golden Brown,Glowrift T Black,Phoneme L,Phantom,
6653,,Void Black,Black,Pimp Coat,Tongue Out,Angry,Prussian Helmet
6654,,Void Black,Pink,Stunt Jacket,Bored Unshaven Cigarette,3d,Voyager's Hat
6655,Silver Hoop,Void Black,Tan,Navy Striped Tee,Bored Unshaven,Blindfold,Fez
6656,,Void Black,Void Bot,Service,Bored Cigarette,Phantom,
6657,Silver Hoop,Void Black,White,Tanktop,Bored,Laser Eyes,Baby's Bonnet
6658,Silver Stud,Void Black,Black,Vietnam Jacket,Bored,Bloodshot,Fisherman's Hat
6659,,Void Black,Golden Brown,Wool Turtleneck,Bored Cigarette,Closed,Cowboy Hat
6660,,Void Black,Red,Hip Hop,Bored Cigarette,Coins,Fez
6661,,Void Black,Black,Hip Hop,Bored,Sleepy,Vietnam Era Helmet
6662,,Void Black,Brown,,Rage,Bored,Laurel Wreath
6663,,Void Black,Brown,Striped Tee,Grin Multicolored,Eyepatch,Fez
6664,,Void Black,Tan,Tweed Suit,Bored Unshaven Cigar,X Eyes,
6665,,Void Black,Red,Tweed Suit,Grin,Coins,Irish Boho
6666,Silver Hoop,Void Black,Dark Brown,Tanktop,Jovial,Sad,Shadow Hat
6667,,Void Black,Brown,Navy Striped Tee,Bored,Eyepatch,Fisherman's Hat
6668,,Void Black,Golden Brown,Glowrift T Black,Jovial,Coins,Sky Captain's Hat
6669,Silver Stud,Void Black,Tan,Leather Jacket,Bored,Coins,Fisherman's Hat
6670,,Void Black,Noise,Navy Striped Tee,Bored Unshaven Cigarette,Heart,Cowboy Hat
6671,,Void Black,Black,Fossil Tee,Phoneme ooo,Bored,Cowboy Hat
6672,Silver Stud,Void Black,Chrome,Fossil Tee,Dumbfounded,Phantom,
6673,Gold Hoop,Void Black,Cream,Hip Hop,Bored Unshaven,Prismatic,Fez
6674,,Void Black,Brown,Void Rift T,Phoneme L,Blindfold,Patrol Motorcycle Helmet
6675,,Void Black,Cream,Lab Coat,Bored,Closed,
6676,,Void Black,Brown,,Bored Unshaven Cigarette,Bored,Fisherman's Hat
6677,Diamond Stud,Void Black,Golden Brown,Black Suit,Bored Cigarette,Bored,Vietnam Era Helmet
6678,,Void Black,Blue,Prison Jumpsuit,Bored Unshaven,Bored,Irish Boho
6679,Silver Stud,Void Black,Cream,Puffy Vest,Bored,Bloodshot,Party Hat 2
6680,Silver Stud,Void Black,Pink,,Bored,Bored,Bowler
6681,,Void Black,Cheetah,,Bored,Bored,Crimson Hat
6682,,Void Black,Golden Brown,Puffy Vest,Bored Cigarette,3d,Fez
6683,Gold Stud,Void Black,Chrome,,Bored,Coins,Glowrift Flipped Brim
6684,,Void Black,Cream,Black T,Grin,X Eyes,Glowrift Hat Black
6685,,Void Black,Gray,Tanktop,Bored Unshaven,Closed,Chromatic Captain's Hat
6686,,Void Black,Brown,Prison Jumpsuit,Bored,Heart,
6687,,Void Black,Black,Sleeveless T,Bored,Wide Eyed,Bunny Ears
6688,,Void Black,Cream,Bandolier,Bored Unshaven Cigarette,Phantom,Cowboy Hat
6689,,Void Black,Tan,Tanktop,Phoneme Wah,Closed,Prussian Helmet
6690,Silver Stud,Void Black,Tan,Hawaiian,Bored Cigar,3d,Glowrift Flipped Brim
6691,Silver Hoop,Void Black,Dark Brown,Striped Tee,Bored,Sleepy,Patrol Motorcycle Helmet
6692,,Void Black,Brown,Prison Jumpsuit,Bored,Wide Eyed,Fez
6693,,Void Black,Black,,Bored Cigarette,Bored,Horns
6694,Gold Stud,Void Black,Black,Hawaiian,Phoneme Oh,Blue Beams,
6695,Silver Stud,Void Black,Pink,Navy Striped Tee,Bored,Coins,Safari
6696,,Void Black,Chromatic,Guayabera,Bored Unshaven Cigarette,Wide Eyed,Sushi Chef Headband
6697,,Void Black,Brown,Sailor Shirt,Phoneme L,Angry,Short Mohawk
6698,,Void Black,Brown,,Phoneme L,Sad,Fez
6699,Silver Hoop,Void Black,Gray,Space Suit,Bored Unshaven Pipe,Bloodshot,Vietnam Era Helmet
6700,,Void Black,Blue,,Bored Unshaven Kazoo,Crazy,Crimson Hat
6701,Silver Stud,Void Black,Golden Brown,Glowrift T Black,Bored Unshaven Cigarette,Chrome,Halo
6702,,Void Black,Golden Brown,Striped Tee,Bored,Wide Eyed,Faux Hawk
6703,Gold Hoop,Void Black,Black,,Grin,Hypnotized,Bowler
6704,Silver Stud,Void Black,Golden Brown,Rainbow Suspenders,Bored Party Horn,Sad,Beanie
6705,,Void Black,Void Bot,Tanktop,Bored,Crazy,Crimson Hat
6706,Silver Hoop,Void Black,Dark Brown,Toga,Bored,Bloodshot,Chromatic Captain's Hat
6707,,Void Black,Dark Brown,,Bored,Bored,Glowrift Hat Black
6708,,Void Black,Black,Tuxedo Tee,Grin,Heart,Halo
6709,,Void Black,Gray,Space Suit,Rage,Prismatic,
6710,,Void Black,Void Bot,,Bored Unshaven Cigarette,Wide Eyed,Vietnam Era Helmet
6711,Silver Hoop,Void Black,Phantom,Rainbow Suspenders,Phoneme Vuh,Coins,
6712,,Void Black,Red,,Bored Party Horn,Sunglasses,Beanie
6713,,Void Black,Black,Black T,Bored Unshaven,Sleepy,Glowrift Flipped Brim
6714,,Void Black,Tan,Navy Striped Tee,Phoneme Oh,Closed,Glowrift Flipped Brim
6715,Silver Hoop,Void Black,Brown,Lab Coat,Phoneme Vuh,Coins,Baby's Bonnet
6716,,Void Black,Golden Brown,Guayabera,Grin,Sad,Halo
6717,,Void Black,Golden Brown,Biker Vest,Bored Unshaven,Coins,Beanie
6718,Silver Hoop,Void Black,Tan,Stunt Jacket,Phoneme ooo,Scumbag,
6719,,Void Black,Cream,Rainbow Suspenders,Bored Pipe,Neonborg,Crimson Hat
6720,,Void Black,Cream,Vietnam Jacket,Bored Unshaven,Bored,S&m Hat
6721,Gold Hoop,Void Black,Gray,Striped Tee,Dumbfounded,Wide Eyed,Sushi Chef Headband
6722,Gold Hoop,Void Black,Brown,,Bored Unshaven,Bored,Faux Hawk
6723,,Void Black,Cheetah,Pimp Coat,Bored Cigar,Bored,Vietnam Era Helmet
6724,,Void Black,Dark Brown,Wool Turtleneck,Bored Unshaven Cigarette,Eyepatch,Ww2 Pilot Helm
6725,,Void Black,Blue,Service,Dumbfounded,Coins,
6726,Gold Stud,Void Black,Tan,,Phoneme ooo,3d,Fez
6727,,Void Black,Pink,Striped Tee,Bored Unshaven,Blindfold,Glowrift Flipped Brim
6728,Silver Stud,Void Black,Brown,Fossil Tee,Bored Unshaven Pipe,Bloodshot,Fez
6729,,Void Black,Black,Bandolier,Grin Diamond Grill,X Eyes,
6730,Silver Stud,Void Black,Brown,Leather Spectrum Jacket,Phoneme L,X Eyes,Faux Hawk
6731,,Void Black,Pink,Sleeveless T,Bored,Prismatic,Voyager's Hat
6732,,Void Black,Red,Glowrift T Red,Bored,Wide Eyed,Glowrift Hat Black
6733,Silver Hoop,Void Black,Tan,Sailor Shirt,Bored Unshaven,Coins,
6734,,Void Black,Dark Brown,,Bored Unshaven,Hypnotized,Chromatic Captain's Hat
6735,Silver Stud,Void Black,Brown,Stunt Jacket,Bored Unshaven,Eyepatch,
6736,,Void Black,Dark Brown,,Small Grin,Closed,
6737,,Void Black,Phantom,Prison Jumpsuit,Small Grin,Sunglasses,Girl's Hair Short
6738,,Void Black,Black,Rainbow Suspenders,Discomfort,Blindfold,Halo
6739,,Void Black,Gray,Tie Dye,Bored Pizza,Angry,Faux Hawk
6740,,Void Black,Cheetah,,Phoneme Wah,Laser Eyes,Sky Captain's Hat
6741,,Void Black,Dark Brown,Lumberjack Shirt,Bored,Bloodshot,Ww2 Pilot Helm
6742,,Void Black,Chrome,Stunt Jacket,Jovial,Eyepatch,Stuntman Helmet
6743,,Void Black,Dark Brown,Glowrift T Red,Bored Unshaven,Bored,Glowrift Hat Black
6744,,Void Black,Black,Guayabera,Grin,Bloodshot,S&m Hat
6745,,Void Black,Golden Brown,Leather Spectrum Jacket,Small Grin,Coins,Spinner Hat
6746,,Void Black,Dark Brown,Striped Tee,Bored,Chrome,Beanie
6747,Silver Stud,Void Black,Phantom,Navy Striped Tee,Bored,Crazy,Bunny Ears
6748,,Void Black,Dark Brown,Caveman Pelt,Bored Unshaven Cigarette,Wide Eyed,Ww2 Pilot Helm
6749,,Void Black,Brown,Navy Striped Tee,Bored Cigarette,Scumbag,
6750,,Void Black,Dark Brown,,Phoneme Vuh,Phantom,Patrol Motorcycle Helmet
6751,,Void Black,Dark Brown,Cowboy Shirt,Jovial,3d,Crimson Hat
6752,,Void Black,Black,Stunt Jacket,Bored Unshaven Cigarette,Closed,Beanie
6753,,Void Black,Dark Brown,Lab Coat,Bored Unshaven Cigarette,Sleepy,Faux Hawk
6754,Gold Hoop,Void Black,Red,Wool Turtleneck,Bored,Bored,Irish Boho
6755,Silver Stud,Void Black,Dark Brown,Sleeveless Logo T,Bored,Closed,Stuntman Helmet
6756,,Void Black,Black,,Bored Unshaven Cigar,Sleepy,
6757,,Void Black,Black,Tanktop,Grin Multicolored,Coins,Chromatic Captain's Hat
6758,Gold Hoop,Void Black,Pink,Blue Dress,Bored,3d,
6759,,Void Black,Pink,Puffy Vest,Tongue Out,Heart,
6760,,Void Black,Golden Brown,Service,Bored,Bored,
6761,,Void Black,Chrome,Lab Coat,Bored,Phantom,Ww2 Pilot Helm
6762,Silver Hoop,Void Black,Dark Brown,Glowrift T Black,Discomfort,Crazy,Beanie
6763,,Void Black,Blue,Biker Vest,Small Grin,Eyepatch,Stuntman Helmet
6764,,Void Black,Chrome,Tuxedo Tee,Bored Unshaven,Wide Eyed,Shadow Hat
6765,,Void Black,Chrome,Lumberjack Shirt,Bored Unshaven,Sad,Stuntman Helmet
6766,,Void Black,Brown,Fossil Tee,Small Grin,Chrome,Baby's Bonnet
6767,Gold Hoop,Void Black,Blue,Leather Spectrum Jacket,Grin,Bored,
6768,Silver Stud,Void Black,Chrome,Tuxedo Tee,Jovial,Sleepy,Glowrift Hat Red
6769,,Void Black,Cream,Vietnam Jacket,Rage,Bored,Halo
6770,Silver Hoop,Void Black,Tan,Admirals Coat,Bored,Coins,
6771,,Void Black,Brown,Cowboy Shirt,Bored Unshaven,Sunglasses,
6772,,Void Black,Red,Biker Vest,Bored,Bored,Ww2 Pilot Helm
6773,Silver Stud,Void Black,Gray,Tanktop,Bored Unshaven Cigarette,Coins,Bandana Blue
6774,,Void Black,Black,Sleeveless T,Bored Unshaven,Closed,Girl's Hair Pink
6775,,Void Black,Black,Tweed Suit,Grin Gold Grill,Wide Eyed,Prussian Helmet
6776,Silver Stud,Void Black,Dark Brown,Fossil Necklace,Phoneme Wah,Blue Beams,
6777,,Void Black,White,Lumberjack Shirt,Phoneme ooo,Wide Eyed,Halo
6778,,Void Black,Black,Hawaiian,Bored,Bored,
6779,Silver Stud,Void Black,Brown,Tanktop,Bored,Sleepy,Voyager's Hat
6780,,Void Black,Noise,Guayabera,Bored Pizza,Blindfold,Halo
6781,,Void Black,Gray,Hawaiian,Bored Cigarette,Bloodshot,
6782,,Void Black,Pink,Stunt Jacket,Phoneme L,Wide Eyed,
6783,,Void Black,Dark Brown,Wool Turtleneck,Bored Cigarette,Coins,Faux Hawk
6784,,Void Black,Black,Void Rift T,Small Grin,Bored,Fez
6785,,Void Black,Black,,Bored Cigarette,Crazy,Halo
6786,,Void Black,Brown,Fossil Tee,Grin,Eyepatch,Shadow Hat
6787,Gold Hoop,Void Black,Black,Biker Vest,Bored Unshaven,Wide Eyed,
6788,,Void Black,Dmt,Smoking Jacket,Bored,Sunglasses,S&m Hat
6789,,Void Black,Brown,,Bored,Sunglasses,Voyager's Hat
6790,,Void Black,Brown,,Phoneme ooo,3d,Shadow Hat
6791,,Void Black,Black,Sleeveless T,Dumbfounded,Phantom,
6792,Silver Stud,Void Black,Dmt,Tuxedo Tee,Bored,Coins,
6793,,Void Black,Red,,Bored Unshaven,Sleepy,Short Mohawk
6794,Diamond Stud,Void Black,Brown,,Grin Multicolored,Bored,Crimson Hat
6795,,Void Black,Dark Brown,Rainbow Suspenders,Bored,Bloodshot,Party Hat 1
6796,,Void Black,Brown,,Small Grin,Sleepy,Glowrift Hat Black
6797,Silver Hoop,Void Black,Black,Fossil Necklace,Bored Unshaven Cigarette,Eyepatch,Party Hat 1
6798,,Void Black,Golden Brown,Tanktop,Grin,Coins,
6799,,Void Black,Dmt,Sailor Shirt,Dumbfounded,Sleepy,King's Crown
6800,Silver Hoop,Void Black,Gray,Bandolier,Dumbfounded,Closed,Sushi Chef Headband
6801,,Void Black,Dark Brown,,Bored Unshaven,Bored,Safari
6802,,Void Black,Black,,Bored,Blindfold,Cowboy Hat
6803,,Void Black,Brown,Tanktop,Discomfort,Angry,Patrol Motorcycle Helmet
6804,Silver Hoop,Void Black,Brown,Glowrift T Black,Dumbfounded,Bloodshot,Beanie
6805,Gold Stud,Void Black,Blue,Lumberjack Shirt,Grin Diamond Grill,Laser Eyes,
6806,Gold Hoop,Void Black,Noise,Smoking Jacket,Bored Cigarette,Phantom,Beanie
6807,,Void Black,Dark Brown,,Bored,Bloodshot,Sushi Chef Headband
6808,,Void Black,Black,Leather Spectrum Jacket,Bored Unshaven,Chrome,Fisherman's Hat
6809,,Void Black,Pink,Tanktop,Bored Unshaven,Eyepatch,Stuntman Helmet
6810,Gold Hoop,Void Black,Golden Brown,Sleeveless T,Discomfort,Phantom,Stuntman Helmet
6811,,Void Black,White,Glowrift T Red,Bored Unshaven Cigar,Bored,Bunny Ears
6812,Silver Stud,Void Black,Brown,Tweed Suit,Bored Cigar,Closed,Safari
6813,,Void Black,Gray,,Phoneme Oh,Blindfold,Baby's Bonnet
6814,Diamond Stud,Void Black,Cheetah,Guayabera,Bored Unshaven Cigarette,Bored,Girl's Hair Pink
6815,,Void Black,Dmt,Navy Striped Tee,Discomfort,Bored,Short Mohawk
6816,,Void Black,Phantom,Striped Tee,Phoneme Oh,Chrome,Bunny Ears
6817,,Void Black,Dark Brown,Space Suit,Bored,Bored,Party Hat 1
6818,Silver Hoop,Void Black,Tan,Kings Robe,Small Grin,Heart,Crimson Hat
6819,Cross,Void Black,White,Puffy Vest,Bored Pizza,Bored,Halo
6820,,Void Black,Tan,Hawaiian,Bored Cigarette,Bored,
6821,,Void Black,Black,Striped Tee,Bored,Sad,Beanie
6822,,Void Black,Gray,Sailor Shirt,Bored Unshaven,Phantom,Faux Hawk
6823,,Void Black,Cream,Hawaiian,Bored,3d,
6824,,Void Black,Red,Puffy Vest,Bored Unshaven Cigarette,Bored,Baby's Bonnet
6825,Silver Hoop,Void Black,Brown,Tanktop,Bored,Chrome,Glowrift Hat Red
6826,Silver Hoop,Void Black,Black,Lumberjack Shirt,Bored Unshaven,Bloodshot,Halo
6827,,Void Black,Tan,Void Rift T,Jovial,Closed,Prussian Helmet
6828,,Void Black,Black,Toga,Bored Unshaven Cigarette,Bored,Safari
6829,Silver Stud,Void Black,Blue,Vietnam Jacket,Grin,Sad,
6830,,Void Black,Dark Brown,Sailor Shirt,Bored,Sad,Horns
6831,,Void Black,Golden Brown,Puffy Vest,Bored Unshaven,Closed,
6832,,Void Black,Golden Brown,Sailor Shirt,Bored,Bored,Glowrift Flipped Brim
6833,Silver Stud,Void Black,Red,,Bored Unshaven Dagger,Crazy,Short Mohawk
6834,,Void Black,Black,Service,Discomfort,Bored,
6835,Silver Stud,Void Black,Brown,Lumberjack Shirt,Bored Unshaven,Bloodshot,Girl's Hair Short
6836,,Void Black,Red,Biker Vest,Grin,Heart,Sushi Chef Headband
6837,,Void Black,Tan,Sleeveless T,Bored,Bloodshot,
6838,Silver Hoop,Void Black,Dark Brown,,Bored Unshaven Party horn,Sleepy,Cowboy Hat
6839,,Void Black,Gray,Rainbow Suspenders,Grin,Angry,Voyager's Hat
6840,Gold Stud,Void Black,Red,Striped Tee,Bored,Sad,
6841,,Void Black,Chromatic,Hip Hop,Bored Unshaven Cigar,Bloodshot,
6842,,Void Black,Brown,,Bored Unshaven,3d,Fez
6843,,Void Black,Brown,Fossil Necklace,Dumbfounded,3d,Bunny Ears
6844,Gold Stud,Void Black,Black,Tanktop,Dumbfounded,Blindfold,Short Mohawk
6845,,Void Black,Red,Biker Vest,Bored Kazoo,Sleepy,Fez
6846,,Void Black,Tan,Leather Spectrum Jacket,Rage,Closed,
6847,,Void Black,Dark Brown,Wool Turtleneck,Grin,Wide Eyed,Fez
6848,Cross,Void Black,Cream,Sleeveless T,Grin,Bored,Short Mohawk
6849,Silver Stud,Void Black,Dark Brown,Kings Robe,Grin Multicolored,Eyepatch,Irish Boho
6850,,Void Black,Gray,Fossil Tee,Bored Unshaven,Bloodshot,Cowboy Hat
6851,,Void Black,Dark Brown,,Dumbfounded,Wide Eyed,Beanie
6852,,Void Black,Golden Brown,Void Rift T,Small Grin,Coins,Glowrift Flipped Brim
6853,,Void Black,Dark Brown,Rainbow Suspenders,Grin Gold Grill,Closed,Glowrift Flipped Brim
6854,Gold Hoop,Void Black,Black,Sailor Shirt,Phoneme Vuh,Sleepy,S&m Hat
6855,,Void Black,Red,Fossil Tee,Bored Cigarette,Chrome,
6856,,Void Black,Red,,Bored Cigar,Blindfold,Baby's Bonnet
6857,,Void Black,Red,Hawaiian,Bored Unshaven,Scumbag,Girl's Hair Pink
6858,,Void Black,Red,,Bored Unshaven Kazoo,Sunglasses,
6859,,Void Black,Golden Brown,,Phoneme L,Hypnotized,Voyager's Hat
6860,Silver Hoop,Void Black,Tan,Guayabera,Dumbfounded,Neonborg,Irish Boho
6861,Gold Hoop,Void Black,Golden Brown,Hip Hop,Bored Cigarette,Bloodshot,Fez
6862,,Void Black,Tan,Wool Turtleneck,Bored Unshaven,Bored,
6863,,Void Black,Black,Tuxedo Tee,Rage,Chrome,Fez
6864,Silver Stud,Void Black,Blue,Glowrift T Black,Small Grin,Bored,Girl's Hair Short
6865,,Void Black,Gray,,Bored Unshaven Kazoo,Bloodshot,
6866,,Void Black,Red,,Grin,Sleepy,
6867,,Void Black,Void Bot,Striped Tee,Bored,Heart,Fez
6868,,Void Black,Brown,,Discomfort,Bored,Voyager's Hat
6869,Diamond Stud,Void Black,Cream,Service,Bored Unshaven,Crazy,
6870,,Void Black,Golden Brown,,Bored,3d,Glowrift Flipped Brim
6871,,Void Black,Blue,Black T,Bored Unshaven,3d,Beanie
6872,Silver Hoop,Void Black,Blue,Tuxedo Tee,Bored,Prismatic,Halo
6873,,Void Black,Cheetah,,Phoneme Vuh,Wide Eyed,
6874,Silver Hoop,Void Black,Brown,Hawaiian,Bored Unshaven,Sad,Bunny Ears
6875,Diamond Stud,Void Black,Dark Brown,Leather Jacket,Phoneme ooo,X Eyes,Beanie
6876,,Void Black,Dmt,Leather Spectrum Jacket,Bored,Bored,Stuntman Helmet
6877,,Void Black,Black,Navy Striped Tee,Bored Unshaven,Bloodshot,Short Mohawk
6878,,Void Black,Brown,,Bored Unshaven,3d,Shadow Hat
6879,Silver Hoop,Void Black,Brown,Leather Spectrum Jacket,Bored,Bloodshot,Bunny Ears
6880,Silver Stud,Void Black,Black,Tuxedo Tee,Small Grin,Closed,Baby's Bonnet
6881,,Void Black,Dark Brown,Glowrift T Black,Grin Diamond Grill,Sunglasses,Beanie
6882,,Void Black,Dark Brown,,Bored Unshaven,Bloodshot,Prussian Helmet
6883,,Void Black,Brown,Toga,Phoneme ooo,Bored,Halo
6884,,Void Black,Black,Striped Tee,Phoneme Oh,Closed,S&m Hat
6885,Silver Stud,Void Black,Brown,Hawaiian,Bored Unshaven Cigarette,Angry,Short Mohawk
6886,Diamond Stud,Void Black,Black,Bandolier,Dumbfounded,Bored,Halo
6887,,Void Black,Cheetah,Navy Striped Tee,Grin,Bored,
6888,,Void Black,Brown,Cowboy Shirt,Grin Multicolored,Chrome,
6889,,Void Black,Cream,Rainbow Suspenders,Bored,Bloodshot,
6890,,Void Black,White,Prison Jumpsuit,Bored Kazoo,Heart,Shadow Hat
6891,,Void Black,Red,Prison Jumpsuit,Phoneme L,Angry,Irish Boho
6892,,Void Black,Tan,,Phoneme L,Bored,Glowrift Hat Red
6893,Silver Stud,Void Black,Tan,Leather Spectrum Jacket,Phoneme Oh,Closed,Bowler
6894,,Void Black,Brown,Puffy Vest,Phoneme ooo,Angry,
6895,Gold Stud,Void Black,Black,Leather Spectrum Jacket,Bored,Phantom,Cowboy Hat
6896,Gold Stud,Void Black,Brown,,Grin,X Eyes,Sky Captain's Hat
6897,,Void Black,Pink,Tuxedo Tee,Bored Cigarette,Angry,Short Mohawk
6898,,Void Black,Cream,Prison Jumpsuit,Bored,3d,S&m Hat
6899,Gold Hoop,Void Black,Pink,Lumberjack Shirt,Bored,Sad,Girl's Hair Short
6900,,Void Black,Dark Brown,Tweed Suit,Bored Pipe,Angry,Bunny Ears
6901,Silver Hoop,Void Black,White,Tuxedo Tee,Bored,Bored,Glowrift Hat Red
6902,,Void Black,Brown,Tuxedo Tee,Bored,Bored,
6903,,Void Black,Black,Bandolier,Rage,Neonborg,Irish Boho
6904,Diamond Stud,Void Black,Brown,Sleeveless T,Dumbfounded,3d,Shadow Hat
6905,,Void Black,Black,,Jovial,Sleepy,
6906,,Void Black,Tan,Sleeveless Logo T,Bored Unshaven Cigarette,Bored,Halo
6907,,Void Black,Tan,Pimp Coat,Bored,Bloodshot,Bowler
6908,Silver Stud,Void Black,Brown,,Bored Unshaven,Heart,Glowrift Flipped Brim
6909,,Void Black,Brown,Hawaiian,Bored,Closed,Spinner Hat
6910,,Void Black,Dark Brown,Rainbow Suspenders,Bored Pipe,Hypnotized,Sushi Chef Headband
6911,Gold Hoop,Void Black,Blue,Toga,Bored,Bored,Short Mohawk
6912,,Void Black,Cream,Tanktop,Bored Unshaven Pipe,Sleepy,Fez
6913,,Void Black,Phantom,Wool Turtleneck,Bored Unshaven,Coins,Ww2 Pilot Helm
6914,,Void Black,White,Navy Striped Tee,Bored Cigarette,Sad,Cowboy Hat
6915,Silver Hoop,Void Black,Black,Fossil Tee,Bored Unshaven Cigarette,Prismatic,Girl's Hair Pink
6916,Gold Stud,Void Black,Chrome,Fossil Tee,Phoneme ooo,Eyepatch,Bowler
6917,,Void Black,Chrome,Smoking Jacket,Bored,3d,Beanie
6918,,Void Black,Dark Brown,Lumberjack Shirt,Dumbfounded,Phantom,King's Crown
6919,Silver Stud,Void Black,Black,Toga,Bored Unshaven,Bored,Shadow Hat
6920,,Void Black,Black,Void Rift T,Bored,Wide Eyed,Fez
6921,Silver Stud,Void Black,Black,Hawaiian,Bored Cigarette,Sunglasses,
6922,Gold Hoop,Void Black,Phantom,Striped Tee,Bored,Blindfold,
6923,,Void Black,Cream,Vietnam Jacket,Bored Unshaven Cigarette,Sad,Patrol Motorcycle Helmet
6924,,Void Black,Brown,Fossil Necklace,Phoneme Oh,Bloodshot,Beanie
6925,Gold Hoop,Void Black,Golden Brown,Smoking Jacket,Bored Dagger,Closed,Spinner Hat
6926,Silver Stud,Void Black,Pink,Sailor Shirt,Dumbfounded,3d,
6927,Gold Stud,Void Black,Black,Black T,Small Grin,Coins,Spinner Hat
6928,Silver Stud,Void Black,Noise,Lab Coat,Phoneme Oh,Sleepy,Beanie
6929,,Void Black,Tan,Prison Jumpsuit,Bored,Sad,Sky Captain's Hat
6930,,Void Black,Black,Navy Striped Tee,Jovial,Eyepatch,Vietnam Era Helmet
6931,,Void Black,Brown,,Bored Cigarette,Heart,Glowrift Flipped Brim
6932,,Void Black,Dark Brown,Sleeveless T,Bored Party Horn,3d,Glowrift Hat Black
6933,Silver Hoop,Void Black,Black,Rainbow Suspenders,Bored Unshaven Cigarette,Closed,
6934,Silver Stud,Void Black,Black,Striped Tee,Phoneme Oh,Sleepy,Baby's Bonnet
6935,,Void Black,Pink,Hawaiian,Bored Unshaven,Bloodshot,Ww2 Pilot Helm
6936,,Void Black,Black,Tuxedo Tee,Bored Dagger,Bored,Baby's Bonnet
6937,,Void Black,Chrome,Toga,Rage,Wide Eyed,
6938,Gold Stud,Void Black,Dark Brown,Guayabera,Grin Diamond Grill,Bored,Sushi Chef Headband
6939,,Void Black,Brown,,Phoneme ooo,Heart,Beanie
6940,,Void Black,Black,Glowrift T Red,Bored Unshaven,Hypnotized,
6941,Silver Stud,Void Black,Black,Lab Coat,Bored Unshaven Cigarette,Coins,
6942,Silver Hoop,Void Black,Blue,Puffy Vest,Bored,Bored,
6943,,Void Black,Black,Sleeveless T,Rage,3d,Beanie
6944,Diamond Stud,Void Black,Red,Cowboy Shirt,Bored Unshaven Kazoo,Bored,Fisherman's Hat
6945,,Void Black,Golden Brown,,Phoneme Oh,Sad,Voyager's Hat
6946,Silver Stud,Void Black,Brown,Sleeveless T,Small Grin,Angry,Halo
6947,,Void Black,Brown,Lab Coat,Rage,Heart,
6948,,Void Black,Brown,Toga,Rage,Chrome,Laurel Wreath
6949,,Void Black,Chromatic,Bandolier,Bored,Closed,
6950,,Void Black,Dark Brown,Navy Striped Tee,Bored Cigarette,Sleepy,King's Crown
6951,Silver Hoop,Void Black,Black,Tuxedo Tee,Tongue Out,Coins,Irish Boho
6952,,Void Black,Cream,,Bored Unshaven,Bored,Bunny Ears
6953,,Void Black,Cream,Space Suit,Bored Cigarette,Prismatic,Glowrift Hat Black
6954,Diamond Stud,Void Black,Tan,Prom Dress,Bored Cigarette,Bloodshot,Crimson Hat
6955,,Void Black,Phantom,Lumberjack Shirt,Bored Cigarette,Sleepy,S&m Hat
6956,,Void Black,Pink,,Bored,Bored,Spinner Hat
6957,Gold Stud,Void Black,Cheetah,Striped Tee,Grin,X Eyes,Spinner Hat
6958,Silver Hoop,Void Black,Dark Brown,Navy Striped Tee,Phoneme Vuh,Coins,Beanie
6959,,Void Black,Void Bot,Prison Jumpsuit,Tongue Out,Sunglasses,
6960,,Void Black,Dark Brown,Toga,Bored Unshaven,Sunglasses,Beanie
6961,,Void Black,Cream,Sailor Shirt,Bored,Closed,Horns
6962,Gold Hoop,Void Black,Dark Brown,Sleeveless Logo T,Phoneme Wah,Sad,Glowrift Flipped Brim
6963,,Void Black,Brown,Sleeveless T,Jovial,Sad,Crimson Hat
6964,Gold Hoop,Void Black,Cheetah,Glowrift T Black,Bored Dagger,Hypnotized,Horns
6965,,Void Black,Brown,Sailor Shirt,Bored Unshaven,Blindfold,Bowler
6966,,Void Black,Pink,Guayabera,Bored,Closed,Prussian Helmet
6967,,Void Black,Noise,Caveman Pelt,Rage,Angry,Ww2 Pilot Helm
6968,Gold Stud,Void Black,Golden Brown,Tweed Suit,Bored Pipe,Bloodshot,
6969,Diamond Stud,Void Black,Tan,Prison Jumpsuit,Grin,Angry,Prussian Helmet
6970,Silver Hoop,Void Black,Cream,Lumberjack Shirt,Dumbfounded,Angry,Irish Boho
6971,Silver Hoop,Void Black,Cheetah,Striped Tee,Bored,Crazy,
6972,,Void Black,Golden Brown,,Bored Unshaven Pipe,Angry,Prussian Helmet
6973,,Void Black,Cream,Striped Tee,Bored Unshaven,Sleepy,
6974,,Void Black,Tan,Toga,Grin,3d,
6975,Silver Stud,Void Black,Black,Tie Dye,Rage,Heart,Beanie
6976,,Void Black,Dark Brown,,Tongue Out,Blindfold,Fisherman's Hat
6977,Diamond Stud,Void Black,Cream,,Bored Unshaven Cigarette,Bloodshot,Stuntman Helmet
6978,Silver Stud,Void Black,Golden Brown,Glowrift T Red,Bored Unshaven Cigarette,Hypnotized,
6979,,Void Black,Brown,Service,Bored Unshaven,Angry,
6980,,Void Black,Void Bot,Rainbow Suspenders,Grin,Bored,Bowler
6981,Gold Hoop,Void Black,Dark Brown,Puffy Vest,Phoneme Oh,Sleepy,Bowler
6982,,Void Black,Dark Brown,Prom Dress,Bored Unshaven,Sad,
6983,,Void Black,White,Puffy Vest,Bored Unshaven,Hypnotized,Baby's Bonnet
6984,Silver Hoop,Void Black,Black,Vietnam Jacket,Bored,Bored,Voyager's Hat
6985,Silver Stud,Void Black,White,Caveman Pelt,Bored Unshaven,Angry,Faux Hawk
6986,,Void Black,Red,,Small Grin,Phantom,S&m Hat
6987,,Void Black,Pink,Kings Robe,Bored,Angry,Bowler
6988,Gold Stud,Void Black,Red,Leather Spectrum Jacket,Grin,Sleepy,
6989,,Void Black,Red,Biker Vest,Bored,Closed,
6990,,Void Black,Brown,Fossil Tee,Bored,Sleepy,
6991,,Void Black,Brown,Lumberjack Shirt,Bored,Chrome,
6992,,Void Black,Black,Lumberjack Shirt,Phoneme L,Sad,Halo
6993,,Void Black,Brown,Cowboy Shirt,Phoneme Oh,Sleepy,Cowboy Hat
6994,,Void Black,Red,Tweed Suit,Bored Unshaven,Eyepatch,
6995,Silver Stud,Void Black,Blue,Work Vest,Bored Unshaven,Bored,Stuntman Helmet
6996,,Void Black,Phantom,Sleeveless Logo T,Phoneme ooo,Bored,Short Mohawk
6997,,Void Black,Phantom,Bandolier,Small Grin,Bored,Party Hat 2
6998,,Void Black,Golden Brown,Fossil Necklace,Bored Unshaven,Coins,Beanie
6999,Gold Stud,Void Black,Black,Glowrift T Black,Bored Unshaven,3d,Voyager's Hat
7000,Gold Hoop,Void Black,Brown,Smoking Jacket,Bored,Phantom,
7001,,Void Black,Dark Brown,Puffy Vest,Bored Unshaven Cigarette,Sleepy,Faux Hawk
7002,,Void Black,Pink,Striped Tee,Bored,Bloodshot,Ww2 Pilot Helm
7003,,Void Black,Black,Fossil Tee,Discomfort,Coins,
7004,Gold Stud,Void Black,Void Bot,Fossil Tee,Bored Unshaven,Sleepy,Crimson Hat
7005,,Void Black,Black,Striped Tee,Rage,Phantom,Shadow Hat
7006,Silver Stud,Void Black,Chrome,Toga,Bored Unshaven,Chrome,Halo
7007,,Void Black,Cheetah,Navy Striped Tee,Bored,Chrome,Bunny Ears
7008,,Void Black,Brown,,Dumbfounded,Chrome,
7009,,Void Black,Dark Brown,Service,Bored Party Horn,Closed,
7010,,Void Black,Brown,Tweed Suit,Bored Dagger,Sleepy,Patrol Motorcycle Helmet
7011,,Void Black,Brown,Vietnam Jacket,Jovial,Wide Eyed,
7012,,Void Black,Pink,,Bored Pipe,X Eyes,King's Crown
7013,,Void Black,Dark Brown,Glowrift T Black,Grin,3d,Bandana Blue
7014,Silver Hoop,Void Black,Brown,Rainbow Suspenders,Bored Unshaven,Bloodshot,
7015,,Void Black,Black,Prom Dress,Bored Unshaven,Sad,Horns
7016,Gold Stud,Void Black,Pink,,Phoneme Vuh,Heart,Halo
7017,Cross,Void Black,Tan,Striped Tee,Grin Multicolored,Bored,Sushi Chef Headband
7018,,Void Black,Golden Brown,,Bored Unshaven,Laser Eyes,Baby's Bonnet
7019,,Void Black,Brown,Sailor Shirt,Phoneme Oh,Crazy,Cowboy Hat
7020,,Void Black,Gray,Tweed Suit,Phoneme Oh,Coins,Faux Hawk
7021,,Void Black,Black,Prom Dress,Bored,Closed,Irish Boho
7022,Silver Stud,Void Black,Chrome,,Grin,Sunglasses,Cowboy Hat
7023,,Void Black,Brown,,Bored Bubblegum,Wide Eyed,Beanie
7024,,Void Black,Brown,Leather Jacket,Phoneme Vuh,Bloodshot,Sky Captain's Hat
7025,Silver Stud,Void Black,Blue,Bandolier,Bored Unshaven,Phantom,Bandana Blue
7026,Cross,Void Black,Brown,Toga,Bored Unshaven,Sunglasses,Irish Boho
7027,Diamond Stud,Void Black,Cream,,Grin,Blindfold,Bunny Ears
7028,,Void Black,Dark Brown,,Bored Unshaven,Eyepatch,Patrol Motorcycle Helmet
7029,,Void Black,Cheetah,Puffy Vest,Bored Cigarette,Sleepy,Beanie
7030,,Void Black,Brown,Leather Spectrum Jacket,Jovial,Heart,
7031,,Void Black,Dark Brown,,Bored,Bored,Vietnam Era Helmet
7032,,Void Black,Dark Brown,Fossil Tee,Bored,Eyepatch,
7033,Gold Stud,Void Black,Tan,Navy Striped Tee,Bored Unshaven Cigarette,Wide Eyed,Fez
7034,Silver Stud,Void Black,Brown,Wool Turtleneck,Bored Unshaven,Scumbag,Halo
7035,Gold Hoop,Void Black,Phantom,Hawaiian,Bored Unshaven,Bloodshot,Voyager's Hat
7036,Diamond Stud,Void Black,Brown,,Bored Unshaven Cigarette,Chrome,
7037,,Void Black,Chrome,,Grin,Bloodshot,Prussian Helmet
7038,,Void Black,Golden Brown,Pimp Coat,Grin,Scumbag,Vietnam Era Helmet
7039,Cross,Void Black,Cheetah,Tuxedo Tee,Jovial,3d,Sushi Chef Headband
7040,,Void Black,Cream,Fossil Necklace,Phoneme L,Bored,Beanie
7041,,Void Black,Dark Brown,Lumberjack Shirt,Small Grin,Angry,Ww2 Pilot Helm
7042,,Void Black,White,,Rage,Coins,Fisherman's Hat
7043,,Void Black,Chrome,Fossil Tee,Bored Unshaven Cigarette,Crazy,
7044,,Void Black,Cream,Bandolier,Bored Cigarette,Bloodshot,S&m Hat
7045,,Void Black,Pink,Void Rift T,Bored Unshaven Cigarette,Eyepatch,Beanie
7046,,Void Black,Gray,Smoking Jacket,Bored Bubblegum,Crazy,Horns
7047,,Void Black,Noise,Smoking Jacket,Bored,Neonborg,Ww2 Pilot Helm
7048,Silver Hoop,Void Black,Cheetah,Tanktop,Bored Cigarette,Bloodshot,Sushi Chef Headband
7049,,Void Black,Pink,Prom Dress,Bored Unshaven Cigarette,Bored,Crimson Hat
7050,,Void Black,Cream,,Small Grin,Bored,Baby's Bonnet
7051,Silver Hoop,Void Black,Black,Prison Jumpsuit,Bored Unshaven,Bored,
7052,,Void Black,Gray,Sleeveless Logo T,Bored Unshaven Cigarette,Hypnotized,
7053,,Void Black,Golden Brown,Sailor Shirt,Bored,Angry,Party Hat 2
7054,,Void Black,Phantom,,Bored Cigarette,Crazy,
7055,,Void Black,Red,Sleeveless T,Bored Cigarette,Bloodshot,Short Mohawk
7056,Silver Hoop,Void Black,Black,Puffy Vest,Grin,Angry,Vietnam Era Helmet
7057,,Void Black,Tan,,Bored Cigarette,Closed,Bunny Ears
7058,Silver Hoop,Void Black,Cream,Black T,Bored,Hypnotized,Halo
7059,,Void Black,Black,Prison Jumpsuit,Bored Unshaven Cigarette,Crazy,Patrol Motorcycle Helmet
7060,,Void Black,Cream,Hip Hop,Bored Unshaven,Coins,
7061,,Void Black,Void Bot,,Bored Unshaven,Bored,
7062,,Void Black,Brown,,Tongue Out,Sleepy,Spinner Hat
7063,,Void Black,Pink,Puffy Vest,Bored Unshaven,Heart,Halo
7064,,Void Black,Brown,,Phoneme Vuh,Chrome,Glowrift Hat Red
7065,,Void Black,Brown,Hawaiian,Bored,Bored,
7066,,Void Black,Black,,Bored Unshaven Pipe,Bored,Glowrift Flipped Brim
7067,Gold Hoop,Void Black,Gray,Hawaiian,Dumbfounded,Crazy,Patrol Motorcycle Helmet
7068,,Void Black,Dark Brown,,Bored Unshaven,X Eyes,Glowrift Hat Red
7069,Cross,Void Black,Golden Brown,,Bored Unshaven,Closed,Glowrift Hat Black
7070,,Void Black,Gray,,Bored Cigarette,Sleepy,Sushi Chef Headband
7071,,Void Black,Dark Brown,,Bored Dagger,Bored,
7072,,Void Black,Noise,Glowrift T Black,Dumbfounded,Sleepy,Bowler
7073,,Void Black,Golden Brown,,Bored,Sad,Laurel Wreath
7074,,Void Black,Brown,Tuxedo Tee,Bored Unshaven,Scumbag,Shadow Hat
7075,Silver Hoop,Void Black,Chrome,,Bored,Scumbag,Voyager's Hat
7076,Silver Hoop,Void Black,Cheetah,Blue Dress,Bored,Blue Beams,
7077,,Void Black,Gray,Striped Tee,Bored Cigarette,Phantom,S&m Hat
7078,Gold Stud,Void Black,Black,,Phoneme Vuh,Bored,S&m Hat
7079,,Void Black,Tan,Tanktop,Bored Unshaven Pipe,Coins,Beanie
7080,,Void Black,Black,Glowrift T Red,Bored Cigar,Sleepy,Baby's Bonnet
7081,Diamond Stud,Void Black,Chrome,Fossil Tee,Bored Cigarette,Bored,Irish Boho
7082,Silver Hoop,Void Black,Brown,,Bored,Bored,Cowboy Hat
7083,,Void Black,Blue,Guayabera,Bored Unshaven,Coins,Ww2 Pilot Helm
7084,,Void Black,Chromatic,Striped Tee,Bored,Bored,Sushi Chef Headband
7085,Silver Stud,Void Black,Cheetah,,Bored Cigarette,Sad,Safari
7086,,Void Black,Brown,Navy Striped Tee,Dumbfounded,Bored,Party Hat 1
7087,,Void Black,Brown,Rainbow Suspenders,Bored,Wide Eyed,Fez
7088,Gold Stud,Void Black,Tan,Stunt Jacket,Grin,Sad,Safari
7089,Silver Stud,Void Black,Tan,,Bored,Sleepy,Halo
7090,,Void Black,Radiant Gold,Service,Grin Multicolored,Heart,
7091,,Void Black,Cream,Hawaiian,Bored Unshaven,Chrome,Sushi Chef Headband
7092,,Void Black,Golden Brown,Striped Tee,Bored,Bored,Girl's Hair Short
7093,,Void Black,Golden Brown,,Bored,Angry,Patrol Motorcycle Helmet
7094,,Void Black,Phantom,Guayabera,Grin Gold Grill,3d,Sushi Chef Headband
7095,,Void Black,Dark Brown,,Bored Unshaven Cigarette,Heart,Sushi Chef Headband
7096,Gold Hoop,Void Black,Phantom,Tanktop,Bored Unshaven,Coins,Glowrift Hat Red
7097,Diamond Stud,Void Black,Blue,Space Suit,Bored,Eyepatch,Beanie
7098,,Void Black,Black,Hawaiian,Bored Cigarette,Heart,
7099,,Void Black,Dark Brown,Hawaiian,Bored Cigarette,Chrome,Girl's Hair Pink
7100,Silver Stud,Void Black,Gray,Tweed Suit,Phoneme Vuh,Sleepy,
7101,Silver Hoop,Void Black,Brown,Hip Hop,Dumbfounded,Scumbag,Sky Captain's Hat
7102,Cross,Void Black,Pink,Lumberjack Shirt,Rage,Crazy,
7103,Silver Hoop,Void Black,Chromatic,Wool Turtleneck,Grin,Wide Eyed,Short Mohawk
7104,,Void Black,Pink,Wool Turtleneck,Tongue Out,Sleepy,Spinner Hat
7105,Gold Stud,Void Black,Golden Brown,Leather Jacket,Bored Unshaven,Scumbag,Glowrift Flipped Brim
7106,,Void Black,Gray,,Bored Unshaven,X Eyes,Spinner Hat
7107,,Void Black,Brown,Stunt Jacket,Bored Cigarette,3d,Sky Captain's Hat
7108,,Void Black,Tan,,Phoneme ooo,Sad,
7109,Gold Stud,Void Black,Red,,Bored Unshaven Pipe,Heart,Irish Boho
7110,,Void Black,Phantom,,Bored Unshaven,Sad,Chromatic Captain's Hat
7111,,Void Black,Cheetah,Black T,Dumbfounded,Coins,Shadow Hat
7112,Silver Hoop,Void Black,Golden Brown,Tanktop,Dumbfounded,Crazy,
7113,,Void Black,Cheetah,Glowrift T Black,Grin Multicolored,Heart,Baby's Bonnet
7114,,Void Black,Dark Brown,Striped Tee,Bored Pizza,Chrome,
7115,,Void Black,Cheetah,Vietnam Jacket,Bored Cigarette,Sleepy,Irish Boho
7116,,Void Black,Dark Brown,Fossil Tee,Rage,Sad,
7117,Silver Hoop,Void Black,Cheetah,Guayabera,Bored,Chrome,Halo
7118,,Void Black,Dark Brown,Black Suit,Bored,Scumbag,Beanie
7119,,Void Black,Red,,Bored Bubblegum,3d,
7120,,Void Black,Cream,,Bored Unshaven Cigar,Bored,Vietnam Era Helmet
7121,,Void Black,Chrome,Smoking Jacket,Bored Unshaven,Bored,
7122,,Void Black,Cream,,Phoneme L,Angry,Fisherman's Hat
7123,,Void Black,Cream,Vietnam Jacket,Bored Bubblegum,Bored,Party Hat 1
7124,,Void Black,Cream,Navy Striped Tee,Discomfort,Chrome,Halo
7125,,Void Black,Golden Brown,Black T,Bored Cigarette,Neonborg,Vietnam Era Helmet
7126,,Void Black,Phantom,Vietnam Jacket,Bored,Bored,Beanie
7127,,Void Black,Red,Vietnam Jacket,Bored Unshaven,Sunglasses,Beanie
7128,,Void Black,Golden Brown,Guayabera,Bored Cigarette,Wide Eyed,S&m Hat
7129,,Void Black,Phantom,,Bored,Sleepy,Prussian Helmet
7130,Gold Stud,Void Black,Dark Brown,Bandolier,Bored Unshaven Dagger,Scumbag,
7131,,Void Black,Gray,Vietnam Jacket,Bored Cigarette,Sunglasses,Voyager's Hat
7132,,Void Black,Cheetah,Work Vest,Phoneme Vuh,Blindfold,Baby's Bonnet
7133,,Void Black,Dmt,Tuxedo Tee,Bored,Phantom,
7134,Silver Stud,Void Black,Gray,Fossil Necklace,Tongue Out,Angry,Laurel Wreath
7135,,Void Black,Red,Admirals Coat,Dumbfounded,Bored,Cowboy Hat
7136,,Void Black,Red,,Bored Unshaven,3d,
7137,,Void Black,Dark Brown,Service,Bored,Bored,
7138,Silver Hoop,Void Black,Dmt,,Jovial,Wide Eyed,Patrol Motorcycle Helmet
7139,,Void Black,Black,Sailor Shirt,Dumbfounded,Coins,Beanie
7140,,Void Black,Golden Brown,Kings Robe,Bored Unshaven,Bored,Crimson Hat
7141,Silver Stud,Void Black,Dark Brown,Lumberjack Shirt,Bored Cigarette,Bored,S&m Hat
7142,,Void Black,Red,,Grin,Blue Beams,Fez
7143,,Void Black,Black,Work Vest,Bored,Chrome,Bunny Ears
7144,,Void Black,Phantom,Navy Striped Tee,Grin,Bored,Beanie
7145,,Void Black,Brown,Prison Jumpsuit,Bored,Prismatic,Prussian Helmet
7146,Gold Stud,Void Black,Brown,Vietnam Jacket,Bored Unshaven,Angry,
7147,Gold Hoop,Void Black,Black,Cowboy Shirt,Bored Unshaven,Sleepy,Fisherman's Hat
7148,Diamond Stud,Void Black,Dark Brown,Work Vest,Discomfort,Wide Eyed,Vietnam Era Helmet
7149,,Void Black,Tan,Leather Jacket,Bored Unshaven Cigarette,Closed,S&m Hat
7150,,Void Black,Pink,Hawaiian,Bored Cigarette,Closed,Glowrift Hat Black
7151,,Void Black,Black,Work Vest,Bored Unshaven,Bloodshot,Patrol Motorcycle Helmet
7152,,Void Black,Black,Smoking Jacket,Bored,Closed,Beanie
7153,,Void Black,Chrome,Leather Spectrum Jacket,Bored Bubblegum,Phantom,Crimson Hat
7154,Gold Hoop,Void Black,Dark Brown,Bandolier,Bored,Closed,
7155,,Void Black,Dark Brown,Rainbow Suspenders,Bored Unshaven Cigarette,Bloodshot,Sky Captain's Hat
7156,,Void Black,Noise,Rainbow Suspenders,Bored Unshaven Party horn,X Eyes,
7157,,Void Black,Dark Brown,Biker Vest,Phoneme Oh,Bored,Voyager's Hat
7158,,Void Black,White,Puffy Vest,Grin,Bored,Shadow Hat
7159,Silver Stud,Void Black,Blue,Sleeveless T,Phoneme Vuh,3d,Short Mohawk
7160,,Void Black,Phantom,Fossil Necklace,Bored Unshaven,Bored,Ww2 Pilot Helm
7161,,Void Black,Blue,Kings Robe,Bored,Wide Eyed,Spinner Hat
7162,,Void Black,Dark Brown,Hawaiian,Bored,Sleepy,Glowrift Hat Red
7163,Gold Hoop,Void Black,Cheetah,Lumberjack Shirt,Phoneme Wah,Coins,Laurel Wreath
7164,,Void Black,Dark Brown,,Grin,Coins,Fisherman's Hat
7165,,Void Black,Gray,Wool Turtleneck,Small Grin,Bored,
7166,,Void Black,Golden Brown,Tweed Suit,Dumbfounded,Prismatic,
7167,,Void Black,Brown,Caveman Pelt,Phoneme Vuh,Wide Eyed,Bowler
7168,Silver Hoop,Void Black,Blue,Admirals Coat,Bored,Phantom,Glowrift Hat Red
7169,,Void Black,Gray,Glowrift T Red,Grin,Angry,
7170,,Void Black,Golden Brown,Leather Jacket,Grin,Closed,Glowrift Hat Red
7171,Silver Hoop,Void Black,Blue,Work Vest,Tongue Out,3d,
7172,Silver Stud,Void Black,Cream,Lumberjack Shirt,Bored Kazoo,Wide Eyed,Fez
7173,,Void Black,Blue,Hawaiian,Grin,Bloodshot,Cowboy Hat
7174,,Void Black,Brown,Guayabera,Bored Unshaven,Wide Eyed,Glowrift Hat Black
7175,,Void Black,Gray,Fossil Necklace,Bored Unshaven,Crazy,Fez
7176,,Void Black,Brown,Toga,Bored Unshaven Cigarette,Heart,Short Mohawk
7177,Gold Stud,Void Black,Brown,,Small Grin,3d,Spinner Hat
7178,,Void Black,Brown,Guayabera,Discomfort,Laser Eyes,Sushi Chef Headband
7179,,Void Black,Pink,Sailor Shirt,Bored,3d,Voyager's Hat
7180,,Void Black,Golden Brown,Sailor Shirt,Phoneme Vuh,Closed,Beanie
7181,Silver Stud,Void Black,Red,Striped Tee,Grin,Sunglasses,Voyager's Hat
7182,,Void Black,Gray,,Bored Unshaven Cigarette,Closed,
7183,,Void Black,Black,Caveman Pelt,Bored Cigarette,Bloodshot,
7184,,Void Black,Golden Brown,Fossil Tee,Bored,Sleepy,
7185,,Void Black,Cheetah,Leather Jacket,Bored,Bored,Bowler
7186,Gold Hoop,Void Black,Black,,Bored,Bored,Crimson Hat
7187,,Void Black,Chromatic,Stunt Jacket,Tongue Out,Angry,Horns
7188,,Void Black,Phantom,Wool Turtleneck,Dumbfounded,Wide Eyed,Bunny Ears
7189,,Void Black,White,Tanktop,Bored Pipe,Heart,S&m Hat
7190,,Void Black,Cheetah,,Bored,Angry,Voyager's Hat
7191,,Void Black,Cheetah,Rainbow Suspenders,Phoneme ooo,Closed,Voyager's Hat
7192,Gold Hoop,Void Black,Tan,Bandolier,Bored Cigarette,Bored,
7193,Silver Stud,Void Black,Black,Sleeveless T,Grin,Bored,Shadow Hat
7194,,Void Black,Chrome,,Phoneme Oh,Coins,Faux Hawk
7195,,Void Black,Void Bot,Hawaiian,Bored,Bloodshot,Patrol Motorcycle Helmet
7196,,Void Black,Brown,,Bored Unshaven,Closed,Stuntman Helmet
7197,Gold Hoop,Void Black,Chrome,,Bored Unshaven,Scumbag,Sky Captain's Hat
7198,,Void Black,Brown,Pimp Coat,Dumbfounded,Phantom,Crimson Hat
7199,Silver Stud,Void Black,White,Fossil Tee,Bored Unshaven,Closed,Vietnam Era Helmet
7200,,Void Black,Brown,Black T,Bored Unshaven,3d,
7201,,Void Black,Gray,Tie Dye,Bored Cigarette,Coins,Short Mohawk
7202,,Void Black,Brown,Blue Dress,Bored Unshaven,Angry,Halo
7203,,Void Black,Phantom,,Bored Unshaven,3d,Beanie
7204,,Void Black,Cheetah,Tuxedo Tee,Phoneme Vuh,3d,Bowler
7205,,Void Black,Brown,Black T,Bored,Wide Eyed,Sky Captain's Hat
7206,,Void Black,Black,Sleeveless T,Grin,Sleepy,Horns
7207,,Void Black,Noise,,Bored Cigarette,Angry,Bowler
7208,,Void Black,Phantom,,Bored,Bored,
7209,,Void Black,Golden Brown,Prison Jumpsuit,Dumbfounded,Closed,Fisherman's Hat
7210,Silver Hoop,Void Black,Blue,Caveman Pelt,Bored Unshaven,Bloodshot,Beanie
7211,Silver Hoop,Void Black,Brown,Caveman Pelt,Bored Unshaven,Bored,
7212,,Void Black,Cream,,Bored,Wide Eyed,Halo
7213,,Void Black,Cream,Tanktop,Bored,Hypnotized,Beanie
7214,,Void Black,Cheetah,,Bored,Chrome,Fisherman's Hat
7215,Silver Stud,Void Black,Blue,Sleeveless T,Bored,Coins,Glowrift Hat Black
7216,Silver Hoop,Void Black,Dark Brown,Bandolier,Small Grin,Phantom,Fisherman's Hat
7217,,Void Black,Brown,Navy Striped Tee,Bored Bubblegum,Wide Eyed,Bowler
7218,Cross,Void Black,Dark Brown,Black T,Small Grin,Coins,Horns
7219,,Void Black,Dark Brown,Navy Striped Tee,Bored,Blindfold,
7220,,Void Black,Red,Fossil Tee,Bored,Chrome,Beanie
7221,,Void Black,Gray,Fossil Tee,Bored Cigarette,Bored,Beanie
7222,,Void Black,Brown,Glowrift T Black,Phoneme L,Bored,Party Hat 1
7223,,Void Black,Golden Brown,,Bored Unshaven,Coins,S&m Hat
7224,Silver Hoop,Void Black,Black,Sleeveless Logo T,Bored Cigar,Closed,
7225,,Void Black,Pink,Black T,Bored,Bored,Beanie
7226,,Void Black,Tan,,Grin,3d,Sky Captain's Hat
7227,,Void Black,Cheetah,Hip Hop,Bored Cigarette,Phantom,Fez
7228,,Void Black,Chromatic,Admirals Coat,Small Grin,Bored,Patrol Motorcycle Helmet
7229,,Void Black,Dark Brown,Striped Tee,Grin,Wide Eyed,Fez
7230,,Void Black,Dark Brown,,Dumbfounded,Closed,Spinner Hat
7231,,Void Black,Dark Brown,Black T,Bored Unshaven,Crazy,
7232,,Void Black,Cheetah,,Bored Unshaven,Closed,Glowrift Hat Black
7233,,Void Black,Brown,Black T,Bored Unshaven Pipe,Bored,
7234,,Void Black,Red,Toga,Bored Unshaven,Crazy,
7235,,Void Black,Tan,,Bored Unshaven,Eyepatch,Ww2 Pilot Helm
7236,Cross,Void Black,Tan,Void Rift T,Bored Cigarette,Coins,Safari
7237,Silver Hoop,Void Black,Gray,Stunt Jacket,Bored,Bloodshot,Fez
7238,,Void Black,Golden Brown,,Bored Cigarette,Coins,Crimson Hat
7239,,Void Black,Brown,Puffy Vest,Phoneme Oh,Sleepy,
7240,,Void Black,Pink,Glowrift T Black,Bored,Sleepy,Glowrift Hat Black
7241,Gold Stud,Void Black,Brown,Leather Jacket,Bored Unshaven,Sad,S&m Hat
7242,,Void Black,Dark Brown,Smoking Jacket,Bored,Bored,
7243,,Void Black,Noise,Toga,Bored,Heart,
7244,,Void Black,Cream,Tie Dye,Bored Unshaven Dagger,3d,Voyager's Hat
7245,,Void Black,Dark Brown,,Phoneme Oh,Bored,Shadow Hat
7246,,Void Black,Cheetah,Lumberjack Shirt,Grin Diamond Grill,3d,Beanie
7247,Silver Stud,Void Black,Gray,Guayabera,Bored Unshaven,Coins,
7248,,Void Black,Cheetah,Caveman Pelt,Phoneme L,Closed,Patrol Motorcycle Helmet
7249,,Void Black,Black,,Tongue Out,Bored,Halo
7250,,Void Black,White,Hawaiian,Bored Unshaven Cigarette,Angry,Safari
7251,,Void Black,Brown,Fossil Tee,Bored Unshaven,Sleepy,Fisherman's Hat
7252,,Void Black,Phantom,Vietnam Jacket,Grin Diamond Grill,Bored,
7253,,Void Black,Cream,Smoking Jacket,Bored Unshaven Pizza,Closed,Party Hat 2
7254,,Void Black,Brown,Smoking Jacket,Bored Pipe,Bored,
7255,,Void Black,Brown,Tanktop,Bored,Sad,
7256,,Void Black,Dark Brown,,Bored Dagger,X Eyes,Shadow Hat
7257,,Void Black,Blue,,Phoneme L,Hypnotized,
7258,,Void Black,Phantom,Toga,Bored Unshaven,Crazy,Crimson Hat
7259,,Void Black,Red,Striped Tee,Bored Party Horn,Sunglasses,Irish Boho
7260,Silver Stud,Void Black,Tan,Service,Grin Gold Grill,Bored,
7261,,Void Black,Cream,Stunt Jacket,Bored,Bloodshot,
7262,,Void Black,Dark Brown,Navy Striped Tee,Phoneme L,Bored,Faux Hawk
7263,,Void Black,Tan,Black T,Phoneme Vuh,Chrome,Chromatic Captain's Hat
7264,,Void Black,Dark Brown,,Bored,Sad,Stuntman Helmet
7265,Gold Stud,Void Black,White,Tie Dye,Bored Unshaven Pizza,Heart,Voyager's Hat
7266,Gold Stud,Void Black,Chrome,Rainbow Suspenders,Bored Unshaven,Bored,
7267,Silver Stud,Void Black,Golden Brown,Rainbow Suspenders,Bored Unshaven,Closed,Bandana Blue
7268,,Void Black,Black,Striped Tee,Bored Dagger,Bored,Safari
7269,,Void Black,Cream,Smoking Jacket,Bored,Heart,
7270,,Void Black,Dark Brown,Fossil Necklace,Jovial,Bored,S&m Hat
7271,,Void Black,Cream,Glowrift T Red,Bored,Closed,Glowrift Hat Red
7272,,Void Black,Void Bot,Biker Vest,Bored Pipe,3d,Girl's Hair Short
7273,,Void Black,Cheetah,Fossil Necklace,Bored Unshaven,Sleepy,
7274,,Void Black,Black,Tanktop,Bored,Chrome,Sushi Chef Headband
7275,Gold Stud,Void Black,Pink,Tie Dye,Bored,Wide Eyed,Glowrift Flipped Brim
7276,,Void Black,Cheetah,Toga,Bored,Hypnotized,
7277,,Void Black,Cheetah,Sleeveless Logo T,Bored,Bored,Vietnam Era Helmet
7278,,Void Black,Cream,Vietnam Jacket,Bored Pipe,Crazy,S&m Hat
7279,Silver Stud,Void Black,Brown,Vietnam Jacket,Bored,3d,
7280,Gold Hoop,Void Black,Black,Hawaiian,Bored,Bloodshot,
7281,,Void Black,Brown,Fossil Tee,Bored Unshaven Cigarette,Angry,Patrol Motorcycle Helmet
7282,,Void Black,Red,Hawaiian,Grin Gold Grill,Phantom,Spinner Hat
7283,,Void Black,Dark Brown,Navy Striped Tee,Grin,Bored,Fisherman's Hat
7284,Silver Hoop,Void Black,Cream,Hip Hop,Bored Unshaven,Sleepy,Irish Boho
7285,,Void Black,Dark Brown,Striped Tee,Bored Party Horn,Phantom,Bowler
7286,,Void Black,Brown,Leather Spectrum Jacket,Grin,X Eyes,Party Hat 2
7287,,Void Black,Pink,,Small Grin,Crazy,
7288,,Void Black,White,Glowrift T Red,Bored Unshaven,3d,
7289,,Void Black,Tan,,Rage,Chrome,Girl's Hair Pink
7290,,Void Black,Tan,Tanktop,Bored Unshaven,Eyepatch,Glowrift Hat Black
7291,,Void Black,Brown,Fossil Tee,Phoneme ooo,Sad,Patrol Motorcycle Helmet
7292,,Void Black,Brown,Wool Turtleneck,Phoneme Vuh,Sleepy,Short Mohawk
7293,,Void Black,White,Sleeveless T,Bored Unshaven Pipe,Bloodshot,
7294,,Void Black,Brown,Smoking Jacket,Grin,Chrome,Bandana Blue
7295,,Void Black,Black,Tanktop,Bored Unshaven,Phantom,Patrol Motorcycle Helmet
7296,Silver Stud,Void Black,Red,,Bored,Wide Eyed,
7297,Silver Hoop,Void Black,Blue,Lab Coat,Bored Bubblegum,Sleepy,Cowboy Hat
7298,,Void Black,Cheetah,Smoking Jacket,Bored Unshaven Cigarette,Bloodshot,Party Hat 2
7299,,Void Black,Blue,Smoking Jacket,Bored Cigarette,X Eyes,
7300,,Void Black,Tan,Glowrift T Red,Bored Unshaven,Chrome,Safari
7301,,Void Black,Red,,Bored Unshaven,Coins,Glowrift Flipped Brim
7302,,Void Black,Golden Brown,Sleeveless T,Bored Cigarette,Heart,
7303,,Void Black,Dark Brown,Navy Striped Tee,Bored Unshaven Party horn,Closed,Ww2 Pilot Helm
7304,,Void Black,Black,Pimp Coat,Bored Unshaven,Sleepy,Girl's Hair Short
7305,,Void Black,Pink,Guayabera,Bored,Crazy,
7306,,Void Black,Brown,,Bored,Bored,Cowboy Hat
7307,,Void Black,Golden Brown,Toga,Dumbfounded,Bored,Baby's Bonnet
7308,,Void Black,Black,Sailor Shirt,Discomfort,Crazy,
7309,Silver Stud,Void Black,Golden Brown,,Bored Cigar,Closed,Spinner Hat
7310,,Void Black,Brown,,Tongue Out,Bloodshot,Laurel Wreath
7311,,Void Black,Chrome,Service,Bored Unshaven,Heart,
7312,Gold Hoop,Void Black,Brown,Tuxedo Tee,Phoneme Vuh,Bored,Prussian Helmet
7313,Silver Hoop,Void Black,Phantom,Toga,Dumbfounded,Coins,
7314,,Void Black,Black,,Bored Unshaven,Prismatic,Spinner Hat
7315,Gold Stud,Void Black,Brown,Striped Tee,Bored,Chrome,Short Mohawk
7316,,Void Black,Cream,Fossil Tee,Bored,Phantom,Spinner Hat
7317,,Void Black,Black,,Jovial,Sad,
7318,,Void Black,Brown,,Bored,Coins,Fisherman's Hat
7319,Cross,Void Black,White,,Dumbfounded,Bloodshot,Shadow Hat
7320,,Void Black,Dark Brown,,Grin,Wide Eyed,Party Hat 2
7321,Gold Stud,Void Black,Red,Tie Dye,Phoneme L,Scumbag,Crimson Hat
7322,,Void Black,Blue,Tanktop,Phoneme ooo,Bored,Beanie
7323,,Void Black,Brown,Black T,Grin,Closed,Shadow Hat
7324,,Void Black,Brown,Glowrift T Black,Bored,Angry,Ww2 Pilot Helm
7325,,Void Black,Black,,Bored,Blindfold,Shadow Hat
7326,,Void Black,Golden Brown,Bandolier,Bored,3d,Sky Captain's Hat
7327,,Void Black,Noise,Rainbow Suspenders,Bored Unshaven,Eyepatch,Baby's Bonnet
7328,Gold Hoop,Void Black,Cream,Leather Jacket,Bored,Eyepatch,Laurel Wreath
7329,Silver Hoop,Void Black,Brown,,Bored,Sunglasses,Voyager's Hat
7330,Silver Hoop,Void Black,Black,,Bored,Crazy,
7331,Silver Hoop,Void Black,Brown,Lab Coat,Bored Unshaven,Sleepy,Vietnam Era Helmet
7332,,Void Black,White,,Small Grin,Wide Eyed,Cowboy Hat
7333,,Void Black,Brown,Service,Phoneme L,Blindfold,
7334,,Void Black,Golden Brown,Hawaiian,Bored,Neonborg,Sushi Chef Headband
7335,,Void Black,Dark Brown,Prison Jumpsuit,Bored Unshaven,Bored,Short Mohawk
7336,,Void Black,Dark Brown,Tuxedo Tee,Bored,Bloodshot,
7337,,Void Black,Pink,,Grin Diamond Grill,Crazy,Horns
7338,Gold Stud,Void Black,Blue,Tie Dye,Rage,Wide Eyed,Glowrift Hat Black
7339,,Void Black,Black,Void Rift T,Bored Unshaven,Angry,
7340,,Void Black,Dark Brown,Wool Turtleneck,Phoneme Vuh,Wide Eyed,Vietnam Era Helmet
7341,Cross,Void Black,Dark Brown,,Bored,Bloodshot,Crimson Hat
7342,,Void Black,Tan,,Phoneme Vuh,Phantom,
7343,,Void Black,Phantom,Glowrift T Black,Dumbfounded,Sad,Faux Hawk
7344,,Void Black,Noise,Hip Hop,Grin Gold Grill,Sleepy,Shadow Hat
7345,,Void Black,Golden Brown,,Bored Unshaven Party horn,Laser Eyes,Party Hat 2
7346,,Void Black,Dmt,Rainbow Suspenders,Grin,Wide Eyed,Fisherman's Hat
7347,Silver Hoop,Void Black,Brown,Tanktop,Phoneme Vuh,Bloodshot,Glowrift Flipped Brim
7348,,Void Black,Cream,,Bored Unshaven,Bored,Bowler
7349,Gold Hoop,Void Black,Golden Brown,Stunt Jacket,Bored Cigarette,Bored,
7350,Gold Hoop,Void Black,Brown,Biker Vest,Bored Cigarette,Bloodshot,Irish Boho
7351,,Void Black,Phantom,Tanktop,Phoneme Oh,3d,Voyager's Hat
7352,,Void Black,Noise,Biker Vest,Grin,Bloodshot,Fez
7353,Silver Hoop,Void Black,Cream,Wool Turtleneck,Bored Unshaven,Bloodshot,Beanie
7354,Silver Hoop,Void Black,Brown,Wool Turtleneck,Dumbfounded,Phantom,Beanie
7355,,Void Black,Dark Brown,,Bored Unshaven,3d,Laurel Wreath
7356,,Void Black,Cheetah,Cowboy Shirt,Bored,Heart,Voyager's Hat
7357,,Void Black,White,,Bored Unshaven Cigarette,Blindfold,Halo
7358,,Void Black,White,Bandolier,Bored Cigar,Sad,Fisherman's Hat
7359,,Void Black,Red,Space Suit,Bored,Sleepy,Patrol Motorcycle Helmet
7360,,Void Black,Cheetah,Smoking Jacket,Grin,3d,
7361,,Void Black,Phantom,,Dumbfounded,Bored,Shadow Hat
7362,Silver Stud,Void Black,Dark Brown,Navy Striped Tee,Bored,3d,Beanie
7363,Diamond Stud,Void Black,Chrome,Hawaiian,Bored Unshaven,Scumbag,Party Hat 1
7364,,Void Black,Brown,Black T,Small Grin,Sleepy,Stuntman Helmet
7365,Silver Hoop,Void Black,Void Bot,Navy Striped Tee,Grin,Sleepy,Girl's Hair Short
7366,,Void Black,Tan,Guayabera,Bored Unshaven,Closed,Ww2 Pilot Helm
7367,Silver Hoop,Void Black,Cheetah,Prison Jumpsuit,Bored Unshaven Pipe,Bored,Fez
7368,Silver Hoop,Void Black,Brown,Black T,Bored Unshaven,X Eyes,Cowboy Hat
7369,,Void Black,Brown,Guayabera,Bored Unshaven,Sad,Fez
7370,,Void Black,Cream,,Phoneme Wah,X Eyes,Ww2 Pilot Helm
7371,,Void Black,Dark Brown,Striped Tee,Jovial,Sunglasses,Faux Hawk
7372,,Void Black,Tan,Blue Dress,Bored Cigarette,Sunglasses,S&m Hat
7373,,Void Black,Tan,,Bored,Coins,Fez
7374,,Void Black,Golden Brown,,Bored,Bored,Beanie
7375,Gold Stud,Void Black,Dark Brown,Hawaiian,Discomfort,Chrome,Beanie
7376,,Void Black,Dark Brown,,Phoneme Vuh,Chrome,Fisherman's Hat
7377,,Void Black,Golden Brown,Wool Turtleneck,Bored,Bored,Girl's Hair Pink
7378,Silver Stud,Void Black,Tan,Vietnam Jacket,Bored,Wide Eyed,Voyager's Hat
7379,Diamond Stud,Void Black,Dark Brown,Smoking Jacket,Bored,Chrome,Halo
7380,,Void Black,Brown,Hawaiian,Jovial,Coins,Short Mohawk
7381,,Void Black,Brown,Black T,Bored Cigarette,Wide Eyed,King's Crown
7382,,Void Black,Golden Brown,Black T,Dumbfounded,Bloodshot,Voyager's Hat
7383,Gold Hoop,Void Black,Brown,,Bored Cigar,Bloodshot,
7384,,Void Black,Void Bot,Black Suit,Bored,Bored,Sky Captain's Hat
7385,,Void Black,Golden Brown,Fossil Tee,Bored,Closed,
7386,,Void Black,Cheetah,Fossil Necklace,Grin,Bored,Glowrift Hat Red
7387,Silver Hoop,Void Black,Blue,Void Rift T,Bored Cigarette,Bloodshot,Beanie
7388,,Void Black,Black,Lumberjack Shirt,Phoneme L,Wide Eyed,Stuntman Helmet
7389,,Void Black,Brown,Work Vest,Bored Unshaven,Sunglasses,Irish Boho
7390,,Void Black,Cream,Bandolier,Bored,Sleepy,
7391,,Void Black,Brown,,Bored Unshaven Kazoo,Phantom,Fisherman's Hat
7392,,Void Black,Black,Admirals Coat,Grin Gold Grill,Scumbag,Cowboy Hat
7393,Gold Stud,Void Black,Pink,Tie Dye,Bored Unshaven,Sleepy,Glowrift Flipped Brim
7394,,Void Black,Black,Striped Tee,Bored,3d,Beanie
7395,,Void Black,Dark Brown,Sleeveless T,Bored,Crazy,Horns
7396,Silver Stud,Void Black,Noise,,Bored Unshaven,Bloodshot,Voyager's Hat
7397,,Void Black,Red,Puffy Vest,Bored Unshaven,Bored,Crimson Hat
7398,Silver Hoop,Void Black,Radiant Gold,Sleeveless T,Bored Unshaven,Angry,Glowrift Flipped Brim
7399,,Void Black,Brown,Smoking Jacket,Bored Unshaven,Bored,Beanie
7400,,Void Black,Black,Sleeveless T,Bored,Chrome,Cowboy Hat
7401,,Void Black,Void Bot,Tweed Suit,Phoneme L,Bored,Sushi Chef Headband
7402,,Void Black,Black,Hip Hop,Bored,Angry,Spinner Hat
7403,Silver Hoop,Void Black,Chromatic,,Phoneme Wah,Angry,Faux Hawk
7404,,Void Black,Tan,Fossil Necklace,Dumbfounded,Closed,S&m Hat
7405,,Void Black,Blue,Tweed Suit,Rage,Bored,Glowrift Hat Red
7406,,Void Black,Pink,Navy Striped Tee,Dumbfounded,Eyepatch,Beanie
7407,,Void Black,Brown,,Bored Unshaven,Bored,Beanie
7408,,Void Black,Pink,Tuxedo Tee,Phoneme Oh,Bloodshot,Fez
7409,,Void Black,Tan,Prison Jumpsuit,Rage,Bored,
7410,,Void Black,Golden Brown,,Bored Unshaven,Bored,Beanie
7411,Silver Stud,Void Black,Brown,Lumberjack Shirt,Bored Unshaven Cigarette,Heart,Beanie
7412,,Void Black,Tan,Guayabera,Phoneme Vuh,Bored,Short Mohawk
7413,,Void Black,Black,Glowrift T Red,Rage,Sleepy,
7414,,Void Black,Brown,,Grin,Sunglasses,Chromatic Captain's Hat
7415,,Void Black,Red,Biker Vest,Bored Unshaven Cigarette,Bloodshot,Vietnam Era Helmet
7416,,Void Black,Brown,,Bored,Bored,Horns
7417,,Void Black,Dark Brown,,Bored,Bored,Fisherman's Hat
7418,,Void Black,Cream,Toga,Bored,Angry,Cowboy Hat
7419,,Void Black,Golden Brown,Wool Turtleneck,Bored,Bored,Horns
7420,,Void Black,Dark Brown,Smoking Jacket,Bored Unshaven,Scumbag,Voyager's Hat
7421,,Void Black,Black,Work Vest,Bored,Blindfold,Crimson Hat
7422,,Void Black,Blue,Fossil Tee,Bored,Sleepy,Fez
7423,,Void Black,Brown,Hip Hop,Bored Unshaven,Wide Eyed,Irish Boho
7424,,Void Black,Black,Puffy Vest,Bored Unshaven,Bloodshot,
7425,,Void Black,Dark Brown,Lab Coat,Bored,Closed,Halo
7426,,Void Black,Brown,Black T,Bored Unshaven,Wide Eyed,Horns
7427,,Void Black,Dark Brown,Black T,Bored,Neonborg,Vietnam Era Helmet
7428,,Void Black,Dark Brown,,Phoneme L,Wide Eyed,Crimson Hat
7429,,Void Black,Golden Brown,Void Rift T,Tongue Out,Bloodshot,Safari
7430,,Void Black,Cream,Hawaiian,Rage,Chrome,Faux Hawk
7431,,Void Black,Dark Brown,Wool Turtleneck,Bored Unshaven,Bloodshot,Girl's Hair Pink
7432,,Void Black,Noise,Hawaiian,Bored,Eyepatch,
7433,Gold Stud,Void Black,Black,Tie Dye,Grin,Heart,Voyager's Hat
7434,,Void Black,Chrome,Tanktop,Bored,Coins,Short Mohawk
7435,,Void Black,Golden Brown,Hawaiian,Small Grin,Eyepatch,Cowboy Hat
7436,,Void Black,Dark Brown,Puffy Vest,Bored Unshaven,Bored,Glowrift Hat Black
7437,,Void Black,Brown,Bandolier,Bored,Sleepy,Glowrift Hat Black
7438,,Void Black,Blue,Navy Striped Tee,Tongue Out,Phantom,Shadow Hat
7439,,Void Black,Brown,,Small Grin,Bored,
7440,,Void Black,Gray,Lumberjack Shirt,Bored,Sad,Irish Boho
7441,,Void Black,Dark Brown,Puffy Vest,Bored Unshaven,Laser Eyes,Bunny Ears
7442,,Void Black,Black,Puffy Vest,Phoneme Vuh,Bloodshot,Halo
7443,,Void Black,Black,,Bored Bubblegum,3d,Chromatic Captain's Hat
7444,,Void Black,Cheetah,Tie Dye,Grin,Sad,
7445,,Void Black,Brown,Hawaiian,Phoneme Vuh,Coins,Halo
7446,,Void Black,Gray,Kings Robe,Bored,Scumbag,Short Mohawk
7447,,Void Black,Pink,Glowrift T Black,Bored Unshaven Cigarette,Blindfold,
7448,,Void Black,Brown,Tie Dye,Bored,Bored,Party Hat 1
7449,Cross,Void Black,Blue,Guayabera,Bored Dagger,Eyepatch,Voyager's Hat
7450,,Void Black,Cream,Pimp Coat,Bored Party Horn,3d,Voyager's Hat
7451,Silver Hoop,Void Black,Brown,Smoking Jacket,Bored Unshaven Bubblegum,Bloodshot,
7452,Silver Hoop,Void Black,White,Fossil Necklace,Bored,Bloodshot,Crimson Hat
7453,,Void Black,Black,,Bored,Chrome,
7454,,Void Black,Tan,Fossil Necklace,Phoneme L,Bloodshot,Halo
7455,Silver Stud,Void Black,Black,Sailor Shirt,Bored,Wide Eyed,Fisherman's Hat
7456,Gold Stud,Void Black,Brown,Void Rift T,Bored Cigar,Eyepatch,Spinner Hat
7457,Silver Hoop,Void Black,Gray,Fossil Necklace,Bored Unshaven Cigar,Bloodshot,
7458,,Void Black,Dark Brown,Bandolier,Bored,Angry,Bunny Ears
7459,,Void Black,Dark Brown,Space Suit,Discomfort,Wide Eyed,
7460,Silver Stud,Void Black,Pink,Lab Coat,Bored Unshaven,Hypnotized,Bowler
7461,Gold Stud,Void Black,Chrome,Wool Turtleneck,Phoneme Oh,Chrome,
7462,Gold Stud,Void Black,Pink,,Grin Gold Grill,Sad,Faux Hawk
7463,Silver Stud,Void Black,White,Puffy Vest,Grin,Sunglasses,
7464,,Void Black,Chrome,,Grin Diamond Grill,Bored,Voyager's Hat
7465,,Void Black,Black,Biker Vest,Rage,Bloodshot,Safari
7466,,Void Black,Tan,Tanktop,Phoneme Vuh,Bloodshot,Glowrift Hat Black
7467,Silver Hoop,Void Black,Golden Brown,Admirals Coat,Bored,Bored,Glowrift Hat Black
7468,Silver Stud,Void Black,Dark Brown,,Bored Unshaven,Hypnotized,Crimson Hat
7469,Silver Stud,Void Black,Red,Sleeveless T,Bored Unshaven Pipe,Bored,Short Mohawk
7470,,Void Black,Cream,Stunt Jacket,Grin,3d,Glowrift Flipped Brim
7471,,Void Black,Blue,Wool Turtleneck,Phoneme Oh,Chrome,Beanie
7472,Silver Stud,Void Black,White,Wool Turtleneck,Grin,Sunglasses,Vietnam Era Helmet
7473,,Void Black,White,,Bored,Bloodshot,Voyager's Hat
7474,Silver Hoop,Void Black,Dark Brown,,Grin,Bloodshot,Chromatic Captain's Hat
7475,,Void Black,Chrome,Glowrift T Black,Dumbfounded,X Eyes,Shadow Hat
7476,,Void Black,Golden Brown,Leather Jacket,Phoneme Wah,Bored,Spinner Hat
7477,Silver Stud,Void Black,Black,Smoking Jacket,Bored Unshaven Bubblegum,Wide Eyed,Girl's Hair Short
7478,Gold Hoop,Void Black,Cheetah,Black Suit,Bored Unshaven,Sunglasses,Crimson Hat
7479,,Void Black,Gray,Black T,Bored,Heart,Bunny Ears
7480,,Void Black,Tan,Biker Vest,Bored Cigarette,Closed,Irish Boho
7481,,Void Black,Golden Brown,Work Vest,Bored Unshaven,Coins,Bandana Blue
7482,,Void Black,Black,Prison Jumpsuit,Grin Multicolored,Bloodshot,King's Crown
7483,,Void Black,Black,Smoking Jacket,Bored,Crazy,Party Hat 1
7484,,Void Black,Pink,Work Vest,Bored,Coins,Beanie
7485,,Void Black,Brown,,Dumbfounded,Blue Beams,Party Hat 2
7486,,Void Black,Dmt,Hawaiian,Bored Pizza,Chrome,Fisherman's Hat
7487,,Void Black,Blue,Fossil Tee,Bored Unshaven Cigarette,Sleepy,
7488,,Void Black,Tan,Work Vest,Grin Multicolored,Hypnotized,Glowrift Hat Black
7489,,Void Black,White,Space Suit,Bored Bubblegum,Bloodshot,Glowrift Hat Black
7490,Gold Stud,Void Black,Cream,Space Suit,Dumbfounded,X Eyes,
7491,,Void Black,Black,Puffy Vest,Bored,X Eyes,Fez
7492,,Void Black,Golden Brown,Stunt Jacket,Bored Unshaven,Sleepy,Bowler
7493,,Void Black,Cream,Striped Tee,Discomfort,Sad,Voyager's Hat
7494,Silver Stud,Void Black,White,,Grin Multicolored,3d,
7495,Cross,Void Black,Dmt,Wool Turtleneck,Bored Dagger,Neonborg,Irish Boho
7496,,Void Black,Black,Lumberjack Shirt,Discomfort,3d,
7497,,Void Black,Cheetah,Smoking Jacket,Bored,Blindfold,Baby's Bonnet
7498,,Void Black,Brown,Biker Vest,Bored Unshaven Cigarette,Bloodshot,Cowboy Hat
7499,,Void Black,Blue,Work Vest,Dumbfounded,Coins,Sushi Chef Headband
7500,Silver Stud,Void Black,Black,Leather Jacket,Phoneme Wah,Coins,Bunny Ears
7501,Silver Hoop,Void Black,Phantom,Glowrift T Black,Bored,Neonborg,Fez
7502,,Void Black,Brown,,Bored Cigarette,Sad,Short Mohawk
7503,,Void Black,Cream,Toga,Bored Unshaven,Bored,Fez
7504,Gold Stud,Void Black,Tan,Lumberjack Shirt,Phoneme Vuh,Wide Eyed,Fez
7505,,Void Black,Golden Brown,Sailor Shirt,Grin,Bored,Fisherman's Hat
7506,Silver Hoop,Void Black,Red,,Bored Unshaven,Chrome,Glowrift Hat Black
7507,,Void Black,Golden Brown,Lab Coat,Bored Unshaven Cigarette,Laser Eyes,Cowboy Hat
7508,,Void Black,Cheetah,Tweed Suit,Bored Dagger,Phantom,Safari
7509,,Void Black,Cream,Black T,Bored,Crazy,Sky Captain's Hat
7510,Silver Stud,Void Black,Chromatic,Wool Turtleneck,Bored,Coins,Crimson Hat
7511,Gold Stud,Void Black,Blue,,Bored,Scumbag,Beanie
7512,,Void Black,Tan,,Bored Cigarette,Sleepy,Girl's Hair Pink
7513,Gold Hoop,Void Black,Dmt,,Bored,3d,
7514,,Void Black,Tan,Tuxedo Tee,Bored Unshaven,Blindfold,
7515,,Void Black,Black,Smoking Jacket,Bored Cigarette,Sleepy,Baby's Bonnet
7516,Gold Stud,Void Black,Brown,Tanktop,Bored Unshaven Pipe,Bored,
7517,,Void Black,Black,Black T,Phoneme Vuh,3d,
7518,Silver Hoop,Void Black,Dark Brown,Black T,Grin,Sunglasses,Glowrift Flipped Brim
7519,Silver Hoop,Void Black,Dmt,Hawaiian,Bored Cigarette,Bloodshot,Horns
7520,,Void Black,White,Bandolier,Grin,Angry,Sky Captain's Hat
7521,,Void Black,Golden Brown,Sailor Shirt,Grin Multicolored,Crazy,Shadow Hat
7522,,Void Black,Black,Fossil Tee,Bored Unshaven,Bored,Short Mohawk
7523,Gold Stud,Void Black,Phantom,Navy Striped Tee,Grin,Bloodshot,Sky Captain's Hat
7524,,Void Black,Brown,,Bored Cigarette,Sleepy,
7525,,Void Black,Cheetah,Work Vest,Bored,Bloodshot,Vietnam Era Helmet
7526,,Void Black,Red,Sleeveless T,Bored,Blindfold,
7527,,Void Black,Radiant Gold,Hawaiian,Bored,Sad,Sky Captain's Hat
7528,Silver Hoop,Void Black,Dmt,,Bored Unshaven Cigarette,Coins,Short Mohawk
7529,,Void Black,Dark Brown,Lab Coat,Dumbfounded,Bored,Short Mohawk
7530,,Void Black,Black,Guayabera,Phoneme Wah,Angry,Ww2 Pilot Helm
7531,,Void Black,White,,Bored Unshaven,Wide Eyed,
7532,Gold Hoop,Void Black,Brown,Striped Tee,Grin,Wide Eyed,Chromatic Captain's Hat
7533,,Void Black,Dark Brown,Guayabera,Bored Cigarette,Bored,
7534,,Void Black,Black,Bandolier,Bored Unshaven Bubblegum,3d,Spinner Hat
7535,,Void Black,Pink,Work Vest,Dumbfounded,X Eyes,Shadow Hat
7536,Gold Hoop,Void Black,Red,Toga,Phoneme Oh,Heart,Fisherman's Hat
7537,,Void Black,Brown,Bandolier,Bored,Closed,Patrol Motorcycle Helmet
7538,,Void Black,Chrome,Glowrift T Black,Grin,Wide Eyed,Vietnam Era Helmet
7539,Diamond Stud,Void Black,Golden Brown,Sailor Shirt,Bored Kazoo,Crazy,S&m Hat
7540,Silver Stud,Void Black,Blue,Striped Tee,Tongue Out,Bloodshot,Shadow Hat
7541,,Void Black,Red,Striped Tee,Bored,Scumbag,S&m Hat
7542,Silver Hoop,Void Black,Cream,Tweed Suit,Bored,Bored,Crimson Hat
7543,,Void Black,Black,Bandolier,Bored Cigarette,Bloodshot,
7544,,Void Black,Brown,Guayabera,Bored,Coins,
7545,,Void Black,Dark Brown,Work Vest,Bored Unshaven,Bloodshot,Sushi Chef Headband
7546,Silver Hoop,Void Black,Cheetah,,Bored Unshaven,3d,Safari
7547,Silver Stud,Void Black,Black,Smoking Jacket,Bored Unshaven,Coins,Party Hat 2
7548,,Void Black,Blue,Lab Coat,Bored Unshaven Cigarette,Wide Eyed,
7549,,Void Black,White,Bandolier,Jovial,Bored,Girl's Hair Short
7550,,Void Black,Black,Guayabera,Rage,Angry,Faux Hawk
7551,Silver Hoop,Void Black,Brown,Sleeveless T,Bored,Blindfold,Glowrift Hat Black
7552,,Void Black,Red,Prison Jumpsuit,Bored,Sleepy,Short Mohawk
7553,,Void Black,Gray,Lab Coat,Bored,Phantom,Chromatic Captain's Hat
7554,,Void Black,Tan,Vietnam Jacket,Dumbfounded,Sleepy,Bunny Ears
7555,Silver Hoop,Void Black,Dark Brown,Work Vest,Bored Unshaven,Bored,
7556,,Void Black,Gray,Hawaiian,Small Grin,Bored,Voyager's Hat
7557,Silver Hoop,Void Black,Brown,Prom Dress,Dumbfounded,Sad,Irish Boho
7558,,Void Black,Tan,Service,Bored,Bored,
7559,Silver Stud,Void Black,Cheetah,Kings Robe,Bored,Prismatic,
7560,,Void Black,Black,Striped Tee,Bored Cigarette,Coins,Spinner Hat
7561,,Void Black,Black,Sailor Shirt,Bored,Wide Eyed,Horns
7562,,Void Black,Brown,Cowboy Shirt,Grin,Phantom,Vietnam Era Helmet
7563,,Void Black,Cream,Biker Vest,Dumbfounded,Sunglasses,Crimson Hat
7564,Gold Stud,Void Black,Dark Brown,Stunt Jacket,Grin,Eyepatch,Safari
7565,,Void Black,Black,Wool Turtleneck,Bored Unshaven Dagger,Chrome,S&m Hat
7566,Silver Hoop,Void Black,Red,Fossil Necklace,Bored,Wide Eyed,Fisherman's Hat
7567,Silver Stud,Void Black,Red,Service,Phoneme Vuh,Crazy,
7568,,Void Black,Phantom,Navy Striped Tee,Bored Cigar,Crazy,
7569,,Void Black,White,Guayabera,Bored Unshaven,Scumbag,
7570,,Void Black,Golden Brown,,Bored,Bloodshot,Fisherman's Hat
7571,,Void Black,Tan,Stunt Jacket,Phoneme Oh,Sleepy,
7572,,Void Black,White,Sailor Shirt,Bored Unshaven Cigarette,Sad,Sky Captain's Hat
7573,Silver Hoop,Void Black,Pink,Wool Turtleneck,Discomfort,Bored,Glowrift Hat Red
7574,,Void Black,Brown,Caveman Pelt,Bored Pipe,Eyepatch,Spinner Hat
7575,,Void Black,Black,Sleeveless T,Bored Unshaven,Sleepy,Prussian Helmet
7576,,Void Black,Chrome,Hawaiian,Bored Unshaven Cigarette,Neonborg,Party Hat 1
7577,,Void Black,Brown,,Bored,Chrome,Halo
7578,Gold Hoop,Void Black,Brown,Glowrift T Red,Rage,Angry,Crimson Hat
7579,,Void Black,Brown,Cowboy Shirt,Jovial,Hypnotized,Glowrift Flipped Brim
7580,Silver Hoop,Void Black,Blue,Sailor Shirt,Bored,Eyepatch,Crimson Hat
7581,Gold Hoop,Void Black,Brown,Admirals Coat,Bored Cigarette,3d,Chromatic Captain's Hat
7582,,Void Black,Cheetah,Cowboy Shirt,Bored Dagger,3d,Shadow Hat
7583,,Void Black,Tan,Leather Spectrum Jacket,Grin,Bloodshot,Vietnam Era Helmet
7584,,Void Black,Red,Hawaiian,Small Grin,Scumbag,Glowrift Hat Black
7585,Silver Stud,Void Black,Black,Lumberjack Shirt,Tongue Out,Bored,Crimson Hat
7586,,Void Black,Brown,Cowboy Shirt,Bored,Bloodshot,Bandana Blue
7587,,Void Black,Red,,Jovial,Sleepy,Glowrift Hat Red
7588,Silver Stud,Void Black,Pink,Tanktop,Bored Unshaven,Chrome,Sky Captain's Hat
7589,,Void Black,Tan,Biker Vest,Bored,Bored,Chromatic Captain's Hat
7590,Silver Stud,Void Black,Cheetah,Glowrift T Black,Phoneme L,Hypnotized,Beanie
7591,,Void Black,Black,Biker Vest,Grin,Blue Beams,Halo
7592,,Void Black,Gray,Hip Hop,Bored Unshaven Cigarette,Chrome,Stuntman Helmet
7593,,Void Black,White,Hawaiian,Bored,Sleepy,
7594,,Void Black,Tan,Prison Jumpsuit,Phoneme ooo,Sunglasses,Prussian Helmet
7595,,Void Black,Dark Brown,Sailor Shirt,Bored Unshaven,3d,Safari
7596,,Void Black,Brown,Toga,Bored Unshaven,Bloodshot,
7597,,Void Black,White,Prom Dress,Phoneme L,Scumbag,Beanie
7598,,Void Black,Chrome,Black T,Bored,Closed,Bandana Blue
7599,,Void Black,Black,,Bored Unshaven,Closed,Safari
7600,,Void Black,Dark Brown,Sleeveless T,Bored,Sad,Fez
7601,,Void Black,Red,Biker Vest,Grin,Bored,
7602,,Void Black,Blue,Pimp Coat,Bored Cigar,Sleepy,Baby's Bonnet
7603,,Void Black,Black,Fossil Necklace,Bored Unshaven,Sad,Shadow Hat
7604,,Void Black,Pink,Puffy Vest,Bored Unshaven,Bored,Glowrift Hat Black
7605,Gold Stud,Void Black,Pink,Lab Coat,Bored,Closed,Halo
7606,Silver Hoop,Void Black,Brown,,Bored Unshaven Bubblegum,X Eyes,Sky Captain's Hat
7607,,Void Black,Dark Brown,Vietnam Jacket,Bored Cigarette,Bloodshot,
7608,,Void Black,Dark Brown,Fossil Necklace,Phoneme L,Angry,
7609,,Void Black,Dark Brown,Void Rift T,Dumbfounded,Phantom,King's Crown
7610,,Void Black,Pink,Hip Hop,Tongue Out,Angry,Ww2 Pilot Helm
7611,,Void Black,Void Bot,Work Vest,Bored Bubblegum,Heart,
7612,,Void Black,Gray,,Bored Unshaven Pipe,X Eyes,
7613,,Void Black,Cheetah,Glowrift T Black,Bored,Heart,Bowler
7614,,Void Black,Chrome,Navy Striped Tee,Bored,Bored,
7615,,Void Black,Gray,,Bored Unshaven,3d,Halo
7616,Cross,Void Black,Chromatic,Black T,Bored Pipe,Angry,Cowboy Hat
7617,,Void Black,Red,Sailor Shirt,Grin,Bored,Bunny Ears
7618,,Void Black,Cream,Prom Dress,Bored Unshaven,Bloodshot,
7619,,Void Black,Black,Stunt Jacket,Bored,Closed,Glowrift Hat Red
7620,,Void Black,Cream,,Discomfort,Heart,Glowrift Hat Red
7621,,Void Black,Dmt,Sleeveless Logo T,Bored Unshaven Party horn,Coins,
7622,,Void Black,Tan,,Dumbfounded,Closed,Voyager's Hat
7623,Silver Hoop,Void Black,Golden Brown,Guayabera,Bored,Scumbag,
7624,Diamond Stud,Void Black,Golden Brown,Prison Jumpsuit,Bored,Blindfold,Stuntman Helmet
7625,,Void Black,Dark Brown,Stunt Jacket,Rage,Sad,Baby's Bonnet
7626,,Void Black,Dark Brown,Striped Tee,Dumbfounded,3d,
7627,,Void Black,White,Lumberjack Shirt,Bored Cigarette,Eyepatch,Bowler
7628,,Void Black,Gray,Sailor Shirt,Phoneme Wah,Closed,Vietnam Era Helmet
7629,,Void Black,Brown,Tuxedo Tee,Phoneme Oh,Bored,Glowrift Hat Red
7630,,Void Black,Brown,Striped Tee,Phoneme Wah,X Eyes,Short Mohawk
7631,,Void Black,Brown,Hawaiian,Bored,Phantom,Halo
7632,,Void Black,Brown,Toga,Bored Unshaven,Sad,
7633,,Void Black,Tan,Prison Jumpsuit,Tongue Out,Bored,Short Mohawk
7634,,Void Black,Chrome,Navy Striped Tee,Bored Unshaven Kazoo,Bored,Voyager's Hat
7635,,Void Black,Tan,Hawaiian,Grin Diamond Grill,Sleepy,
7636,Silver Hoop,Void Black,Dark Brown,Wool Turtleneck,Bored Cigarette,Chrome,Fez
7637,,Void Black,White,Biker Vest,Tongue Out,Angry,Voyager's Hat
7638,Silver Stud,Void Black,Black,Hawaiian,Dumbfounded,Bored,Sky Captain's Hat
7639,,Void Black,Dark Brown,Tuxedo Tee,Bored Unshaven Cigarette,Heart,Bandana Blue
7640,Silver Hoop,Void Black,Dark Brown,Biker Vest,Bored Unshaven Bubblegum,Closed,Patrol Motorcycle Helmet
7641,,Void Black,Phantom,Void Rift T,Discomfort,Bloodshot,Voyager's Hat
7642,,Void Black,Black,Tuxedo Tee,Grin,Bored,Fez
7643,,Void Black,Cheetah,Black T,Bored,Bored,Glowrift Flipped Brim
7644,,Void Black,Golden Brown,Bandolier,Discomfort,Heart,Beanie
7645,,Void Black,Blue,Wool Turtleneck,Phoneme ooo,3d,
7646,,Void Black,White,Hawaiian,Rage,Sad,Party Hat 2
7647,Silver Stud,Void Black,Cheetah,,Bored Cigarette,Blue Beams,Halo
7648,,Void Black,Gray,Work Vest,Tongue Out,Phantom,
7649,,Void Black,Brown,Glowrift T Red,Bored Unshaven Cigarette,Prismatic,Sushi Chef Headband
7650,,Void Black,Pink,Sleeveless T,Bored Unshaven,Scumbag,Beanie
7651,,Void Black,Dark Brown,Glowrift T Black,Bored Unshaven Cigarette,Prismatic,
7652,,Void Black,Red,,Bored Cigar,Sleepy,Bunny Ears
7653,,Void Black,Cheetah,,Bored Unshaven Pizza,Sunglasses,Cowboy Hat
7654,,Void Black,Golden Brown,Hip Hop,Bored Unshaven Cigar,Blindfold,Sushi Chef Headband
7655,,Void Black,Noise,Sailor Shirt,Phoneme ooo,Coins,Bowler
7656,,Void Black,Gray,Sleeveless Logo T,Bored Unshaven,Bloodshot,Safari
7657,Silver Stud,Void Black,Brown,Admirals Coat,Bored Bubblegum,Sleepy,Short Mohawk
7658,,Void Black,Gray,Pimp Coat,Bored Unshaven Dagger,Closed,Glowrift Hat Black
7659,,Void Black,White,Biker Vest,Bored,Sad,Bowler
7660,Gold Stud,Void Black,Cream,,Bored Unshaven,Wide Eyed,Prussian Helmet
7661,,Void Black,White,Hip Hop,Bored Bubblegum,Heart,Girl's Hair Short
7662,,Void Black,Tan,,Phoneme Wah,Angry,S&m Hat
7663,,Void Black,Dark Brown,Fossil Tee,Bored Cigarette,Bored,Fez
7664,,Void Black,Black,,Bored Unshaven,Phantom,Short Mohawk
7665,Silver Hoop,Void Black,Gray,Toga,Tongue Out,3d,Patrol Motorcycle Helmet
7666,Silver Hoop,Void Black,Black,,Bored,Bored,
7667,,Void Black,White,Striped Tee,Grin,Sleepy,Short Mohawk
7668,Gold Stud,Void Black,Black,Fossil Necklace,Bored,Coins,Vietnam Era Helmet
7669,,Void Black,Phantom,Glowrift T Red,Phoneme Oh,Bloodshot,Prussian Helmet
7670,,Void Black,Tan,Puffy Vest,Discomfort,Coins,
7671,,Void Black,Black,Tuxedo Tee,Grin,Crazy,Girl's Hair Short
7672,Silver Stud,Void Black,Brown,,Bored Unshaven Cigarette,Hypnotized,Spinner Hat
7673,,Void Black,Dark Brown,Biker Vest,Discomfort,Heart,Irish Boho
7674,,Void Black,Golden Brown,,Phoneme L,Bored,Safari
7675,,Void Black,White,Fossil Necklace,Discomfort,Coins,Short Mohawk
7676,,Void Black,Phantom,Tie Dye,Dumbfounded,Closed,Sushi Chef Headband
7677,,Void Black,Black,Fossil Tee,Dumbfounded,Bored,Bowler
7678,,Void Black,Cheetah,Sailor Shirt,Bored Unshaven Pizza,Chrome,King's Crown
7679,,Void Black,Cheetah,,Bored Bubblegum,Bloodshot,Glowrift Flipped Brim
7680,,Void Black,Black,Vietnam Jacket,Bored,Bloodshot,
7681,,Void Black,Chromatic,Smoking Jacket,Dumbfounded,Hypnotized,King's Crown
7682,Gold Stud,Void Black,Brown,Bandolier,Jovial,Bloodshot,
7683,,Void Black,Dmt,Rainbow Suspenders,Bored Unshaven Bubblegum,Closed,Voyager's Hat
7684,,Void Black,Gray,,Tongue Out,Chrome,Faux Hawk
7685,,Void Black,White,Wool Turtleneck,Bored Unshaven,Phantom,Patrol Motorcycle Helmet
7686,,Void Black,Blue,Leather Jacket,Phoneme Wah,Chrome,Glowrift Hat Black
7687,Silver Stud,Void Black,Dark Brown,,Bored Cigarette,Sleepy,
7688,Silver Hoop,Void Black,Dark Brown,Void Rift T,Bored Cigar,Bored,Fez
7689,,Void Black,Tan,Hawaiian,Bored Cigarette,Wide Eyed,Halo
7690,,Void Black,Golden Brown,,Small Grin,Sunglasses,Bunny Ears
7691,,Void Black,Cheetah,Black T,Bored Cigarette,Bored,
7692,Silver Hoop,Void Black,Brown,Caveman Pelt,Bored Unshaven,Sleepy,Patrol Motorcycle Helmet
7693,,Void Black,Black,Biker Vest,Dumbfounded,Sleepy,Glowrift Hat Red
7694,Gold Hoop,Void Black,Dark Brown,Wool Turtleneck,Bored,Blindfold,S&m Hat
7695,,Void Black,Black,Tweed Suit,Small Grin,Bored,Short Mohawk
7696,,Void Black,Red,Sleeveless T,Bored,Wide Eyed,
7697,,Void Black,Phantom,Work Vest,Grin,Sunglasses,Vietnam Era Helmet
7698,Silver Stud,Void Black,Brown,Leather Spectrum Jacket,Bored Cigarette,Heart,King's Crown
7699,,Void Black,Pink,Prom Dress,Bored,Heart,Sky Captain's Hat
7700,,Void Black,White,Sleeveless T,Bored Unshaven Cigarette,Closed,Irish Boho
7701,,Void Black,Blue,Fossil Necklace,Grin,Crazy,Bunny Ears
7702,,Void Black,Red,Sleeveless T,Small Grin,Coins,
7703,Silver Stud,Void Black,Pink,Glowrift T Black,Grin,Sleepy,Fez
7704,,Void Black,Dmt,Fossil Necklace,Bored Unshaven,Closed,Ww2 Pilot Helm
7705,,Void Black,Phantom,,Small Grin,Bored,Crimson Hat
7706,,Void Black,Dark Brown,Caveman Pelt,Bored,X Eyes,
7707,,Void Black,Pink,Glowrift T Black,Bored Party Horn,Sad,Spinner Hat
7708,Silver Stud,Void Black,Golden Brown,,Bored Unshaven,Crazy,
7709,Silver Hoop,Void Black,Dark Brown,Stunt Jacket,Grin,Closed,
7710,Silver Hoop,Void Black,Black,,Bored Unshaven,Neonborg,
7711,Silver Hoop,Void Black,Cheetah,Service,Bored Unshaven,Coins,
7712,,Void Black,Brown,Kings Robe,Bored Party Horn,Bored,Ww2 Pilot Helm
7713,,Void Black,Dark Brown,Guayabera,Bored Cigarette,Bored,Fez
7714,,Void Black,Phantom,Hawaiian,Bored Cigar,Scumbag,Fisherman's Hat
7715,Silver Stud,Void Black,Blue,Striped Tee,Rage,Chrome,Voyager's Hat
7716,,Void Black,Dark Brown,,Bored Bubblegum,Closed,Party Hat 1
7717,Gold Hoop,Void Black,Tan,Bandolier,Bored,Coins,
7718,Gold Hoop,Void Black,Tan,Tuxedo Tee,Bored Kazoo,Bloodshot,Glowrift Flipped Brim
7719,,Void Black,Dark Brown,Leather Spectrum Jacket,Bored Cigar,Sad,
7720,,Void Black,Pink,Hawaiian,Jovial,Crazy,Halo
7721,Silver Hoop,Void Black,Chrome,,Bored,Angry,Fez
7722,Gold Stud,Void Black,Dark Brown,,Bored Unshaven Bubblegum,Closed,Spinner Hat
7723,Silver Stud,Void Black,White,,Phoneme Wah,Bored,Vietnam Era Helmet
7724,,Void Black,Blue,,Bored Unshaven Kazoo,Neonborg,Prussian Helmet
7725,Cross,Void Black,Cream,Fossil Tee,Jovial,Chrome,Glowrift Hat Red
7726,,Void Black,Cream,Navy Striped Tee,Tongue Out,Crazy,Crimson Hat
7727,Silver Stud,Void Black,Pink,Navy Striped Tee,Grin Multicolored,Closed,Fez
7728,,Void Black,Dark Brown,Fossil Tee,Bored Unshaven Dagger,Sad,Patrol Motorcycle Helmet
7729,,Void Black,Golden Brown,Guayabera,Grin,Bored,Spinner Hat
7730,Silver Stud,Void Black,Golden Brown,Kings Robe,Bored Unshaven,Coins,Irish Boho
7731,,Void Black,Golden Brown,Wool Turtleneck,Bored,Phantom,Cowboy Hat
7732,,Void Black,Golden Brown,Sleeveless T,Bored Cigar,Heart,S&m Hat
7733,,Void Black,Golden Brown,,Bored,Heart,Fisherman's Hat
7734,,Void Black,Chrome,Sleeveless T,Phoneme L,Bored,Glowrift Flipped Brim
7735,,Void Black,Tan,Toga,Bored Unshaven,Bored,Party Hat 1
7736,,Void Black,Cream,Striped Tee,Phoneme L,Sad,Halo
7737,Silver Stud,Void Black,Black,Leather Spectrum Jacket,Bored,Sleepy,Stuntman Helmet
7738,Silver Hoop,Void Black,Dark Brown,,Phoneme Wah,Chrome,Glowrift Hat Black
7739,Cross,Void Black,Brown,Guayabera,Bored Cigarette,Bored,Short Mohawk
7740,,Void Black,Black,,Grin,Blue Beams,
7741,,Void Black,Black,Space Suit,Bored Cigarette,Bored,Patrol Motorcycle Helmet
7742,,Void Black,Void Bot,Fossil Tee,Dumbfounded,Bored,Bowler
7743,,Void Black,Blue,Striped Tee,Bored,3d,Fez
7744,,Void Black,White,Fossil Tee,Small Grin,Bored,Glowrift Flipped Brim
7745,Silver Hoop,Void Black,Black,Biker Vest,Bored Cigarette,Wide Eyed,Baby's Bonnet
7746,,Void Black,Brown,Stunt Jacket,Bored Unshaven Bubblegum,Heart,Irish Boho
7747,Silver Stud,Void Black,Brown,Void Rift T,Bored Cigar,Bored,Cowboy Hat
7748,,Void Black,Black,,Dumbfounded,Crazy,Sky Captain's Hat
7749,,Void Black,Dark Brown,Tweed Suit,Phoneme Oh,Bored,
7750,,Void Black,Dark Brown,Work Vest,Bored,Bored,Laurel Wreath
7751,,Void Black,Black,Cowboy Shirt,Discomfort,Coins,
7752,Silver Stud,Void Black,Gray,Glowrift T Black,Bored Unshaven Pipe,Crazy,
7753,,Void Black,Cream,Vietnam Jacket,Bored Unshaven Pipe,Hypnotized,Patrol Motorcycle Helmet
7754,Cross,Void Black,Gray,Kings Robe,Tongue Out,Hypnotized,Short Mohawk
7755,,Void Black,Phantom,,Small Grin,Closed,Beanie
7756,Gold Stud,Void Black,Pink,Sleeveless Logo T,Bored Unshaven Pipe,Closed,Party Hat 1
7757,Silver Stud,Void Black,Pink,Sleeveless Logo T,Bored Unshaven Cigarette,Heart,Halo
7758,Silver Hoop,Void Black,Gray,Prison Jumpsuit,Bored,Closed,Girl's Hair Short
7759,,Void Black,Brown,Caveman Pelt,Bored Unshaven,Scumbag,Fisherman's Hat
7760,,Void Black,Dark Brown,Leather Jacket,Bored Cigarette,Sad,King's Crown
7761,,Void Black,Cheetah,Prison Jumpsuit,Rage,Crazy,Cowboy Hat
7762,,Void Black,Red,Glowrift T Black,Bored Unshaven,Closed,
7763,,Void Black,Dark Brown,Puffy Vest,Dumbfounded,Blindfold,
7764,,Void Black,Golden Brown,,Bored Dagger,Bored,Sky Captain's Hat
7765,,Void Black,Gray,Leather Spectrum Jacket,Bored Cigarette,Sad,Horns
7766,,Void Black,Noise,Rainbow Suspenders,Discomfort,Heart,Sky Captain's Hat
7767,Silver Hoop,Void Black,Brown,Black T,Dumbfounded,Bored,Girl's Hair Short
7768,,Void Black,Gray,Navy Striped Tee,Bored,Chrome,Party Hat 1
7769,,Void Black,Golden Brown,Prom Dress,Discomfort,Bored,Fisherman's Hat
7770,,Void Black,Cream,Tie Dye,Bored,Bored,Beanie
7771,,Void Black,Golden Brown,Lumberjack Shirt,Bored Unshaven,Eyepatch,Ww2 Pilot Helm
7772,Silver Hoop,Void Black,Chrome,Vietnam Jacket,Bored Unshaven,Bloodshot,Fez
7773,Silver Stud,Void Black,Tan,Tanktop,Bored Unshaven,Bloodshot,
7774,,Void Black,Red,Fossil Necklace,Bored,Bloodshot,Voyager's Hat
7775,,Void Black,Brown,Prison Jumpsuit,Phoneme Oh,Bored,S&m Hat
7776,Silver Hoop,Void Black,Brown,Vietnam Jacket,Bored,Bored,Horns
7777,,Void Black,Tan,Glowrift T Black,Bored Unshaven Cigarette,Wide Eyed,Ww2 Pilot Helm
7778,Diamond Stud,Void Black,Cream,Sailor Shirt,Bored,Closed,Crimson Hat
7779,,Void Black,Golden Brown,,Phoneme Vuh,Closed,
7780,Gold Stud,Void Black,Brown,Navy Striped Tee,Phoneme ooo,Sad,
7781,,Void Black,Red,Biker Vest,Bored,Bored,Girl's Hair Short
7782,,Void Black,Brown,Work Vest,Bored,Crazy,
7783,,Void Black,Black,Black Suit,Phoneme Oh,Sleepy,Shadow Hat
7784,,Void Black,Red,,Bored Unshaven Cigarette,3d,Girl's Hair Short
7785,,Void Black,Dark Brown,Prom Dress,Grin,Eyepatch,Faux Hawk
7786,,Void Black,Brown,Tuxedo Tee,Bored Party Horn,Hypnotized,Glowrift Hat Black
7787,Gold Hoop,Void Black,Tan,Space Suit,Bored Cigarette,Scumbag,Shadow Hat
7788,,Void Black,Cheetah,Navy Striped Tee,Small Grin,Crazy,
7789,,Void Black,Golden Brown,,Phoneme Wah,Wide Eyed,Glowrift Hat Black
7790,,Void Black,Brown,Hawaiian,Dumbfounded,Closed,Fez
7791,,Void Black,Golden Brown,Sailor Shirt,Bored,Sunglasses,Halo
7792,,Void Black,White,Smoking Jacket,Discomfort,Bored,
7793,Silver Stud,Void Black,Black,Striped Tee,Bored,3d,
7794,Silver Hoop,Void Black,Black,Wool Turtleneck,Bored Cigarette,Wide Eyed,Halo
7795,Diamond Stud,Void Black,Brown,Leather Jacket,Bored Unshaven Cigarette,Closed,Crimson Hat
7796,,Void Black,White,Striped Tee,Bored,Blue Beams,
7797,,Void Black,Tan,Caveman Pelt,Bored,Crazy,
7798,,Void Black,Tan,Fossil Tee,Bored,Sunglasses,Safari
7799,,Void Black,Cheetah,,Dumbfounded,Bored,Bandana Blue
7800,Diamond Stud,Void Black,Cheetah,Void Rift T,Bored Kazoo,Bored,Sky Captain's Hat
7801,,Void Black,Black,,Bored,Chrome,
7802,Silver Stud,Void Black,Black,Prison Jumpsuit,Phoneme L,Phantom,Faux Hawk
7803,Gold Hoop,Void Black,Dark Brown,Hawaiian,Bored Unshaven,Phantom,
7804,Silver Hoop,Void Black,Pink,,Bored,Angry,Sky Captain's Hat
7805,,Void Black,Golden Brown,Fossil Necklace,Bored,Angry,Sky Captain's Hat
7806,,Void Black,Dark Brown,Guayabera,Tongue Out,Bored,Ww2 Pilot Helm
7807,,Void Black,Noise,Pimp Coat,Bored,Heart,
7808,,Void Black,Golden Brown,Hip Hop,Phoneme Oh,Neonborg,S&m Hat
7809,Silver Stud,Void Black,Red,Striped Tee,Bored Unshaven,Wide Eyed,Glowrift Hat Black
7810,,Void Black,Cream,Hawaiian,Bored,Bored,
7811,,Void Black,Brown,Prison Jumpsuit,Bored Unshaven,Hypnotized,
7812,,Void Black,Black,Lumberjack Shirt,Bored,Closed,Beanie
7813,,Void Black,Black,Striped Tee,Bored Cigarette,Prismatic,Spinner Hat
7814,,Void Black,Red,Void Rift T,Bored Unshaven,Heart,Spinner Hat
7815,Silver Hoop,Void Black,Brown,Striped Tee,Discomfort,Bloodshot,
7816,,Void Black,Golden Brown,Sleeveless Logo T,Phoneme ooo,Eyepatch,Stuntman Helmet
7817,,Void Black,Black,Fossil Tee,Bored Unshaven,Eyepatch,Bandana Blue
7818,,Void Black,Void Bot,Prison Jumpsuit,Phoneme ooo,Bloodshot,
7819,,Void Black,Tan,Navy Striped Tee,Bored,Bored,Voyager's Hat
7820,Gold Stud,Void Black,Red,Kings Robe,Bored Unshaven,Bloodshot,Party Hat 1
7821,Gold Hoop,Void Black,Black,Glowrift T Black,Bored,Bored,Spinner Hat
7822,Gold Stud,Void Black,Dark Brown,Leather Spectrum Jacket,Bored Unshaven Cigarette,Sad,Fez
7823,,Void Black,Pink,,Bored,Sleepy,Irish Boho
7824,Gold Stud,Void Black,Golden Brown,,Small Grin,Bored,Bowler
7825,,Void Black,Brown,Hip Hop,Rage,Sleepy,Short Mohawk
7826,,Void Black,Cheetah,Navy Striped Tee,Bored Unshaven,Coins,Fez
7827,Silver Hoop,Void Black,Dark Brown,Work Vest,Phoneme Wah,Scumbag,Fisherman's Hat
7828,,Void Black,Black,Navy Striped Tee,Phoneme Vuh,Sad,Patrol Motorcycle Helmet
7829,,Void Black,Brown,Fossil Necklace,Grin,Phantom,Fisherman's Hat
7830,Gold Stud,Void Black,Brown,,Bored,Bored,Bowler
7831,,Void Black,Black,Tuxedo Tee,Bored,Sad,Safari
7832,,Void Black,Black,Service,Grin,Angry,
7833,Silver Hoop,Void Black,Brown,Rainbow Suspenders,Phoneme Oh,Eyepatch,Voyager's Hat
7834,,Void Black,White,,Grin,Angry,
7835,,Void Black,Golden Brown,Sailor Shirt,Bored,Prismatic,Fisherman's Hat
7836,,Void Black,White,Fossil Tee,Bored Unshaven,Sleepy,
7837,,Void Black,Cream,Work Vest,Bored Unshaven,Crazy,Halo
7838,,Void Black,Brown,Glowrift T Black,Bored,Bored,Patrol Motorcycle Helmet
7839,,Void Black,Blue,,Bored Party Horn,Bored,Glowrift Flipped Brim
7840,Silver Hoop,Void Black,Black,,Bored Pizza,Bloodshot,Shadow Hat
7841,,Void Black,Cream,Lumberjack Shirt,Bored Unshaven,Scumbag,Shadow Hat
7842,,Void Black,Blue,Black T,Phoneme ooo,Closed,Fez
7843,,Void Black,Tan,Glowrift T Black,Bored Unshaven,Closed,
7844,,Void Black,Dark Brown,Wool Turtleneck,Bored Unshaven Cigarette,Sad,Sushi Chef Headband
7845,Gold Hoop,Void Black,Tan,Tuxedo Tee,Discomfort,Phantom,Crimson Hat
7846,Silver Hoop,Void Black,Pink,Leather Spectrum Jacket,Phoneme Vuh,Closed,
7847,,Void Black,Phantom,Vietnam Jacket,Bored,Bloodshot,S&m Hat
7848,,Void Black,Blue,Black T,Bored,Closed,Cowboy Hat
7849,,Void Black,Phantom,,Phoneme ooo,Bored,Bowler
7850,Silver Stud,Void Black,Black,Work Vest,Grin,Neonborg,Voyager's Hat
7851,,Void Black,Black,,Bored,Coins,Glowrift Hat Red
7852,Silver Stud,Void Black,Black,Hip Hop,Small Grin,Blindfold,Bowler
7853,,Void Black,Black,,Tongue Out,Bored,Voyager's Hat
7854,,Void Black,Cheetah,Fossil Tee,Bored Unshaven,Bored,Shadow Hat
7855,,Void Black,Phantom,Leather Jacket,Phoneme L,Bored,Fisherman's Hat
7856,,Void Black,Tan,Sleeveless T,Bored Unshaven Cigarette,Closed,Prussian Helmet
7857,,Void Black,Dark Brown,Bandolier,Small Grin,Bored,
7858,,Void Black,Black,Lab Coat,Bored,Phantom,
7859,Silver Hoop,Void Black,Dmt,Kings Robe,Bored Unshaven,Crazy,Patrol Motorcycle Helmet
7860,Gold Stud,Void Black,Blue,Striped Tee,Grin,Bloodshot,Prussian Helmet
7861,,Void Black,Cheetah,Sleeveless Logo T,Bored Unshaven,Heart,Halo
7862,,Void Black,Noise,,Bored Cigarette,Bored,Cowboy Hat
7863,Silver Stud,Void Black,Black,Pimp Coat,Bored,Blue Beams,
7864,,Void Black,Black,,Bored Unshaven Kazoo,Eyepatch,Crimson Hat
7865,,Void Black,Golden Brown,,Bored Unshaven,Closed,Voyager's Hat
7866,Gold Hoop,Void Black,Red,Tie Dye,Phoneme L,Bored,
7867,,Void Black,Dark Brown,Hawaiian,Bored Cigarette,Coins,Ww2 Pilot Helm
7868,,Void Black,Tan,,Bored,Angry,Spinner Hat
7869,,Void Black,Red,Space Suit,Bored Unshaven,Coins,Glowrift Hat Black
7870,,Void Black,Tan,Sleeveless Logo T,Bored Unshaven,Heart,
7871,Gold Stud,Void Black,Phantom,Lab Coat,Bored Unshaven,Hypnotized,Bowler
7872,Silver Stud,Void Black,Tan,Prison Jumpsuit,Jovial,Closed,Spinner Hat
7873,Silver Stud,Void Black,Pink,Glowrift T Black,Jovial,Coins,Bandana Blue
7874,,Void Black,Golden Brown,Leather Jacket,Grin,Hypnotized,Horns
7875,,Void Black,Tan,,Bored Unshaven Cigarette,Heart,Irish Boho
7876,Silver Hoop,Void Black,Black,Leather Jacket,Bored Unshaven,Closed,Sushi Chef Headband
7877,,Void Black,Golden Brown,Smoking Jacket,Bored Pipe,Chrome,King's Crown
7878,Silver Hoop,Void Black,Black,Toga,Tongue Out,Closed,Sky Captain's Hat
7879,,Void Black,Cheetah,Prison Jumpsuit,Bored,Scumbag,
7880,Gold Stud,Void Black,Golden Brown,Lab Coat,Bored Bubblegum,3d,Voyager's Hat
7881,,Void Black,Golden Brown,,Bored Unshaven,Closed,Bunny Ears
7882,Gold Stud,Void Black,Blue,Admirals Coat,Bored,Phantom,Bowler
7883,,Void Black,Cheetah,Navy Striped Tee,Bored Unshaven Cigarette,Sad,Girl's Hair Short
7884,,Void Black,Cream,Fossil Tee,Bored Bubblegum,Eyepatch,Girl's Hair Pink
7885,,Void Black,Void Bot,Glowrift T Red,Tongue Out,Wide Eyed,Crimson Hat
7886,Gold Stud,Void Black,Cream,,Grin,Sad,Halo
7887,,Void Black,Noise,Navy Striped Tee,Bored,Sleepy,Voyager's Hat
7888,Gold Hoop,Void Black,Dark Brown,Service,Bored,Bored,
7889,,Void Black,Dark Brown,Black T,Bored Cigarette,Eyepatch,
7890,,Void Black,Black,Vietnam Jacket,Bored Unshaven,Hypnotized,Shadow Hat
7891,,Void Black,Brown,Stunt Jacket,Bored,Bloodshot,Chromatic Captain's Hat
7892,,Void Black,Black,Cowboy Shirt,Bored Unshaven,Bored,Vietnam Era Helmet
7893,,Void Black,Red,Hip Hop,Jovial,Coins,Bowler
7894,,Void Black,Golden Brown,,Bored Unshaven,Bloodshot,Laurel Wreath
7895,,Void Black,Pink,Fossil Necklace,Rage,Bored,
7896,,Void Black,Pink,Bandolier,Rage,Sunglasses,Voyager's Hat
7897,,Void Black,Void Bot,,Dumbfounded,Blindfold,Beanie
7898,,Void Black,Black,Biker Vest,Bored Unshaven,Closed,Fisherman's Hat
7899,,Void Black,Dark Brown,Striped Tee,Phoneme ooo,Bored,Girl's Hair Short
7900,,Void Black,White,,Grin Gold Grill,Sad,Fisherman's Hat
7901,Silver Hoop,Void Black,Dark Brown,Admirals Coat,Bored Unshaven Pipe,Sad,Laurel Wreath
7902,Gold Hoop,Void Black,Cream,,Bored Cigar,Bloodshot,Glowrift Hat Red
7903,Gold Stud,Void Black,Black,Lumberjack Shirt,Bored Party Horn,Sleepy,Bowler
7904,,Void Black,Pink,Fossil Tee,Bored,Blindfold,Cowboy Hat
7905,,Void Black,Chrome,Work Vest,Jovial,Bloodshot,Sky Captain's Hat
7906,Gold Stud,Void Black,Golden Brown,Lab Coat,Bored,Bored,Girl's Hair Pink
7907,Gold Hoop,Void Black,Dark Brown,Striped Tee,Bored Unshaven Pipe,Crazy,Short Mohawk
7908,,Void Black,Pink,Fossil Tee,Bored,Sleepy,
7909,,Void Black,Red,,Grin,Bored,Laurel Wreath
7910,,Void Black,Black,,Grin,Sad,
7911,,Void Black,Cheetah,Tuxedo Tee,Rage,Coins,Beanie
7912,,Void Black,Tan,Biker Vest,Bored Unshaven,Prismatic,Sushi Chef Headband
7913,Silver Hoop,Void Black,Noise,Striped Tee,Bored Bubblegum,Bored,Cowboy Hat
7914,,Void Black,Pink,Fossil Necklace,Bored Cigarette,3d,Shadow Hat
7915,,Void Black,Tan,Puffy Vest,Bored Unshaven,Closed,Sushi Chef Headband
7916,,Void Black,Brown,Lumberjack Shirt,Phoneme Vuh,Sleepy,Glowrift Flipped Brim
7917,,Void Black,Cream,,Bored Cigarette,Prismatic,Fisherman's Hat
7918,,Void Black,Black,Glowrift T Black,Rage,Prismatic,Short Mohawk
7919,,Void Black,Dark Brown,Striped Tee,Bored,Prismatic,
7920,,Void Black,Cheetah,Bandolier,Bored Unshaven Cigarette,3d,Beanie
7921,,Void Black,Void Bot,Rainbow Suspenders,Phoneme L,Prismatic,
7922,Silver Hoop,Void Black,Dark Brown,Prom Dress,Phoneme Wah,Bloodshot,
7923,,Void Black,Cream,,Bored,Chrome,Glowrift Hat Black
7924,Gold Stud,Void Black,Phantom,Black T,Bored,Bloodshot,Bowler
7925,,Void Black,Gray,Navy Striped Tee,Bored Unshaven,Blindfold,Short Mohawk
7926,,Void Black,Golden Brown,Glowrift T Black,Bored,Wide Eyed,Girl's Hair Pink
7927,,Void Black,Noise,,Bored,Phantom,S&m Hat
7928,,Void Black,Black,Sailor Shirt,Bored Cigarette,Bored,Baby's Bonnet
7929,,Void Black,Pink,Lumberjack Shirt,Bored,3d,Voyager's Hat
7930,,Void Black,Brown,Black T,Bored,3d,Fisherman's Hat
7931,Gold Stud,Void Black,Black,Fossil Tee,Grin Diamond Grill,Bored,Vietnam Era Helmet
7932,Silver Hoop,Void Black,Tan,,Dumbfounded,Closed,
7933,,Void Black,Blue,Hawaiian,Bored Cigarette,Bloodshot,Party Hat 1
7934,,Void Black,Black,Glowrift T Red,Jovial,Scumbag,Faux Hawk
7935,Diamond Stud,Void Black,Tan,,Bored,Bored,Crimson Hat
7936,,Void Black,Dark Brown,Sleeveless T,Bored,Bored,Glowrift Hat Black
7937,,Void Black,Blue,Lumberjack Shirt,Bored Unshaven Cigarette,Bored,Glowrift Hat Black
7938,,Void Black,Cream,,Dumbfounded,Bored,Sky Captain's Hat
7939,,Void Black,Cheetah,,Bored Pizza,Sad,Party Hat 1
7940,Diamond Stud,Void Black,Radiant Gold,,Bored,Bored,Beanie
7941,,Void Black,Brown,Blue Dress,Grin,Crazy,
7942,,Void Black,Black,,Bored,Angry,Fez
7943,,Void Black,Noise,Striped Tee,Bored Unshaven,Sleepy,Cowboy Hat
7944,,Void Black,Golden Brown,Glowrift T Black,Bored Cigarette,Bloodshot,Horns
7945,,Void Black,White,Caveman Pelt,Small Grin,Chrome,Baby's Bonnet
7946,,Void Black,Golden Brown,Void Rift T,Grin,Bored,
7947,,Void Black,Cheetah,Blue Dress,Bored,Sleepy,
7948,Silver Hoop,Void Black,Chrome,Void Rift T,Bored Unshaven Kazoo,Bloodshot,Faux Hawk
7949,Silver Hoop,Void Black,Red,Lab Coat,Dumbfounded,Sleepy,Shadow Hat
7950,,Void Black,Black,Sleeveless Logo T,Bored,Coins,
7951,,Void Black,Golden Brown,Leather Jacket,Bored,Bloodshot,Voyager's Hat
7952,,Void Black,Golden Brown,,Bored Unshaven Cigarette,Closed,Vietnam Era Helmet
7953,Silver Stud,Void Black,White,Glowrift T Black,Bored,3d,
7954,,Void Black,Blue,Tuxedo Tee,Bored Unshaven Cigarette,Angry,
7955,,Void Black,Brown,Rainbow Suspenders,Bored,Scumbag,Cowboy Hat
7956,,Void Black,Dark Brown,Prison Jumpsuit,Bored Cigarette,Bored,
7957,,Void Black,Brown,Stunt Jacket,Bored,Blindfold,Shadow Hat
7958,,Void Black,Golden Brown,Void Rift T,Bored Cigar,Closed,Bunny Ears
7959,,Void Black,Gray,Void Rift T,Bored Unshaven Cigarette,Crazy,Fez
7960,,Void Black,Black,Hip Hop,Bored Bubblegum,Closed,Short Mohawk
7961,,Void Black,Cream,Glowrift T Red,Bored,Sad,Beanie
7962,,Void Black,Brown,Tuxedo Tee,Bored Cigarette,Eyepatch,
7963,,Void Black,Cream,,Bored Unshaven,Sleepy,Shadow Hat
7964,,Void Black,Black,Hip Hop,Bored Unshaven Cigarette,Heart,Glowrift Hat Black
7965,,Void Black,Red,Smoking Jacket,Phoneme Oh,Crazy,Short Mohawk
7966,Silver Hoop,Void Black,White,Pimp Coat,Bored Cigarette,Sunglasses,
7967,,Void Black,Golden Brown,Guayabera,Grin,Heart,Girl's Hair Short
7968,,Void Black,Golden Brown,Space Suit,Bored Cigar,Angry,Halo
7969,Silver Hoop,Void Black,Black,Black T,Discomfort,3d,Halo
7970,,Void Black,Dark Brown,Admirals Coat,Discomfort,Bored,Fisherman's Hat
7971,Silver Hoop,Void Black,Gray,Sleeveless T,Bored Cigarette,Wide Eyed,
7972,,Void Black,Dark Brown,Striped Tee,Phoneme Vuh,Blindfold,Chromatic Captain's Hat
7973,Silver Hoop,Void Black,Phantom,Hip Hop,Bored Unshaven Bubblegum,Bloodshot,Crimson Hat
7974,,Void Black,Cheetah,Black Suit,Discomfort,Chrome,Fisherman's Hat
7975,,Void Black,Dark Brown,Kings Robe,Phoneme L,Sunglasses,Cowboy Hat
7976,,Void Black,Dmt,Vietnam Jacket,Bored,Bored,Girl's Hair Short
7977,,Void Black,Golden Brown,,Jovial,Bored,Short Mohawk
7978,,Void Black,Black,Puffy Vest,Grin,3d,Spinner Hat
7979,Gold Stud,Void Black,White,Cowboy Shirt,Phoneme ooo,3d,Cowboy Hat
7980,,Void Black,Blue,Caveman Pelt,Bored Pipe,Crazy,Cowboy Hat
7981,Gold Stud,Void Black,Brown,Navy Striped Tee,Bored Unshaven Cigarette,Heart,Voyager's Hat
7982,Gold Hoop,Void Black,Brown,Kings Robe,Bored,Bloodshot,Sky Captain's Hat
7983,,Void Black,Dmt,Tuxedo Tee,Tongue Out,Hypnotized,
7984,,Void Black,Cheetah,Sailor Shirt,Bored Unshaven Pipe,Wide Eyed,Glowrift Hat Black
7985,Silver Stud,Void Black,Dark Brown,Pimp Coat,Grin Multicolored,X Eyes,Beanie
7986,,Void Black,Red,Striped Tee,Grin,Crazy,Girl's Hair Short
7987,,Void Black,Phantom,Prison Jumpsuit,Jovial,Wide Eyed,Beanie
7988,,Void Black,Black,Puffy Vest,Bored Unshaven,Angry,Short Mohawk
7989,,Void Black,White,Glowrift T Black,Bored Unshaven,Bloodshot,Cowboy Hat
7990,,Void Black,Blue,Tweed Suit,Bored,Phantom,
7991,,Void Black,Brown,Leather Jacket,Bored Unshaven,Chrome,
7992,Silver Stud,Void Black,Black,Bandolier,Bored,Bored,
7993,,Void Black,Dark Brown,Work Vest,Phoneme Oh,Bored,Glowrift Hat Black
7994,,Void Black,Golden Brown,Guayabera,Grin,Phantom,Sky Captain's Hat
7995,,Void Black,Black,,Bored,Angry,Stuntman Helmet
7996,,Void Black,Brown,Rainbow Suspenders,Bored Cigarette,Eyepatch,Glowrift Hat Black
7997,,Void Black,Dmt,Toga,Bored,Bored,Sushi Chef Headband
7998,Silver Hoop,Void Black,Dark Brown,Biker Vest,Jovial,Crazy,Crimson Hat
7999,,Void Black,White,,Bored,Bored,Laurel Wreath
8000,Silver Hoop,Void Black,Brown,Space Suit,Bored Unshaven Pipe,Bored,Irish Boho
8001,Silver Stud,Void Black,Void Bot,Tweed Suit,Bored,Closed,Sky Captain's Hat
8002,Silver Hoop,Void Black,Tan,Leather Jacket,Bored,3d,
8003,,Void Black,Brown,Leather Jacket,Bored Unshaven,3d,S&m Hat
8004,Silver Stud,Void Black,Black,,Dumbfounded,Closed,
8005,Silver Stud,Void Black,Gray,Leather Jacket,Grin Diamond Grill,Coins,Chromatic Captain's Hat
8006,,Void Black,Black,Guayabera,Bored Unshaven,Bloodshot,Halo
8007,,Void Black,Red,Navy Striped Tee,Rage,Sleepy,Bowler
8008,Silver Stud,Void Black,Brown,Prom Dress,Rage,Coins,
8009,,Void Black,Golden Brown,Black T,Bored Unshaven,Chrome,Sushi Chef Headband
8010,Silver Stud,Void Black,Red,,Phoneme ooo,Angry,Beanie
8011,,Void Black,Dark Brown,Leather Jacket,Bored,Angry,Party Hat 2
8012,,Void Black,Dark Brown,,Grin,3d,
8013,,Void Black,Brown,,Jovial,Hypnotized,Fisherman's Hat
8014,Gold Stud,Void Black,Gray,Space Suit,Bored Unshaven,Blindfold,
8015,,Void Black,Void Bot,,Bored Unshaven Kazoo,Bloodshot,Bowler
8016,,Void Black,Tan,Leather Jacket,Bored Pizza,Heart,Beanie
8017,,Void Black,Black,Glowrift T Black,Bored Cigarette,Bloodshot,
8018,,Void Black,Phantom,Void Rift T,Jovial,Phantom,Beanie
8019,,Void Black,White,Glowrift T Black,Bored Unshaven Cigar,Bored,Irish Boho
8020,,Void Black,Brown,Tanktop,Bored Unshaven Cigarette,Blindfold,Spinner Hat
8021,,Void Black,Tan,Striped Tee,Bored Cigarette,Angry,
8022,Silver Stud,Void Black,Blue,Navy Striped Tee,Bored Cigar,Angry,Sky Captain's Hat
8023,,Void Black,Chromatic,Void Rift T,Bored Unshaven,Closed,Chromatic Captain's Hat
8024,Silver Hoop,Void Black,Black,Puffy Vest,Phoneme Vuh,Heart,Chromatic Captain's Hat
8025,,Void Black,Dark Brown,Vietnam Jacket,Bored Unshaven Cigarette,Sleepy,
8026,Silver Stud,Void Black,Gray,Sleeveless T,Bored,Eyepatch,Vietnam Era Helmet
8027,,Void Black,Blue,Admirals Coat,Rage,Neonborg,Beanie
8028,,Void Black,Brown,Prison Jumpsuit,Dumbfounded,Bored,
8029,,Void Black,Black,Striped Tee,Grin,Sad,
8030,Silver Hoop,Void Black,Chrome,Prison Jumpsuit,Bored Party Horn,Bored,
8031,Gold Stud,Void Black,Dark Brown,,Bored Unshaven,Sunglasses,
8032,,Void Black,Gray,Navy Striped Tee,Bored,Sleepy,
8033,,Void Black,White,Lumberjack Shirt,Bored,Sad,Cowboy Hat
8034,,Void Black,Red,Void Rift T,Rage,Heart,
8035,,Void Black,Phantom,Vietnam Jacket,Bored Unshaven Cigarette,Angry,Sky Captain's Hat
8036,,Void Black,Blue,,Grin Gold Grill,Eyepatch,Crimson Hat
8037,,Void Black,Pink,Tweed Suit,Bored,Eyepatch,Voyager's Hat
8038,,Void Black,White,,Bored,Sunglasses,Sky Captain's Hat
8039,,Void Black,Pink,Puffy Vest,Bored,Bloodshot,Safari
8040,,Void Black,Pink,Sleeveless T,Bored Unshaven,Heart,
8041,Silver Hoop,Void Black,Brown,Bandolier,Bored Cigarette,Sleepy,Girl's Hair Short
8042,,Void Black,White,Puffy Vest,Phoneme Vuh,Bloodshot,Bowler
8043,Silver Hoop,Void Black,Tan,,Bored,Phantom,S&m Hat
8044,,Void Black,Black,Striped Tee,Bored Bubblegum,Bloodshot,
8045,Gold Stud,Void Black,Brown,Black T,Bored,Bored,Fisherman's Hat
8046,,Void Black,Cream,Guayabera,Phoneme Oh,Bloodshot,Horns
8047,,Void Black,Dark Brown,Smoking Jacket,Phoneme Oh,Sad,
8048,Silver Stud,Void Black,Tan,Guayabera,Bored Unshaven,Closed,Vietnam Era Helmet
8049,,Void Black,Tan,Leather Jacket,Bored,Wide Eyed,Fisherman's Hat
8050,,Void Black,Void Bot,,Grin Gold Grill,Sleepy,Sky Captain's Hat
8051,,Void Black,Brown,Navy Striped Tee,Phoneme ooo,Sunglasses,Glowrift Hat Black
8052,,Void Black,Brown,Hip Hop,Bored Cigarette,Bored,Voyager's Hat
8053,Diamond Stud,Void Black,Red,,Rage,Scumbag,Sky Captain's Hat
8054,,Void Black,Tan,Bandolier,Small Grin,Bloodshot,Baby's Bonnet
8055,,Void Black,Black,Sleeveless Logo T,Grin,Crazy,Beanie
8056,,Void Black,Noise,Cowboy Shirt,Bored Unshaven,Sleepy,Bunny Ears
8057,,Void Black,Black,Tie Dye,Bored,Crazy,
8058,Diamond Stud,Void Black,Black,Hawaiian,Bored Pipe,Phantom,Fisherman's Hat
8059,,Void Black,Cheetah,Navy Striped Tee,Dumbfounded,Wide Eyed,Fisherman's Hat
8060,Gold Hoop,Void Black,Brown,Void Rift T,Bored,Angry,Voyager's Hat
8061,,Void Black,Dark Brown,Wool Turtleneck,Jovial,Crazy,Horns
8062,Gold Stud,Void Black,Golden Brown,,Bored Unshaven Kazoo,X Eyes,Horns
8063,,Void Black,White,Fossil Tee,Jovial,Crazy,Irish Boho
8064,,Void Black,Blue,,Bored,Angry,Bowler
8065,,Void Black,Dark Brown,Smoking Jacket,Phoneme ooo,Chrome,Halo
8066,,Void Black,Dmt,,Bored Unshaven,Bored,Horns
8067,,Void Black,Tan,Black T,Bored Pipe,Chrome,Fisherman's Hat
8068,,Void Black,Black,Fossil Necklace,Phoneme Vuh,Bloodshot,Cowboy Hat
8069,Silver Stud,Void Black,Dark Brown,Striped Tee,Bored Unshaven,Crazy,
8070,,Void Black,Dark Brown,Sailor Shirt,Small Grin,Bored,Crimson Hat
8071,,Void Black,Dark Brown,Leather Spectrum Jacket,Bored Cigarette,Neonborg,Beanie
8072,,Void Black,Black,Hawaiian,Bored,Heart,
8073,Gold Stud,Void Black,Tan,Smoking Jacket,Bored Unshaven,Bloodshot,Halo
8074,Silver Stud,Void Black,Brown,Work Vest,Bored,Bored,Beanie
8075,,Void Black,Cheetah,,Bored,Bored,Sushi Chef Headband
8076,,Void Black,Dark Brown,Tanktop,Bored,Laser Eyes,Glowrift Hat Red
8077,,Void Black,Cheetah,,Bored Unshaven,Blindfold,Beanie
8078,,Void Black,Black,Vietnam Jacket,Tongue Out,Heart,Voyager's Hat
8079,,Void Black,Blue,Sleeveless T,Bored,Bored,Spinner Hat
8080,,Void Black,Brown,Prom Dress,Grin,Closed,King's Crown
8081,,Void Black,Brown,Kings Robe,Bored,Coins,Stuntman Helmet
8082,Cross,Void Black,Blue,Stunt Jacket,Bored,Blindfold,Fez
8083,,Void Black,White,Glowrift T Black,Bored,Chrome,Bowler
8084,,Void Black,Cheetah,,Phoneme Vuh,Heart,Spinner Hat
8085,,Void Black,Red,,Dumbfounded,Blindfold,Voyager's Hat
8086,,Void Black,Brown,Leather Spectrum Jacket,Bored,Bored,Crimson Hat
8087,Silver Stud,Void Black,Black,,Grin,Chrome,Beanie
8088,,Void Black,Blue,Striped Tee,Small Grin,Bored,Halo
8089,Diamond Stud,Void Black,Gray,Tuxedo Tee,Bored,Sad,Voyager's Hat
8090,,Void Black,Cheetah,Sailor Shirt,Bored Pipe,Sleepy,Prussian Helmet
8091,,Void Black,Dmt,Kings Robe,Dumbfounded,Bloodshot,Bandana Blue
8092,,Void Black,Brown,Blue Dress,Discomfort,Blindfold,Party Hat 1
8093,,Void Black,Brown,Leather Jacket,Bored,Heart,Shadow Hat
8094,,Void Black,Golden Brown,Toga,Bored Unshaven,Scumbag,Halo
8095,,Void Black,Dark Brown,,Bored Unshaven,Bored,Cowboy Hat
8096,,Void Black,Black,,Dumbfounded,Coins,Voyager's Hat
8097,Silver Hoop,Void Black,Dark Brown,Sleeveless Logo T,Bored Unshaven Dagger,Sleepy,Bowler
8098,Silver Stud,Void Black,Void Bot,Lumberjack Shirt,Bored,Sunglasses,
8099,,Void Black,Cheetah,Lumberjack Shirt,Grin Multicolored,X Eyes,Cowboy Hat
8100,Silver Stud,Void Black,Dark Brown,Tanktop,Bored Cigarette,Sad,Voyager's Hat
8101,,Void Black,Dmt,Fossil Necklace,Bored Unshaven,Coins,Short Mohawk
8102,,Void Black,Blue,Stunt Jacket,Dumbfounded,Sunglasses,S&m Hat
8103,,Void Black,Golden Brown,Cowboy Shirt,Bored Unshaven Cigarette,Closed,Voyager's Hat
8104,Gold Hoop,Void Black,White,Striped Tee,Bored,Angry,Girl's Hair Pink
8105,Silver Hoop,Void Black,Void Bot,Guayabera,Discomfort,Bloodshot,Crimson Hat
8106,,Void Black,Void Bot,Glowrift T Red,Bored Pipe,Bored,Bandana Blue
8107,,Void Black,Chrome,Striped Tee,Bored Cigarette,Sad,Beanie
8108,,Void Black,Golden Brown,Hip Hop,Grin,Sunglasses,Cowboy Hat
8109,Silver Stud,Void Black,Black,,Small Grin,Bloodshot,Fez
8110,,Void Black,Dark Brown,Puffy Vest,Bored Party Horn,Sleepy,Halo
8111,,Void Black,Brown,Prison Jumpsuit,Bored Unshaven,Phantom,Spinner Hat
8112,,Void Black,Dark Brown,Toga,Dumbfounded,Hypnotized,Horns
8113,,Void Black,Cream,Black T,Bored Unshaven Party horn,Sunglasses,
8114,Silver Hoop,Void Black,Gray,,Bored Unshaven,Bored,Party Hat 2
8115,,Void Black,Gray,Black T,Bored Cigarette,Closed,Crimson Hat
8116,,Void Black,Cream,Tweed Suit,Phoneme Vuh,Sunglasses,
8117,,Void Black,Dark Brown,Tanktop,Bored Bubblegum,Eyepatch,Fisherman's Hat
8118,,Void Black,Dark Brown,Guayabera,Bored Unshaven,Closed,Cowboy Hat
8119,Silver Stud,Void Black,Dark Brown,,Bored Cigarette,Bored,Fisherman's Hat
8120,,Void Black,Dark Brown,Space Suit,Bored Unshaven Bubblegum,Scumbag,Voyager's Hat
8121,,Void Black,Blue,Fossil Necklace,Dumbfounded,Sad,Spinner Hat
8122,,Void Black,Dark Brown,Black T,Bored Pipe,3d,
8123,,Void Black,Brown,Stunt Jacket,Bored Unshaven,Sad,Shadow Hat
8124,,Void Black,Gray,Striped Tee,Bored Cigarette,Sad,Girl's Hair Pink
8125,,Void Black,Dark Brown,Stunt Jacket,Grin Diamond Grill,X Eyes,
8126,,Void Black,White,Tie Dye,Bored Cigarette,Hypnotized,Irish Boho
8127,,Void Black,Tan,Hip Hop,Bored Cigarette,Sleepy,Cowboy Hat
8128,,Void Black,Black,Cowboy Shirt,Rage,Coins,Vietnam Era Helmet
8129,,Void Black,Brown,,Bored Unshaven Cigarette,Eyepatch,Glowrift Flipped Brim
8130,,Void Black,Golden Brown,Lumberjack Shirt,Small Grin,Sleepy,Crimson Hat
8131,Cross,Void Black,Golden Brown,,Jovial,Heart,
8132,Cross,Void Black,Dark Brown,Tie Dye,Discomfort,3d,Sushi Chef Headband
8133,Gold Hoop,Void Black,Golden Brown,Fossil Tee,Bored Pipe,Neonborg,S&m Hat
8134,,Void Black,Cream,Prison Jumpsuit,Bored Unshaven,Chrome,
8135,Silver Stud,Void Black,Black,Hip Hop,Bored Unshaven Dagger,Hypnotized,Chromatic Captain's Hat
8136,,Void Black,Black,Tuxedo Tee,Bored Cigarette,3d,Short Mohawk
8137,,Void Black,Brown,Caveman Pelt,Grin Multicolored,Bloodshot,Vietnam Era Helmet
8138,,Void Black,Black,Smoking Jacket,Bored,Bored,Voyager's Hat
8139,,Void Black,Dark Brown,,Jovial,Scumbag,Party Hat 1
8140,,Void Black,Pink,Black T,Bored Cigarette,Sunglasses,
8141,Silver Hoop,Void Black,Chrome,,Bored,Closed,Shadow Hat
8142,,Void Black,Blue,Navy Striped Tee,Bored Unshaven Pipe,Sleepy,
8143,,Void Black,Red,Hawaiian,Phoneme Oh,Sad,Short Mohawk
8144,Diamond Stud,Void Black,White,,Grin,Eyepatch,
8145,,Void Black,Red,Caveman Pelt,Bored Party Horn,Bored,Short Mohawk
8146,,Void Black,Red,,Jovial,Bored,
8147,,Void Black,Cheetah,Sleeveless T,Bored Unshaven Cigarette,Crazy,
8148,,Void Black,Blue,Striped Tee,Bored,Chrome,Irish Boho
8149,,Void Black,Brown,Sailor Shirt,Rage,Sleepy,Prussian Helmet
8150,,Void Black,Brown,Hawaiian,Bored Unshaven,Blue Beams,Fez
8151,Gold Stud,Void Black,Cream,Sailor Shirt,Phoneme Vuh,Bored,Glowrift Hat Black
8152,Silver Hoop,Void Black,Blue,Guayabera,Bored,Angry,
8153,,Void Black,Phantom,,Grin,Sleepy,Fez
8154,,Void Black,Noise,Glowrift T Black,Bored Party Horn,Phantom,
8155,,Void Black,Tan,Leather Jacket,Dumbfounded,Eyepatch,Horns
8156,,Void Black,Dmt,Work Vest,Bored Unshaven Cigarette,Heart,Sushi Chef Headband
8157,,Void Black,Noise,Puffy Vest,Rage,Bloodshot,Glowrift Hat Red
8158,,Void Black,Dark Brown,Black Suit,Tongue Out,Bloodshot,Shadow Hat
8159,,Void Black,Tan,,Bored,3d,
8160,Gold Stud,Void Black,Dark Brown,Smoking Jacket,Bored Dagger,Heart,
8161,Silver Stud,Void Black,Pink,Fossil Necklace,Phoneme ooo,3d,Baby's Bonnet
8162,Gold Hoop,Void Black,Black,Lab Coat,Small Grin,Sunglasses,Glowrift Flipped Brim
8163,,Void Black,Brown,Work Vest,Bored Unshaven,Hypnotized,Shadow Hat
8164,,Void Black,Tan,Biker Vest,Bored Unshaven,Coins,Crimson Hat
8165,,Void Black,Noise,,Small Grin,Bloodshot,Fez
8166,,Void Black,Cheetah,Prison Jumpsuit,Bored Unshaven,X Eyes,Bowler
8167,Silver Hoop,Void Black,Brown,Service,Rage,Wide Eyed,
8168,,Void Black,Noise,Black T,Phoneme Vuh,Sleepy,Spinner Hat
8169,Silver Hoop,Void Black,Black,Void Rift T,Grin,Angry,Irish Boho
8170,,Void Black,Pink,,Phoneme Vuh,Sunglasses,Halo
8171,Gold Hoop,Void Black,Cream,Void Rift T,Jovial,Blindfold,
8172,Silver Stud,Void Black,Black,,Bored Pizza,Bored,Shadow Hat
8173,Cross,Void Black,Black,Glowrift T Red,Phoneme Vuh,Sleepy,Baby's Bonnet
8174,,Void Black,Phantom,Tanktop,Bored,X Eyes,Cowboy Hat
8175,Gold Stud,Void Black,Dark Brown,Sleeveless Logo T,Bored Cigarette,3d,Girl's Hair Pink
8176,Silver Stud,Void Black,Dark Brown,Sailor Shirt,Bored,Bored,
8177,,Void Black,Brown,Leather Spectrum Jacket,Bored Unshaven,Eyepatch,S&m Hat
8178,,Void Black,Void Bot,,Bored Unshaven,Bored,Glowrift Hat Red
8179,,Void Black,Dark Brown,Black T,Bored,Bored,Beanie
8180,,Void Black,Dark Brown,Lab Coat,Small Grin,Sad,Bowler
8181,,Void Black,Cream,Glowrift T Black,Bored Kazoo,Bloodshot,Shadow Hat
8182,Gold Hoop,Void Black,Dmt,Navy Striped Tee,Bored,Blindfold,Bandana Blue
8183,,Void Black,Tan,Cowboy Shirt,Bored,Blue Beams,
8184,,Void Black,Brown,Bandolier,Bored Cigarette,Bored,
8185,Diamond Stud,Void Black,Brown,Guayabera,Bored Unshaven Bubblegum,Phantom,Prussian Helmet
8186,,Void Black,Brown,Glowrift T Black,Bored,Sunglasses,Beanie
8187,,Void Black,Dmt,Void Rift T,Phoneme ooo,Wide Eyed,King's Crown
8188,,Void Black,Brown,Bandolier,Bored Unshaven Cigarette,Hypnotized,Halo
8189,,Void Black,Gray,Hip Hop,Phoneme ooo,Bored,
8190,,Void Black,Black,Navy Striped Tee,Phoneme Wah,Bored,Short Mohawk
8191,,Void Black,White,Work Vest,Bored Pipe,Phantom,Crimson Hat
8192,,Void Black,Cheetah,Guayabera,Bored,Phantom,Stuntman Helmet
8193,,Void Black,Dark Brown,Puffy Vest,Small Grin,Closed,Halo
8194,Gold Stud,Void Black,Blue,Admirals Coat,Phoneme L,Wide Eyed,Vietnam Era Helmet
8195,Silver Hoop,Void Black,Pink,Work Vest,Bored Cigarette,Bored,Horns
8196,Silver Hoop,Void Black,Cheetah,Puffy Vest,Bored Pipe,Angry,Beanie
8197,Gold Hoop,Void Black,Black,Biker Vest,Phoneme ooo,Wide Eyed,Fez
8198,,Void Black,Golden Brown,Cowboy Shirt,Phoneme Wah,Sleepy,S&m Hat
8199,,Void Black,Tan,Tanktop,Phoneme L,Bored,Vietnam Era Helmet
8200,,Void Black,Gray,Navy Striped Tee,Phoneme Vuh,Heart,
8201,,Void Black,Golden Brown,Blue Dress,Bored Unshaven,3d,
8202,,Void Black,Dark Brown,Black T,Grin,Angry,
8203,Silver Hoop,Void Black,Golden Brown,Void Rift T,Grin,Prismatic,Girl's Hair Short
8204,,Void Black,Gray,Lab Coat,Bored Unshaven,Sad,Voyager's Hat
8205,,Void Black,White,,Bored,Scumbag,Sushi Chef Headband
8206,,Void Black,Chrome,Stunt Jacket,Bored Unshaven,Sleepy,
8207,,Void Black,Black,Fossil Tee,Jovial,Heart,Short Mohawk
8208,,Void Black,Cream,Biker Vest,Bored,Laser Eyes,Girl's Hair Pink
8209,Silver Stud,Void Black,Black,Service,Bored Unshaven Cigar,Crazy,
8210,,Void Black,Gray,,Phoneme ooo,Closed,Girl's Hair Short
8211,Silver Hoop,Void Black,Golden Brown,Kings Robe,Bored Kazoo,Closed,Crimson Hat
8212,,Void Black,Brown,Sailor Shirt,Small Grin,Heart,Shadow Hat
8213,,Void Black,Cream,Striped Tee,Bored Unshaven,Coins,
8214,,Void Black,White,Vietnam Jacket,Bored Cigarette,X Eyes,Fisherman's Hat
8215,Silver Hoop,Void Black,Dark Brown,Black T,Bored,Hypnotized,Sushi Chef Headband
8216,,Void Black,Dark Brown,Black T,Bored,Sunglasses,Party Hat 2
8217,,Void Black,Tan,Bandolier,Grin,Scumbag,Fisherman's Hat
8218,,Void Black,Dark Brown,Hawaiian,Bored,Bored,S&m Hat
8219,Silver Stud,Void Black,Cheetah,Leather Spectrum Jacket,Grin Diamond Grill,Sleepy,Shadow Hat
8220,,Void Black,Pink,,Bored Party Horn,Bored,Bowler
8221,,Void Black,Tan,,Phoneme L,Heart,Party Hat 2
8222,,Void Black,Chrome,Hawaiian,Rage,Bored,Fisherman's Hat
8223,,Void Black,Brown,Lumberjack Shirt,Rage,Coins,Spinner Hat
8224,,Void Black,Blue,Black T,Small Grin,Chrome,Spinner Hat
8225,Silver Stud,Void Black,Blue,Striped Tee,Bored,Heart,
8226,,Void Black,Blue,Blue Dress,Grin Diamond Grill,Eyepatch,
8227,,Void Black,Black,Sailor Shirt,Bored Unshaven,Sleepy,Fisherman's Hat
8228,,Void Black,Black,Leather Jacket,Bored Unshaven,Wide Eyed,
8229,,Void Black,Golden Brown,Fossil Necklace,Dumbfounded,X Eyes,Fisherman's Hat
8230,,Void Black,Golden Brown,Tie Dye,Bored Unshaven,Phantom,
8231,,Void Black,Black,,Phoneme ooo,Closed,Girl's Hair Short
8232,,Void Black,Black,Biker Vest,Phoneme Oh,3d,
8233,,Void Black,Brown,Rainbow Suspenders,Phoneme Oh,Chrome,
8234,,Void Black,Dark Brown,Leather Spectrum Jacket,Dumbfounded,Phantom,Halo
8235,,Void Black,Black,,Bored Pizza,Bored,
8236,Diamond Stud,Void Black,Chrome,Smoking Jacket,Bored Kazoo,Angry,
8237,,Void Black,Brown,Fossil Necklace,Phoneme ooo,Heart,Prussian Helmet
8238,,Void Black,Blue,Smoking Jacket,Bored,Chrome,Crimson Hat
8239,Gold Hoop,Void Black,Golden Brown,Puffy Vest,Tongue Out,Neonborg,Cowboy Hat
8240,Silver Stud,Void Black,Chrome,Service,Bored Unshaven Cigarette,Bloodshot,
8241,,Void Black,Brown,,Discomfort,Angry,S&m Hat
8242,,Void Black,Black,Tie Dye,Phoneme L,Bloodshot,Stuntman Helmet
8243,,Void Black,Brown,Striped Tee,Phoneme Oh,Scumbag,
8244,,Void Black,White,Black Suit,Bored,Angry,Cowboy Hat
8245,Silver Hoop,Void Black,Dmt,Leather Spectrum Jacket,Bored,Angry,Bunny Ears
8246,,Void Black,Cheetah,,Bored,Sunglasses,Short Mohawk
8247,,Void Black,Golden Brown,,Phoneme Wah,Hypnotized,Sushi Chef Headband
8248,Gold Hoop,Void Black,Brown,Sleeveless T,Bored Unshaven,Bored,Cowboy Hat
8249,,Void Black,Cream,Black T,Bored Cigarette,Coins,
8250,,Void Black,Chrome,Tweed Suit,Bored Cigarette,Wide Eyed,
8251,Silver Hoop,Void Black,Phantom,Fossil Tee,Phoneme Oh,Bored,Beanie
8252,,Void Black,Dark Brown,Puffy Vest,Discomfort,Sad,Glowrift Hat Black
8253,,Void Black,Gray,Work Vest,Bored,Laser Eyes,Horns
8254,Gold Hoop,Void Black,Tan,Tuxedo Tee,Bored Unshaven Cigarette,Bored,Bunny Ears
8255,Silver Hoop,Void Black,White,,Bored,Coins,
8256,,Void Black,Dmt,,Rage,Coins,
8257,Gold Hoop,Void Black,Black,Prison Jumpsuit,Phoneme L,Eyepatch,Halo
8258,,Void Black,Cream,,Bored,Bored,Cowboy Hat
8259,Silver Hoop,Void Black,Dark Brown,Glowrift T Black,Bored Unshaven Cigarette,Eyepatch,Spinner Hat
8260,Silver Stud,Void Black,Dmt,Blue Dress,Phoneme ooo,3d,Cowboy Hat
8261,,Void Black,Blue,Navy Striped Tee,Bored Cigarette,Wide Eyed,
8262,,Void Black,Gray,Guayabera,Bored Party Horn,Wide Eyed,Glowrift Hat Red
8263,,Void Black,Brown,Black T,Dumbfounded,Wide Eyed,
8264,,Void Black,Brown,Caveman Pelt,Bored Cigarette,Heart,
8265,,Void Black,Gray,,Bored Unshaven,Sleepy,
8266,,Void Black,Golden Brown,Bandolier,Bored Unshaven Kazoo,Chrome,
8267,,Void Black,Black,Black T,Grin,Bored,
8268,,Void Black,Cream,Work Vest,Bored Party Horn,Sleepy,Bowler
8269,Silver Hoop,Void Black,Cream,Striped Tee,Bored Cigarette,Sunglasses,Fisherman's Hat
8270,,Void Black,Black,Tuxedo Tee,Bored Cigar,Phantom,
8271,Silver Stud,Void Black,Chrome,Black T,Bored,Bored,
8272,,Void Black,Brown,Sailor Shirt,Bored,Bored,Beanie
8273,,Void Black,Black,Biker Vest,Phoneme Vuh,Prismatic,
8274,,Void Black,Cheetah,Wool Turtleneck,Bored Unshaven Dagger,3d,Fisherman's Hat
8275,,Void Black,Brown,Rainbow Suspenders,Bored Cigar,Closed,Sushi Chef Headband
8276,Silver Hoop,Void Black,Golden Brown,Service,Bored,Bored,
8277,,Void Black,Black,,Bored Unshaven Cigarette,Bored,Short Mohawk
8278,,Void Black,Red,,Bored Unshaven,Sleepy,Glowrift Hat Black
8279,,Void Black,Cream,Lumberjack Shirt,Bored,Bloodshot,Fisherman's Hat
8280,,Void Black,Cream,Vietnam Jacket,Bored Unshaven,Bored,Glowrift Hat Black
8281,,Void Black,Gray,Vietnam Jacket,Phoneme Vuh,Scumbag,Safari
8282,Diamond Stud,Void Black,Black,Hawaiian,Phoneme Wah,Bloodshot,Beanie
8283,Diamond Stud,Void Black,Pink,Puffy Vest,Bored,Bloodshot,
8284,Silver Hoop,Void Black,Void Bot,Hawaiian,Bored Cigarette,Heart,Fisherman's Hat
8285,,Void Black,Brown,Vietnam Jacket,Bored Cigarette,Bored,Voyager's Hat
8286,,Void Black,Black,,Bored Unshaven Cigarette,Scumbag,
8287,,Void Black,Red,,Bored Cigar,Scumbag,Beanie
8288,Silver Hoop,Void Black,Golden Brown,Caveman Pelt,Dumbfounded,Sleepy,Baby's Bonnet
8289,Cross,Void Black,Dark Brown,Fossil Necklace,Phoneme L,Angry,Glowrift Flipped Brim
8290,,Void Black,Tan,,Grin,Bored,Bunny Ears
8291,,Void Black,Chrome,,Bored,Bored,Party Hat 1
8292,,Void Black,Black,Puffy Vest,Bored,Closed,Horns
8293,,Void Black,Black,,Bored Pipe,Bored,Voyager's Hat
8294,,Void Black,Cream,Black T,Dumbfounded,Wide Eyed,Cowboy Hat
8295,,Void Black,Chromatic,Stunt Jacket,Bored,Bored,Voyager's Hat
8296,Gold Stud,Void Black,Tan,Black T,Small Grin,Neonborg,Safari
8297,Silver Stud,Void Black,Cheetah,Lumberjack Shirt,Bored Unshaven,Bloodshot,Glowrift Flipped Brim
8298,,Void Black,Dark Brown,Navy Striped Tee,Bored Unshaven Cigarette,Bloodshot,S&m Hat
8299,Gold Hoop,Void Black,Brown,Navy Striped Tee,Bored,Bloodshot,Bowler
8300,Silver Stud,Void Black,Void Bot,Bandolier,Bored,Sad,Sky Captain's Hat
8301,,Void Black,Cream,,Bored,Heart,Beanie
8302,,Void Black,Tan,Bandolier,Bored Unshaven,Bored,
8303,Gold Hoop,Void Black,Phantom,Striped Tee,Phoneme L,Bored,
8304,,Void Black,Black,Caveman Pelt,Phoneme ooo,Bloodshot,Stuntman Helmet
8305,Silver Hoop,Void Black,Cream,Prison Jumpsuit,Bored Unshaven Cigarette,Coins,Beanie
8306,,Void Black,Red,Leather Jacket,Bored,Bored,Bowler
8307,Gold Stud,Void Black,Golden Brown,Tanktop,Phoneme Oh,Coins,Irish Boho
8308,Silver Hoop,Void Black,Pink,Guayabera,Bored Unshaven Cigarette,Wide Eyed,Horns
8309,,Void Black,Cream,Lumberjack Shirt,Phoneme L,Bloodshot,Safari
8310,,Void Black,Gray,Tuxedo Tee,Bored,Crazy,Sky Captain's Hat
8311,Silver Hoop,Void Black,Dark Brown,Caveman Pelt,Phoneme ooo,Eyepatch,Fez
8312,,Void Black,Black,Black T,Phoneme ooo,Angry,Glowrift Flipped Brim
8313,,Void Black,Tan,Guayabera,Dumbfounded,Wide Eyed,Beanie
8314,,Void Black,Phantom,Sailor Shirt,Bored Unshaven,Sleepy,Glowrift Hat Black
8315,,Void Black,Golden Brown,Smoking Jacket,Bored Cigarette,Bored,Bunny Ears
8316,,Void Black,Dark Brown,Service,Phoneme Oh,Laser Eyes,
8317,,Void Black,Brown,Smoking Jacket,Bored,Wide Eyed,Voyager's Hat
8318,,Void Black,Cheetah,Lumberjack Shirt,Small Grin,Bored,
8319,,Void Black,Black,Hawaiian,Bored Unshaven,Scumbag,Baby's Bonnet
8320,,Void Black,Tan,Stunt Jacket,Bored Cigarette,Sleepy,Party Hat 1
8321,,Void Black,Brown,Hawaiian,Bored,Crazy,
8322,,Void Black,Black,,Grin,Prismatic,Glowrift Hat Black
8323,,Void Black,Cream,Sleeveless T,Grin Diamond Grill,Bloodshot,Cowboy Hat
8324,,Void Black,Gray,Sleeveless Logo T,Small Grin,Bored,
8325,,Void Black,Gray,Biker Vest,Bored,Closed,
8326,Silver Hoop,Void Black,Phantom,Tweed Suit,Phoneme Wah,Hypnotized,Shadow Hat
8327,Gold Hoop,Void Black,Cream,,Bored Unshaven Kazoo,Bored,Crimson Hat
8328,,Void Black,Red,,Bored Unshaven,Angry,S&m Hat
8329,,Void Black,Dark Brown,Sailor Shirt,Bored Unshaven,Bloodshot,Cowboy Hat
8330,,Void Black,Red,Biker Vest,Bored,Scumbag,Girl's Hair Pink
8331,Silver Stud,Void Black,Dark Brown,Void Rift T,Bored Unshaven,Bloodshot,Laurel Wreath
8332,,Void Black,Chrome,Sleeveless Logo T,Phoneme Oh,Bloodshot,Irish Boho
8333,Gold Stud,Void Black,Chromatic,Pimp Coat,Grin,Bored,Faux Hawk
8334,,Void Black,Cheetah,Void Rift T,Bored,Closed,S&m Hat
8335,,Void Black,Cheetah,Tweed Suit,Bored,Angry,
8336,,Void Black,Blue,Bandolier,Bored Cigarette,Coins,Fez
8337,,Void Black,Cream,Leather Spectrum Jacket,Rage,Sleepy,Fisherman's Hat
8338,Gold Stud,Void Black,Tan,,Bored Cigarette,Phantom,Cowboy Hat
8339,Diamond Stud,Void Black,Red,Lumberjack Shirt,Bored Unshaven,Scumbag,Glowrift Hat Black
8340,Silver Stud,Void Black,Dark Brown,Prison Jumpsuit,Bored Pipe,Chrome,Cowboy Hat
8341,,Void Black,Brown,Hawaiian,Bored Pipe,Wide Eyed,Beanie
8342,Gold Hoop,Void Black,Dark Brown,Prom Dress,Bored Pipe,Closed,Girl's Hair Short
8343,Silver Stud,Void Black,Brown,Pimp Coat,Grin,Sad,Shadow Hat
8344,,Void Black,Noise,Hawaiian,Phoneme Vuh,Bored,Fisherman's Hat
8345,,Void Black,Dark Brown,Toga,Bored Unshaven Cigarette,Sad,Fez
8346,Gold Stud,Void Black,Dark Brown,Black T,Discomfort,Bored,Horns
8347,,Void Black,Brown,Caveman Pelt,Phoneme ooo,X Eyes,Bunny Ears
8348,Silver Hoop,Void Black,Golden Brown,Wool Turtleneck,Bored,Crazy,Crimson Hat
8349,Diamond Stud,Void Black,Cheetah,,Grin,3d,
8350,,Void Black,Brown,Kings Robe,Bored Cigar,Chrome,Halo
8351,,Void Black,Void Bot,,Bored Unshaven,3d,Irish Boho
8352,,Void Black,White,Tweed Suit,Bored Unshaven Cigarette,Angry,
8353,,Void Black,Brown,Void Rift T,Bored Unshaven Cigarette,Chrome,Glowrift Hat Black
8354,,Void Black,Brown,,Bored Unshaven,Prismatic,Shadow Hat
8355,,Void Black,Gray,,Phoneme ooo,Wide Eyed,Stuntman Helmet
8356,Silver Stud,Void Black,Brown,Smoking Jacket,Grin,Sleepy,Short Mohawk
8357,Gold Hoop,Void Black,Black,Leather Jacket,Bored,Angry,Sky Captain's Hat
8358,Gold Hoop,Void Black,Gray,Fossil Tee,Tongue Out,Coins,Bunny Ears
8359,,Void Black,Cheetah,,Bored,Sleepy,Fez
8360,Silver Hoop,Void Black,Tan,Guayabera,Rage,Scumbag,
8361,,Void Black,Gray,Tanktop,Grin Multicolored,Angry,Glowrift Hat Red
8362,,Void Black,Red,Caveman Pelt,Bored Unshaven Cigar,Chrome,Glowrift Hat Black
8363,Silver Stud,Void Black,Chrome,Space Suit,Bored,X Eyes,Fez
8364,,Void Black,Black,Tuxedo Tee,Bored Unshaven,Bloodshot,Fisherman's Hat
8365,,Void Black,White,Vietnam Jacket,Bored,Angry,Horns
8366,Gold Stud,Void Black,Brown,Fossil Necklace,Bored,Bored,Bowler
8367,,Void Black,Red,Sleeveless T,Phoneme L,Hypnotized,Prussian Helmet
8368,,Void Black,Black,Striped Tee,Bored,Sleepy,
8369,,Void Black,Gray,Glowrift T Black,Bored,Bored,
8370,,Void Black,Black,Vietnam Jacket,Dumbfounded,Prismatic,Glowrift Flipped Brim
8371,,Void Black,Cream,Caveman Pelt,Phoneme Oh,Crazy,Beanie
8372,,Void Black,Cream,,Bored,X Eyes,Irish Boho
8373,,Void Black,Noise,Fossil Tee,Phoneme Vuh,Closed,Spinner Hat
8374,,Void Black,Dmt,,Bored Unshaven Cigarette,Sleepy,Fisherman's Hat
8375,,Void Black,Black,Black T,Bored Unshaven Kazoo,Wide Eyed,Irish Boho
8376,Diamond Stud,Void Black,Blue,,Bored Unshaven,Sleepy,
8377,,Void Black,Gray,Fossil Necklace,Bored Cigar,Sad,Fez
8378,Silver Hoop,Void Black,Pink,Guayabera,Phoneme L,Bored,
8379,,Void Black,Brown,Cowboy Shirt,Grin Multicolored,Bored,Glowrift Hat Red
8380,,Void Black,Cream,Black T,Bored,Scumbag,Irish Boho
8381,,Void Black,Dark Brown,Navy Striped Tee,Bored Unshaven,Bored,
8382,,Void Black,Brown,Glowrift T Red,Bored Unshaven Bubblegum,Wide Eyed,Girl's Hair Pink
8383,,Void Black,Red,Caveman Pelt,Bored Unshaven,Closed,Glowrift Flipped Brim
8384,,Void Black,Black,Glowrift T Red,Phoneme Oh,Bored,Baby's Bonnet
8385,,Void Black,Red,Wool Turtleneck,Bored Unshaven,Angry,Bandana Blue
8386,Silver Stud,Void Black,Red,,Dumbfounded,Laser Eyes,
8387,,Void Black,Blue,Navy Striped Tee,Bored Cigarette,Phantom,
8388,,Void Black,Dark Brown,Navy Striped Tee,Bored,Closed,Prussian Helmet
8389,,Void Black,Dark Brown,Tweed Suit,Bored,Bored,Horns
8390,Cross,Void Black,Golden Brown,,Bored,Wide Eyed,
8391,,Void Black,Dmt,Hip Hop,Bored Cigar,Heart,Fisherman's Hat
8392,,Void Black,Cream,Striped Tee,Dumbfounded,Bored,Halo
8393,,Void Black,Brown,Biker Vest,Bored Unshaven Cigar,3d,Cowboy Hat
8394,,Void Black,Black,Leather Spectrum Jacket,Phoneme ooo,Wide Eyed,Sky Captain's Hat
8395,,Void Black,Black,Wool Turtleneck,Bored,Bored,Vietnam Era Helmet
8396,Gold Hoop,Void Black,Pink,,Bored,Sad,Faux Hawk
8397,,Void Black,Dark Brown,Black T,Phoneme Wah,Chrome,
8398,,Void Black,Brown,Fossil Tee,Bored Unshaven Cigarette,Sad,Halo
8399,,Void Black,Dark Brown,Hawaiian,Rage,Wide Eyed,Bunny Ears
8400,,Void Black,Dark Brown,Blue Dress,Grin Gold Grill,Blindfold,Glowrift Flipped Brim
8401,Silver Stud,Void Black,Blue,Fossil Tee,Bored,Closed,Sky Captain's Hat
8402,,Void Black,Chrome,Navy Striped Tee,Bored Unshaven Cigarette,3d,Party Hat 1
8403,,Void Black,Brown,Fossil Necklace,Rage,3d,Party Hat 2
8404,,Void Black,Brown,Lumberjack Shirt,Phoneme ooo,Chrome,
8405,,Void Black,Tan,Prison Jumpsuit,Bored Bubblegum,Sunglasses,Crimson Hat
8406,Silver Stud,Void Black,Dark Brown,Cowboy Shirt,Jovial,Prismatic,Fez
8407,,Void Black,Gray,Striped Tee,Phoneme ooo,Heart,Irish Boho
8408,,Void Black,Golden Brown,,Phoneme L,Bored,
8409,Gold Hoop,Void Black,Pink,,Tongue Out,3d,Baby's Bonnet
8410,,Void Black,Tan,Fossil Tee,Bored Unshaven,Sunglasses,
8411,,Void Black,Brown,Leather Jacket,Bored,3d,Sushi Chef Headband
8412,,Void Black,Red,Smoking Jacket,Bored,Bored,Fisherman's Hat
8413,Gold Stud,Void Black,Dark Brown,Pimp Coat,Bored Unshaven,Scumbag,Bowler
8414,,Void Black,Cream,Prom Dress,Bored,Bloodshot,Glowrift Flipped Brim
8415,,Void Black,Brown,Admirals Coat,Bored,Heart,Fez
8416,Silver Stud,Void Black,Void Bot,,Bored Unshaven,Bored,
8417,,Void Black,White,Lumberjack Shirt,Dumbfounded,Bloodshot,Shadow Hat
8418,Gold Stud,Void Black,Brown,Black T,Bored Cigarette,Sad,Halo
8419,,Void Black,Gray,Tie Dye,Phoneme Wah,Bored,Beanie
8420,Diamond Stud,Void Black,Blue,Space Suit,Bored,Sleepy,
8421,,Void Black,Tan,Hip Hop,Phoneme Vuh,Bloodshot,Beanie
8422,Diamond Stud,Void Black,Noise,,Bored,Prismatic,Glowrift Flipped Brim
8423,,Void Black,Dark Brown,Black T,Bored,Bloodshot,Short Mohawk
8424,,Void Black,Red,Fossil Tee,Phoneme Vuh,Sad,Horns
8425,Gold Stud,Void Black,Blue,Rainbow Suspenders,Bored,Heart,Cowboy Hat
8426,,Void Black,Blue,Black T,Bored Unshaven,Eyepatch,Vietnam Era Helmet
8427,,Void Black,Brown,Striped Tee,Bored Unshaven,Bored,Baby's Bonnet
8428,,Void Black,Dark Brown,Prison Jumpsuit,Bored,Angry,Sushi Chef Headband
8429,,Void Black,Pink,Void Rift T,Bored,Coins,King's Crown
8430,,Void Black,Golden Brown,Navy Striped Tee,Bored Cigarette,3d,Prussian Helmet
8431,Silver Stud,Void Black,Golden Brown,Glowrift T Black,Bored,Closed,
8432,,Void Black,Gray,Tanktop,Phoneme Vuh,Wide Eyed,Cowboy Hat
8433,,Void Black,Golden Brown,Tuxedo Tee,Tongue Out,Hypnotized,King's Crown
8434,,Void Black,Blue,Work Vest,Bored Bubblegum,3d,Party Hat 1
8435,,Void Black,Blue,Tweed Suit,Dumbfounded,Bloodshot,
8436,,Void Black,Noise,Guayabera,Small Grin,Blue Beams,Beanie
8437,,Void Black,Black,Tuxedo Tee,Phoneme Wah,Sad,
8438,Cross,Void Black,Void Bot,,Bored Unshaven,Closed,Cowboy Hat
8439,Silver Stud,Void Black,Black,,Dumbfounded,Blindfold,Glowrift Hat Red
8440,,Void Black,White,Wool Turtleneck,Grin,Sleepy,Spinner Hat
8441,,Void Black,Golden Brown,Wool Turtleneck,Phoneme Vuh,Scumbag,
8442,,Void Black,Brown,Tuxedo Tee,Grin,Bloodshot,Girl's Hair Short
8443,,Void Black,Black,Striped Tee,Phoneme L,Bored,Bandana Blue
8444,Silver Hoop,Void Black,Blue,Biker Vest,Small Grin,Sad,
8445,,Void Black,White,Tanktop,Bored Unshaven,Bored,Vietnam Era Helmet
8446,Gold Hoop,Void Black,Black,Navy Striped Tee,Bored,Sad,
8447,,Void Black,Pink,Biker Vest,Bored Cigarette,Sleepy,
8448,,Void Black,Chromatic,,Small Grin,Laser Eyes,Fez
8449,,Void Black,Black,Black T,Bored,Bored,Baby's Bonnet
8450,,Void Black,Brown,Navy Striped Tee,Small Grin,X Eyes,Irish Boho
8451,Silver Stud,Void Black,Gray,Glowrift T Red,Phoneme Vuh,Angry,Bowler
8452,,Void Black,Blue,Striped Tee,Bored Cigarette,Sad,Short Mohawk
8453,Silver Stud,Void Black,Phantom,Glowrift T Red,Small Grin,Bloodshot,Fez
8454,,Void Black,White,,Phoneme Vuh,Sunglasses,
8455,Gold Stud,Void Black,Golden Brown,Wool Turtleneck,Bored Cigarette,Eyepatch,S&m Hat
8456,Silver Stud,Void Black,Dark Brown,,Phoneme ooo,Closed,Shadow Hat
8457,,Void Black,Dmt,Cowboy Shirt,Small Grin,Bored,Prussian Helmet
8458,,Void Black,Black,,Bored Unshaven Cigar,Sleepy,Crimson Hat
8459,,Void Black,Brown,Biker Vest,Bored,Closed,Baby's Bonnet
8460,Silver Hoop,Void Black,Dark Brown,Striped Tee,Phoneme ooo,3d,Beanie
8461,Diamond Stud,Void Black,Golden Brown,Tweed Suit,Bored Pizza,Coins,
8462,,Void Black,Black,Lumberjack Shirt,Dumbfounded,3d,Halo
8463,,Void Black,Dark Brown,Admirals Coat,Bored Cigarette,Sunglasses,Bowler
8464,,Void Black,Blue,Wool Turtleneck,Bored Unshaven,3d,Party Hat 1
8465,,Void Black,Black,Tanktop,Bored Unshaven,Laser Eyes,Party Hat 1
8466,Silver Hoop,Void Black,Brown,Vietnam Jacket,Bored,Bored,Short Mohawk
8467,,Void Black,Cheetah,Glowrift T Red,Rage,Bloodshot,Halo
8468,,Void Black,Chrome,,Bored,Sunglasses,Sky Captain's Hat
8469,,Void Black,Brown,,Grin,Sleepy,Halo
8470,Silver Stud,Void Black,Dark Brown,Navy Striped Tee,Phoneme Vuh,Bored,
8471,Silver Hoop,Void Black,Golden Brown,Fossil Tee,Bored Unshaven,Coins,
8472,Silver Hoop,Void Black,Cheetah,,Bored Unshaven,Neonborg,Vietnam Era Helmet
8473,,Void Black,Cream,Striped Tee,Bored,Closed,Voyager's Hat
8474,Silver Stud,Void Black,Dark Brown,Leather Jacket,Dumbfounded,Eyepatch,Sushi Chef Headband
8475,Gold Hoop,Void Black,Golden Brown,,Bored Unshaven Pipe,Crazy,Fez
8476,Diamond Stud,Void Black,Brown,Hawaiian,Grin Gold Grill,Closed,Fisherman's Hat
8477,,Void Black,Void Bot,,Bored Unshaven,Crazy,
8478,Diamond Stud,Void Black,Void Bot,Prom Dress,Phoneme L,Sleepy,Fez
8479,,Void Black,Cream,Lumberjack Shirt,Bored,Bloodshot,Vietnam Era Helmet
8480,Silver Stud,Void Black,Red,Smoking Jacket,Bored Unshaven Bubblegum,Coins,Sky Captain's Hat
8481,,Void Black,Tan,Black T,Phoneme ooo,Wide Eyed,Irish Boho
8482,,Void Black,Dark Brown,Black T,Grin,Wide Eyed,Chromatic Captain's Hat
8483,,Void Black,Dark Brown,Smoking Jacket,Bored Cigarette,Blue Beams,
8484,Gold Stud,Void Black,Brown,,Phoneme ooo,Prismatic,
8485,Silver Stud,Void Black,Brown,,Bored,Sunglasses,Spinner Hat
8486,,Void Black,Golden Brown,Wool Turtleneck,Bored Unshaven,Angry,
8487,,Void Black,Cream,Guayabera,Bored Unshaven,Angry,Glowrift Hat Black
8488,,Void Black,Blue,Smoking Jacket,Bored Cigarette,Prismatic,Shadow Hat
8489,Gold Stud,Void Black,Brown,Stunt Jacket,Jovial,Coins,Girl's Hair Short
8490,,Void Black,Brown,Space Suit,Bored Unshaven,X Eyes,Fez
8491,Silver Hoop,Void Black,Golden Brown,Lab Coat,Bored Unshaven,Scumbag,Voyager's Hat
8492,,Void Black,Pink,Black T,Jovial,Angry,Crimson Hat
8493,Gold Hoop,Void Black,Blue,Sailor Shirt,Jovial,Bored,Spinner Hat
8494,,Void Black,White,Leather Spectrum Jacket,Tongue Out,Coins,Stuntman Helmet
8495,Gold Stud,Void Black,Dmt,Navy Striped Tee,Bored,Heart,
8496,,Void Black,Cheetah,,Bored Unshaven,Sad,Voyager's Hat
8497,,Void Black,Dark Brown,Space Suit,Bored Unshaven Cigarette,Bored,
8498,Silver Hoop,Void Black,Cream,,Bored Unshaven,Crazy,Fez
8499,,Void Black,Blue,Hawaiian,Bored Unshaven Pipe,Bored,Bunny Ears
8500,Silver Hoop,Void Black,Brown,Work Vest,Bored,Bloodshot,Sky Captain's Hat
8501,Gold Hoop,Void Black,Brown,Work Vest,Bored,Closed,Girl's Hair Pink
8502,Gold Stud,Void Black,Cream,,Rage,Scumbag,Short Mohawk
8503,Diamond Stud,Void Black,Red,Fossil Necklace,Bored Unshaven,Sleepy,Fisherman's Hat
8504,,Void Black,Pink,,Grin,Bloodshot,Girl's Hair Short
8505,,Void Black,Golden Brown,Sailor Shirt,Bored,Sleepy,Cowboy Hat
8506,Silver Stud,Void Black,Dark Brown,Glowrift T Black,Phoneme Vuh,Angry,Fez
8507,,Void Black,Void Bot,Vietnam Jacket,Phoneme L,Bored,
8508,,Void Black,Cream,Puffy Vest,Grin,Sunglasses,
8509,,Void Black,Brown,Smoking Jacket,Bored,Crazy,
8510,Silver Hoop,Void Black,Dark Brown,Puffy Vest,Bored,Sunglasses,
8511,,Void Black,Red,Puffy Vest,Bored,Wide Eyed,Halo
8512,,Void Black,Cream,Service,Bored,Bloodshot,
8513,Cross,Void Black,Brown,Rainbow Suspenders,Bored Unshaven,Closed,Sky Captain's Hat
8514,,Void Black,Red,Black T,Bored Unshaven,Bored,Voyager's Hat
8515,,Void Black,Tan,Tanktop,Dumbfounded,Heart,Voyager's Hat
8516,Diamond Stud,Void Black,Brown,Fossil Tee,Bored Unshaven,Heart,Fez
8517,Gold Hoop,Void Black,Red,Prison Jumpsuit,Bored Unshaven,X Eyes,
8518,,Void Black,Dark Brown,Black T,Bored,Sleepy,Party Hat 1
8519,Cross,Void Black,White,,Bored Unshaven Cigarette,Eyepatch,Cowboy Hat
8520,,Void Black,Black,Prom Dress,Phoneme Oh,Bored,Sky Captain's Hat
8521,Silver Hoop,Void Black,Pink,,Bored Unshaven,Phantom,
8522,Silver Hoop,Void Black,Chromatic,Navy Striped Tee,Bored Pipe,Phantom,Girl's Hair Pink
8523,,Void Black,Cheetah,Wool Turtleneck,Bored,Sleepy,Girl's Hair Short
8524,,Void Black,Black,Work Vest,Bored Unshaven,Crazy,
8525,,Void Black,White,Vietnam Jacket,Bored Unshaven Pipe,Sad,Glowrift Hat Black
8526,,Void Black,Red,Tweed Suit,Bored,Angry,
8527,Gold Stud,Void Black,Void Bot,Leather Jacket,Bored Unshaven,Sad,
8528,Silver Hoop,Void Black,Brown,Tuxedo Tee,Bored,Crazy,Crimson Hat
8529,,Void Black,Tan,Sleeveless T,Phoneme Vuh,Bloodshot,Beanie
8530,Silver Hoop,Void Black,Dark Brown,Biker Vest,Grin,Bored,Horns
8531,,Void Black,White,Tweed Suit,Bored Unshaven,Heart,Fez
8532,,Void Black,Brown,Smoking Jacket,Jovial,Bloodshot,Glowrift Flipped Brim
8533,Gold Hoop,Void Black,Dark Brown,Biker Vest,Bored,Sunglasses,Voyager's Hat
8534,,Void Black,Black,Pimp Coat,Grin,Phantom,Sky Captain's Hat
8535,,Void Black,Chrome,Hawaiian,Grin Diamond Grill,Closed,Beanie
8536,,Void Black,Gray,Sailor Shirt,Grin,Bored,
8537,,Void Black,Black,Void Rift T,Phoneme Vuh,Bored,Glowrift Hat Black
8538,Silver Hoop,Void Black,White,Guayabera,Discomfort,Prismatic,Horns
8539,Gold Stud,Void Black,Cream,Cowboy Shirt,Bored Unshaven Party horn,Bored,Crimson Hat
8540,,Void Black,Chrome,Puffy Vest,Bored Cigarette,Closed,Girl's Hair Pink
8541,,Void Black,Gray,Guayabera,Bored Unshaven,Closed,Halo
8542,,Void Black,Pink,Puffy Vest,Bored,Bloodshot,Bowler
8543,Gold Hoop,Void Black,Golden Brown,,Bored Unshaven Cigarette,Chrome,Bowler
8544,Cross,Void Black,Golden Brown,Sleeveless T,Grin Gold Grill,Sleepy,Fez
8545,Silver Stud,Void Black,Red,Black T,Phoneme Oh,Closed,
8546,,Void Black,Phantom,Tweed Suit,Jovial,Bored,Sky Captain's Hat
8547,,Void Black,Phantom,Caveman Pelt,Bored Unshaven,Wide Eyed,Short Mohawk
8548,,Void Black,Tan,Hip Hop,Discomfort,Crazy,
8549,Silver Stud,Void Black,Blue,,Bored Unshaven Cigarette,Bored,
8550,,Void Black,Void Bot,Black T,Bored,Bored,Horns
8551,,Void Black,Brown,Cowboy Shirt,Bored Unshaven,Sleepy,
8552,Silver Hoop,Void Black,Radiant Gold,Biker Vest,Bored Pipe,Wide Eyed,Sushi Chef Headband
8553,,Void Black,Black,Biker Vest,Grin Multicolored,Sleepy,Beanie
8554,,Void Black,Gray,Tie Dye,Rage,Bored,Sky Captain's Hat
8555,,Void Black,Brown,,Grin Diamond Grill,Sleepy,Party Hat 2
8556,,Void Black,Dark Brown,Toga,Bored Unshaven Cigarette,Eyepatch,Glowrift Hat Red
8557,,Void Black,Blue,Service,Rage,3d,
8558,Silver Stud,Void Black,Black,Wool Turtleneck,Bored Unshaven,Bored,
8559,Silver Hoop,Void Black,Blue,Black T,Dumbfounded,Bored,Halo
8560,,Void Black,Chrome,,Bored,Bored,
8561,,Void Black,Dark Brown,Toga,Grin,Closed,Fisherman's Hat
8562,Silver Hoop,Void Black,Cheetah,Lumberjack Shirt,Bored Unshaven Cigarette,Bored,Sushi Chef Headband
8563,,Void Black,Blue,Tuxedo Tee,Grin Gold Grill,Sleepy,
8564,,Void Black,Pink,Sleeveless Logo T,Dumbfounded,Closed,Horns
8565,,Void Black,Gray,Caveman Pelt,Phoneme ooo,Chrome,Baby's Bonnet
8566,Silver Hoop,Void Black,Brown,Void Rift T,Bored Cigarette,Crazy,
8567,,Void Black,Gray,,Bored Kazoo,Wide Eyed,Vietnam Era Helmet
8568,,Void Black,Tan,,Jovial,X Eyes,Beanie
8569,,Void Black,Tan,Sleeveless T,Bored Unshaven,Closed,Horns
8570,Silver Stud,Void Black,Tan,Lab Coat,Small Grin,Angry,Beanie
8571,,Void Black,Black,Striped Tee,Bored,3d,Baby's Bonnet
8572,Silver Hoop,Void Black,Blue,,Bored Cigar,Eyepatch,Cowboy Hat
8573,,Void Black,Golden Brown,Smoking Jacket,Dumbfounded,Wide Eyed,
8574,,Void Black,Gray,,Small Grin,Sleepy,
8575,,Void Black,Black,Space Suit,Bored Unshaven,Bored,Glowrift Hat Black
8576,,Void Black,Pink,Wool Turtleneck,Dumbfounded,Neonborg,Cowboy Hat
8577,Gold Hoop,Void Black,Cheetah,Work Vest,Bored Unshaven Cigar,Scumbag,Crimson Hat
8578,Silver Stud,Void Black,Dark Brown,Leather Jacket,Bored,X Eyes,Horns
8579,,Void Black,Cheetah,Smoking Jacket,Bored,Heart,Party Hat 1
8580,Gold Stud,Void Black,Brown,Black Suit,Bored,Prismatic,Spinner Hat
8581,,Void Black,Dark Brown,Lab Coat,Jovial,Blindfold,Sky Captain's Hat
8582,,Void Black,Tan,Toga,Bored,Heart,Baby's Bonnet
8583,Silver Hoop,Void Black,Black,Biker Vest,Grin,3d,Fez
8584,,Void Black,Red,Glowrift T Red,Phoneme Oh,Bored,
8585,,Void Black,Chromatic,,Phoneme Vuh,Heart,King's Crown
8586,Silver Hoop,Void Black,Black,Black T,Phoneme Vuh,Bored,Sky Captain's Hat
8587,Gold Stud,Void Black,Dark Brown,Guayabera,Bored Unshaven,Bloodshot,Girl's Hair Short
8588,,Void Black,Dark Brown,Sailor Shirt,Bored Cigarette,Sad,Fez
8589,,Void Black,Dark Brown,Service,Bored Bubblegum,Bored,
8590,Diamond Stud,Void Black,Pink,Leather Spectrum Jacket,Bored Unshaven,Angry,King's Crown
8591,,Void Black,Tan,Black T,Discomfort,Sleepy,Vietnam Era Helmet
8592,Cross,Void Black,Tan,Lab Coat,Bored Cigarette,Wide Eyed,Girl's Hair Short
8593,Gold Stud,Void Black,Noise,,Bored Cigarette,Closed,Crimson Hat
8594,,Void Black,Cheetah,Lumberjack Shirt,Grin Diamond Grill,Bloodshot,Voyager's Hat
8595,,Void Black,Cheetah,Fossil Tee,Bored Unshaven,3d,Fisherman's Hat
8596,,Void Black,Black,,Bored Unshaven,Crazy,Baby's Bonnet
8597,Silver Stud,Void Black,Black,Stunt Jacket,Small Grin,Chrome,Cowboy Hat
8598,,Void Black,Dmt,Guayabera,Bored,Sad,
8599,,Void Black,Pink,Caveman Pelt,Bored Unshaven Cigar,Bored,
8600,,Void Black,Tan,Glowrift T Red,Bored Cigarette,Bored,Spinner Hat
8601,Silver Stud,Void Black,Black,Sleeveless Logo T,Bored Pipe,Blindfold,Voyager's Hat
8602,,Void Black,Black,Hip Hop,Bored Cigarette,Eyepatch,Glowrift Hat Red
8603,Silver Hoop,Void Black,Tan,Wool Turtleneck,Bored,Heart,Crimson Hat
8604,Silver Hoop,Void Black,Red,Vietnam Jacket,Bored Unshaven Cigarette,Coins,
8605,Silver Stud,Void Black,Tan,Fossil Necklace,Dumbfounded,Angry,Beanie
8606,Silver Hoop,Void Black,Blue,Stunt Jacket,Grin Diamond Grill,X Eyes,Beanie
8607,,Void Black,Pink,,Bored Unshaven Cigarette,Sleepy,
8608,,Void Black,Cream,Navy Striped Tee,Grin,Prismatic,Irish Boho
8609,,Void Black,Dark Brown,Prison Jumpsuit,Bored,Coins,Fisherman's Hat
8610,,Void Black,Brown,Sleeveless Logo T,Dumbfounded,Coins,
8611,,Void Black,Tan,Guayabera,Bored Cigarette,Sad,
8612,,Void Black,Dark Brown,Glowrift T Black,Bored,Closed,Short Mohawk
8613,,Void Black,Tan,Toga,Bored,Sleepy,Bunny Ears
8614,,Void Black,Golden Brown,Tie Dye,Bored,Bored,Sushi Chef Headband
8615,Silver Hoop,Void Black,Chrome,Sailor Shirt,Bored Cigarette,Prismatic,Halo
8616,,Void Black,Cream,Striped Tee,Phoneme Oh,Sad,Cowboy Hat
8617,,Void Black,Chrome,Glowrift T Black,Grin,Closed,Short Mohawk
8618,,Void Black,Brown,Glowrift T Red,Bored,Bored,Bunny Ears
8619,,Void Black,Gray,Puffy Vest,Bored Pizza,Angry,Crimson Hat
8620,,Void Black,Brown,Glowrift T Black,Bored,Sad,Vietnam Era Helmet
8621,,Void Black,Black,Leather Jacket,Bored,Crazy,Bunny Ears
8622,Silver Stud,Void Black,Pink,,Bored Unshaven,Angry,Glowrift Flipped Brim
8623,,Void Black,Brown,,Bored Unshaven,Bored,Beanie
8624,Cross,Void Black,Dark Brown,Fossil Tee,Rage,Chrome,
8625,,Void Black,Brown,,Bored Unshaven,Sleepy,Sky Captain's Hat
8626,,Void Black,Black,Work Vest,Bored Unshaven,Sunglasses,
8627,,Void Black,Brown,Striped Tee,Bored,Laser Eyes,Beanie
8628,,Void Black,Brown,Navy Striped Tee,Rage,Closed,Beanie
8629,,Void Black,Gray,Hawaiian,Bored Unshaven,Sleepy,Irish Boho
8630,Silver Hoop,Void Black,Cheetah,Wool Turtleneck,Bored Unshaven,Sleepy,Irish Boho
8631,,Void Black,Golden Brown,Blue Dress,Grin,Bloodshot,Shadow Hat
8632,Gold Hoop,Void Black,Brown,Striped Tee,Bored Unshaven Bubblegum,Wide Eyed,Cowboy Hat
8633,,Void Black,Chromatic,,Dumbfounded,Scumbag,
8634,,Void Black,Dark Brown,Puffy Vest,Bored Unshaven,Crazy,
8635,Gold Stud,Void Black,Black,Tuxedo Tee,Bored Unshaven Cigarette,Blindfold,Short Mohawk
8636,,Void Black,Brown,Pimp Coat,Dumbfounded,Wide Eyed,Baby's Bonnet
8637,Diamond Stud,Void Black,Tan,Toga,Bored Unshaven Cigarette,Blindfold,Vietnam Era Helmet
8638,,Void Black,Noise,,Grin,Crazy,Horns
8639,,Void Black,Blue,Caveman Pelt,Bored Unshaven Bubblegum,Prismatic,Fez
8640,,Void Black,Dmt,Prison Jumpsuit,Bored,Bored,Shadow Hat
8641,,Void Black,Gray,,Grin,3d,Bowler
8642,Silver Stud,Void Black,Phantom,Space Suit,Bored Cigarette,Angry,Bandana Blue
8643,,Void Black,Chrome,Tanktop,Tongue Out,Sleepy,Spinner Hat
8644,,Void Black,Golden Brown,Kings Robe,Bored,Bored,Party Hat 2
8645,,Void Black,Cheetah,,Bored,Bored,Fez
8646,Cross,Void Black,Black,Hawaiian,Bored Bubblegum,Bored,Sky Captain's Hat
8647,,Void Black,Brown,Prison Jumpsuit,Bored Unshaven Cigar,3d,Girl's Hair Pink
8648,,Void Black,Golden Brown,Fossil Tee,Bored Unshaven,Sleepy,Voyager's Hat
8649,,Void Black,Gray,Tuxedo Tee,Bored,Sleepy,Shadow Hat
8650,,Void Black,Radiant Gold,Lumberjack Shirt,Bored Unshaven Cigarette,Wide Eyed,Prussian Helmet
8651,,Void Black,Golden Brown,Navy Striped Tee,Jovial,3d,
8652,,Void Black,Red,Sleeveless Logo T,Phoneme Vuh,Chrome,Sky Captain's Hat
8653,Silver Stud,Void Black,Red,Navy Striped Tee,Bored,Bored,Beanie
8654,Silver Stud,Void Black,Black,Striped Tee,Phoneme Oh,Phantom,Crimson Hat
8655,,Void Black,Black,Kings Robe,Bored Cigarette,Bored,Sky Captain's Hat
8656,,Void Black,White,Guayabera,Phoneme Wah,Bored,Horns
8657,,Void Black,Dmt,Lab Coat,Grin,Closed,
8658,Cross,Void Black,Black,Sleeveless T,Bored,Wide Eyed,Short Mohawk
8659,,Void Black,Phantom,Tuxedo Tee,Bored Cigarette,Bloodshot,Irish Boho
8660,Silver Hoop,Void Black,Gray,Void Rift T,Bored Cigarette,Phantom,S&m Hat
8661,,Void Black,Tan,Admirals Coat,Bored Unshaven,Blindfold,Halo
8662,,Void Black,Brown,Leather Jacket,Grin Diamond Grill,Closed,Beanie
8663,Silver Hoop,Void Black,Red,Space Suit,Phoneme ooo,Bored,Baby's Bonnet
8664,,Void Black,Radiant Gold,Lab Coat,Bored,Bored,Bunny Ears
8665,,Void Black,Tan,Sailor Shirt,Bored Unshaven,3d,
8666,Diamond Stud,Void Black,Pink,Smoking Jacket,Bored Unshaven,Coins,Girl's Hair Pink
8667,,Void Black,Red,Striped Tee,Bored Unshaven,Bloodshot,Fez
8668,Silver Stud,Void Black,Dark Brown,Toga,Bored,Wide Eyed,Halo
8669,,Void Black,Cheetah,Sailor Shirt,Bored Pipe,Sunglasses,Girl's Hair Short
8670,,Void Black,Dark Brown,Bandolier,Small Grin,Crazy,
8671,,Void Black,Cream,Caveman Pelt,Bored,X Eyes,Horns
8672,Gold Hoop,Void Black,Golden Brown,Tie Dye,Bored,Sunglasses,Irish Boho
8673,Gold Hoop,Void Black,Dark Brown,,Bored,Angry,Shadow Hat
8674,,Void Black,Dmt,Lumberjack Shirt,Bored Unshaven Kazoo,Wide Eyed,Glowrift Flipped Brim
8675,Gold Hoop,Void Black,Golden Brown,Sailor Shirt,Phoneme Vuh,Bloodshot,Glowrift Hat Black
8676,,Void Black,Dark Brown,Lab Coat,Rage,Wide Eyed,Beanie
8677,,Void Black,Dark Brown,Puffy Vest,Discomfort,Bored,Voyager's Hat
8678,Silver Hoop,Void Black,Golden Brown,Sleeveless T,Bored,Bored,
8679,Gold Stud,Void Black,Dark Brown,Prison Jumpsuit,Bored Unshaven Cigarette,3d,Girl's Hair Short
8680,,Void Black,Brown,Wool Turtleneck,Dumbfounded,Wide Eyed,Glowrift Flipped Brim
8681,,Void Black,Blue,Bandolier,Bored,Wide Eyed,
8682,,Void Black,Black,,Bored,Sad,Voyager's Hat
8683,,Void Black,Brown,Vietnam Jacket,Bored,Bloodshot,Girl's Hair Pink
8684,Gold Hoop,Void Black,Gray,Lab Coat,Dumbfounded,Bored,Bandana Blue
8685,,Void Black,Dark Brown,Lumberjack Shirt,Discomfort,Bloodshot,Vietnam Era Helmet
8686,Silver Stud,Void Black,Red,Sleeveless T,Bored,Chrome,Chromatic Captain's Hat
8687,,Void Black,Brown,,Bored Unshaven,Bloodshot,
8688,,Void Black,Dark Brown,Lumberjack Shirt,Bored Unshaven,Bored,
8689,Gold Hoop,Void Black,Black,Puffy Vest,Small Grin,Closed,
8690,Gold Hoop,Void Black,Brown,Lumberjack Shirt,Grin Diamond Grill,Sad,
8691,,Void Black,Phantom,Lab Coat,Jovial,Bloodshot,Fisherman's Hat
8692,,Void Black,Golden Brown,Glowrift T Black,Bored,Bored,
8693,Gold Stud,Void Black,Cheetah,,Grin,Phantom,
8694,Silver Hoop,Void Black,Tan,,Grin Diamond Grill,Closed,Glowrift Hat Black
8695,,Void Black,Blue,,Bored Cigarette,Hypnotized,Stuntman Helmet
8696,Gold Hoop,Void Black,Brown,Bandolier,Dumbfounded,Bored,Sky Captain's Hat
8697,Silver Hoop,Void Black,Blue,,Bored Unshaven,Sad,Fisherman's Hat
8698,,Void Black,Cream,Fossil Necklace,Bored Cigar,Sunglasses,Halo
8699,,Void Black,Black,Hip Hop,Bored Unshaven,Sunglasses,
8700,,Void Black,Tan,Stunt Jacket,Phoneme ooo,Heart,
8701,,Void Black,Golden Brown,Bandolier,Tongue Out,Sad,
8702,Gold Hoop,Void Black,Tan,Lumberjack Shirt,Bored Unshaven Cigarette,Sleepy,Stuntman Helmet
8703,Silver Stud,Void Black,Blue,Tie Dye,Grin,Neonborg,Crimson Hat
8704,,Void Black,Brown,Sleeveless Logo T,Bored Cigarette,Eyepatch,
8705,,Void Black,Noise,Vietnam Jacket,Phoneme Vuh,Closed,S&m Hat
8706,,Void Black,Brown,,Phoneme Wah,Coins,Glowrift Flipped Brim
8707,,Void Black,Chromatic,,Phoneme ooo,Bored,Beanie
8708,Silver Hoop,Void Black,Black,Sleeveless T,Bored Unshaven Cigarette,Sunglasses,Party Hat 1
8709,Gold Hoop,Void Black,Black,Hawaiian,Bored Unshaven,Chrome,Girl's Hair Short
8710,,Void Black,Golden Brown,Hawaiian,Discomfort,Sleepy,Stuntman Helmet
8711,Gold Stud,Void Black,Gray,Tie Dye,Bored,Bored,
8712,,Void Black,Dark Brown,Striped Tee,Rage,Coins,Beanie
8713,,Void Black,Tan,Sleeveless Logo T,Bored Unshaven,Bored,Safari
8714,Diamond Stud,Void Black,Dmt,Cowboy Shirt,Bored Unshaven,Eyepatch,Bowler
8715,,Void Black,Black,Leather Jacket,Bored,Chrome,Safari
8716,,Void Black,Golden Brown,Lumberjack Shirt,Bored,Sad,Fisherman's Hat
8717,,Void Black,Red,,Bored,Scumbag,Glowrift Hat Black
8718,,Void Black,Dark Brown,Vietnam Jacket,Phoneme ooo,Neonborg,Cowboy Hat
8719,,Void Black,Blue,Void Rift T,Rage,Bored,Irish Boho
8720,Silver Stud,Void Black,Cream,Striped Tee,Bored Cigarette,Angry,Short Mohawk
8721,,Void Black,Dark Brown,Fossil Necklace,Dumbfounded,Crazy,Halo
8722,,Void Black,Gray,Glowrift T Black,Bored Unshaven,Angry,Bowler
8723,,Void Black,Golden Brown,Fossil Necklace,Bored Unshaven Cigarette,X Eyes,Crimson Hat
8724,,Void Black,Cheetah,Toga,Bored,Eyepatch,Vietnam Era Helmet
8725,,Void Black,Cream,Black T,Bored,Angry,Bowler
8726,Silver Stud,Void Black,Dark Brown,,Bored Pipe,3d,Halo
8727,,Void Black,Blue,,Bored,Bored,Sushi Chef Headband
8728,,Void Black,Chrome,Toga,Bored,Crazy,Halo
8729,,Void Black,Tan,,Dumbfounded,Wide Eyed,Beanie
8730,Silver Hoop,Void Black,Cream,Sleeveless Logo T,Bored Unshaven,Bloodshot,Glowrift Flipped Brim
8731,,Void Black,Phantom,Stunt Jacket,Bored,Hypnotized,Fez
8732,,Void Black,Blue,Hip Hop,Bored Unshaven Cigarette,Angry,Voyager's Hat
8733,,Void Black,Brown,Biker Vest,Phoneme L,Phantom,Prussian Helmet
8734,Silver Stud,Void Black,Cream,Toga,Bored,Angry,Faux Hawk
8735,,Void Black,Cream,Glowrift T Red,Small Grin,Sleepy,Sushi Chef Headband
8736,Cross,Void Black,Black,Work Vest,Small Grin,Hypnotized,
8737,Silver Stud,Void Black,Phantom,Navy Striped Tee,Bored,Sad,Fez
8738,,Void Black,Pink,,Rage,Bored,Glowrift Hat Red
8739,Cross,Void Black,Gray,Leather Jacket,Dumbfounded,Coins,
8740,,Void Black,Dark Brown,Guayabera,Bored Unshaven,Bored,Faux Hawk
8741,,Void Black,Dark Brown,Caveman Pelt,Grin,Sad,Spinner Hat
8742,,Void Black,Dark Brown,,Bored,Bored,
8743,,Void Black,Dark Brown,Stunt Jacket,Phoneme L,Scumbag,Halo
8744,,Void Black,Dark Brown,Biker Vest,Bored Unshaven,Crazy,
8745,,Void Black,Gray,Work Vest,Small Grin,Coins,Sushi Chef Headband
8746,,Void Black,Cheetah,Black Suit,Bored Unshaven,Blue Beams,Halo
8747,,Void Black,Black,Prom Dress,Bored Cigarette,Bored,Shadow Hat
8748,Diamond Stud,Void Black,Blue,Rainbow Suspenders,Phoneme Vuh,Sunglasses,Baby's Bonnet
8749,,Void Black,Blue,Void Rift T,Bored Unshaven Cigarette,Bored,Party Hat 1
8750,,Void Black,Dark Brown,Sailor Shirt,Bored Cigar,Phantom,Voyager's Hat
8751,,Void Black,Pink,Tweed Suit,Bored Cigarette,Bloodshot,Beanie
8752,,Void Black,Dark Brown,Prison Jumpsuit,Bored Pipe,Crazy,Cowboy Hat
8753,,Void Black,Red,Toga,Bored Unshaven,Neonborg,Voyager's Hat
8754,Gold Stud,Void Black,Gray,Stunt Jacket,Bored Unshaven,Phantom,Fisherman's Hat
8755,,Void Black,Golden Brown,Lumberjack Shirt,Bored Unshaven,X Eyes,Glowrift Flipped Brim
8756,,Void Black,Cream,,Bored,Sunglasses,Fez
8757,,Void Black,Dark Brown,Prom Dress,Grin Gold Grill,Bloodshot,
8758,Gold Stud,Void Black,Blue,Toga,Bored Unshaven Cigarette,X Eyes,Beanie
8759,Silver Hoop,Void Black,Cream,Space Suit,Bored Unshaven,Sleepy,Sky Captain's Hat
8760,,Void Black,Black,Work Vest,Bored Pipe,Angry,Voyager's Hat
8761,,Void Black,Golden Brown,Hawaiian,Bored Pizza,Bored,Crimson Hat
8762,Silver Stud,Void Black,Blue,Prom Dress,Discomfort,Chrome,Sushi Chef Headband
8763,Silver Stud,Void Black,Black,,Phoneme Vuh,Bored,Halo
8764,,Void Black,Blue,,Bored Unshaven Cigarette,Coins,
8765,,Void Black,Red,Sleeveless T,Bored Unshaven,Sunglasses,Bowler
8766,,Void Black,Dark Brown,Fossil Tee,Bored Unshaven,Scumbag,Fisherman's Hat
8767,Gold Hoop,Void Black,Dark Brown,Work Vest,Phoneme L,Coins,Baby's Bonnet
8768,,Void Black,Brown,Tweed Suit,Bored Unshaven Cigarette,Heart,
8769,,Void Black,Dark Brown,Vietnam Jacket,Bored,Coins,Beanie
8770,Silver Hoop,Void Black,Pink,Leather Jacket,Bored Unshaven,Sleepy,
8771,,Void Black,Dark Brown,,Bored,Angry,Voyager's Hat
8772,,Void Black,Red,Stunt Jacket,Bored,Blindfold,Sky Captain's Hat
8773,,Void Black,Golden Brown,Hawaiian,Grin,Eyepatch,Cowboy Hat
8774,Gold Hoop,Void Black,Blue,,Bored,Heart,Fisherman's Hat
8775,Cross,Void Black,Chrome,Glowrift T Black,Bored,Sad,Shadow Hat
8776,Gold Stud,Void Black,Dark Brown,Tweed Suit,Bored Cigarette,Sad,Short Mohawk
8777,,Void Black,Chrome,Prom Dress,Dumbfounded,Sad,Horns
8778,,Void Black,Red,Tuxedo Tee,Bored Unshaven Cigarette,Bloodshot,Sky Captain's Hat
8779,Gold Hoop,Void Black,Chrome,Smoking Jacket,Bored Unshaven,Bloodshot,Cowboy Hat
8780,,Void Black,Brown,Rainbow Suspenders,Phoneme ooo,Closed,Shadow Hat
8781,,Void Black,Black,Admirals Coat,Bored Unshaven Cigarette,Coins,Beanie
8782,,Void Black,Blue,,Rage,Bored,King's Crown
8783,,Void Black,Blue,Lumberjack Shirt,Bored Unshaven Cigarette,3d,Baby's Bonnet
8784,,Void Black,Dark Brown,Sleeveless Logo T,Bored,Sunglasses,
8785,,Void Black,Cream,,Bored,Bored,S&m Hat
8786,,Void Black,Golden Brown,Prom Dress,Bored Unshaven,Wide Eyed,Sushi Chef Headband
8787,Diamond Stud,Void Black,White,,Grin,Bloodshot,Short Mohawk
8788,,Void Black,Pink,Guayabera,Bored Pizza,Coins,Voyager's Hat
8789,Silver Hoop,Void Black,Brown,Navy Striped Tee,Bored Pipe,Closed,Cowboy Hat
8790,Silver Hoop,Void Black,Red,Prison Jumpsuit,Grin,Scumbag,Fez
8791,,Void Black,Void Bot,Prison Jumpsuit,Bored,Bloodshot,Bunny Ears
8792,,Void Black,Dark Brown,Hip Hop,Bored Unshaven,Chrome,Beanie
8793,,Void Black,Dmt,,Bored Unshaven,Sleepy,Sushi Chef Headband
8794,,Void Black,Dark Brown,Black T,Bored Unshaven,Chrome,Girl's Hair Pink
8795,Silver Stud,Void Black,Void Bot,Void Rift T,Bored Unshaven Cigarette,Bloodshot,Voyager's Hat
8796,,Void Black,Blue,Prison Jumpsuit,Bored,Wide Eyed,Bowler
8797,,Void Black,Black,Tuxedo Tee,Bored Unshaven,Bloodshot,Glowrift Flipped Brim
8798,,Void Black,Brown,Guayabera,Small Grin,Bloodshot,Horns
8799,,Void Black,Cream,Tuxedo Tee,Bored Pipe,Closed,S&m Hat
8800,Cross,Void Black,Blue,,Bored Cigarette,Phantom,Vietnam Era Helmet
8801,,Void Black,Brown,Biker Vest,Bored Pipe,Sleepy,Voyager's Hat
8802,,Void Black,Golden Brown,Sailor Shirt,Dumbfounded,Coins,Safari
8803,,Void Black,Pink,Service,Bored,Sad,
8804,,Void Black,Brown,Work Vest,Bored,Sleepy,Bandana Blue
8805,,Void Black,Noise,Wool Turtleneck,Bored Unshaven,Phantom,Short Mohawk
8806,,Void Black,Brown,Tuxedo Tee,Dumbfounded,Sleepy,Voyager's Hat
8807,,Void Black,Gray,,Phoneme L,Bored,Party Hat 1
8808,Gold Stud,Void Black,Dmt,Wool Turtleneck,Dumbfounded,Wide Eyed,Beanie
8809,,Void Black,Brown,Leather Jacket,Bored,Bored,Beanie
8810,,Void Black,Golden Brown,Striped Tee,Bored Cigarette,Bloodshot,Prussian Helmet
8811,Diamond Stud,Void Black,Brown,Void Rift T,Bored Unshaven Dagger,Phantom,Glowrift Flipped Brim
8812,,Void Black,Black,Biker Vest,Bored,Sad,Shadow Hat
8813,Silver Hoop,Void Black,Gray,Sleeveless T,Phoneme Oh,Sad,Bowler
8814,Silver Stud,Void Black,Gray,Black Suit,Bored Unshaven,Bored,Voyager's Hat
8815,Silver Hoop,Void Black,Cream,Blue Dress,Rage,Sad,Fez
8816,,Void Black,Pink,,Bored Unshaven,Bored,
8817,Silver Hoop,Void Black,Radiant Gold,Wool Turtleneck,Bored Party Horn,Sleepy,Spinner Hat
8818,,Void Black,Dark Brown,Tanktop,Bored,Bored,Laurel Wreath
8819,,Void Black,Brown,Toga,Phoneme Vuh,X Eyes,
8820,,Void Black,Gray,Wool Turtleneck,Bored Unshaven,Blindfold,
8821,,Void Black,White,Void Rift T,Phoneme Oh,Angry,Party Hat 1
8822,,Void Black,Brown,Void Rift T,Phoneme Vuh,Bloodshot,Girl's Hair Pink
8823,,Void Black,Phantom,Glowrift T Red,Bored Cigarette,Closed,Halo
8824,,Void Black,Radiant Gold,Space Suit,Bored Unshaven,Sleepy,Sky Captain's Hat
8825,,Void Black,Phantom,,Bored Unshaven Pipe,Coins,King's Crown
8826,Silver Stud,Void Black,Tan,Bandolier,Grin,Prismatic,Baby's Bonnet
8827,Silver Stud,Void Black,Chromatic,Stunt Jacket,Bored,Crazy,Baby's Bonnet
8828,Silver Stud,Void Black,Gray,Service,Bored,Bored,
8829,,Void Black,Red,Striped Tee,Bored,Sleepy,Voyager's Hat
8830,Diamond Stud,Void Black,Black,Bandolier,Bored,Bored,Crimson Hat
8831,,Void Black,White,Striped Tee,Phoneme Wah,Bored,Beanie
8832,,Void Black,White,,Bored Unshaven,Wide Eyed,Crimson Hat
8833,,Void Black,Dark Brown,,Dumbfounded,Angry,Crimson Hat
8834,,Void Black,Blue,,Bored,Coins,Glowrift Flipped Brim
8835,,Void Black,Black,Glowrift T Black,Rage,Sleepy,Faux Hawk
8836,,Void Black,Brown,Service,Bored Cigarette,3d,
8837,,Void Black,Blue,Navy Striped Tee,Bored Unshaven,Bloodshot,Cowboy Hat
8838,,Void Black,Gray,Glowrift T Black,Bored Unshaven Cigarette,Chrome,
8839,,Void Black,Brown,Sleeveless Logo T,Bored Cigarette,Sleepy,
8840,Gold Hoop,Void Black,Blue,,Grin,Bored,Cowboy Hat
8841,Silver Hoop,Void Black,Red,Biker Vest,Bored Unshaven,Angry,
8842,Silver Stud,Void Black,Tan,,Bored Unshaven Bubblegum,Bored,Bowler
8843,Gold Hoop,Void Black,Red,Void Rift T,Bored,Bloodshot,
8844,Silver Stud,Void Black,Cream,Toga,Bored Unshaven Cigarette,Sunglasses,Bowler
8845,,Void Black,Tan,,Bored Unshaven Cigarette,Phantom,
8846,Gold Hoop,Void Black,Gray,,Bored Cigarette,Wide Eyed,Stuntman Helmet
8847,,Void Black,Cream,Puffy Vest,Bored,Sunglasses,Crimson Hat
8848,Cross,Void Black,Brown,Cowboy Shirt,Bored Unshaven,Coins,Crimson Hat
8849,,Void Black,Black,Sailor Shirt,Grin,Closed,
8850,,Void Black,Dark Brown,Striped Tee,Bored Unshaven,Sad,Crimson Hat
8851,,Void Black,Cream,Stunt Jacket,Dumbfounded,3d,Fisherman's Hat
8852,,Void Black,Black,Work Vest,Bored Unshaven,3d,
8853,,Void Black,Cream,Glowrift T Black,Phoneme ooo,Bloodshot,Voyager's Hat
8854,Cross,Void Black,White,Glowrift T Red,Bored Party Horn,Eyepatch,Faux Hawk
8855,,Void Black,Golden Brown,Sleeveless T,Bored Cigarette,Sad,
8856,Silver Hoop,Void Black,Black,Black T,Bored Unshaven Kazoo,Phantom,Girl's Hair Short
8857,,Void Black,Blue,Space Suit,Small Grin,3d,Fisherman's Hat
8858,,Void Black,Red,Work Vest,Grin,Sleepy,Sky Captain's Hat
8859,,Void Black,Blue,Smoking Jacket,Bored,Coins,
8860,,Void Black,Dark Brown,Glowrift T Black,Small Grin,Blindfold,
8861,,Void Black,Radiant Gold,Black T,Phoneme Vuh,Sad,Glowrift Flipped Brim
8862,,Void Black,Brown,Rainbow Suspenders,Bored Unshaven Cigarette,Angry,
8863,,Void Black,Tan,,Bored Unshaven,Closed,Stuntman Helmet
8864,,Void Black,Dark Brown,Black T,Grin,Coins,Halo
8865,Silver Hoop,Void Black,Golden Brown,Wool Turtleneck,Bored Cigarette,Closed,Cowboy Hat
8866,,Void Black,Brown,Leather Spectrum Jacket,Bored,Closed,Laurel Wreath
8867,,Void Black,Black,,Bored Unshaven,Heart,Safari
8868,,Void Black,Black,Wool Turtleneck,Bored,Bored,Shadow Hat
8869,,Void Black,Dark Brown,Puffy Vest,Bored,Prismatic,Crimson Hat
8870,,Void Black,Cream,Smoking Jacket,Phoneme L,Wide Eyed,Fez
8871,,Void Black,Dark Brown,Cowboy Shirt,Bored,Phantom,
8872,,Void Black,Brown,Smoking Jacket,Dumbfounded,Sleepy,Irish Boho
8873,Silver Hoop,Void Black,Dark Brown,Admirals Coat,Bored Unshaven,Bored,
8874,,Void Black,Tan,Cowboy Shirt,Bored Unshaven Pipe,3d,Bunny Ears
8875,,Void Black,Chrome,Work Vest,Rage,Crazy,Cowboy Hat
8876,,Void Black,Brown,Lumberjack Shirt,Bored,Closed,S&m Hat
8877,,Void Black,Dark Brown,,Bored Unshaven,Blue Beams,
8878,,Void Black,Black,Void Rift T,Dumbfounded,Chrome,Bandana Blue
8879,,Void Black,Cheetah,Striped Tee,Grin,Blindfold,Glowrift Hat Black
8880,,Void Black,Brown,,Grin Gold Grill,Crazy,Party Hat 1
8881,Silver Hoop,Void Black,Red,Puffy Vest,Dumbfounded,Closed,Baby's Bonnet
8882,Gold Hoop,Void Black,Dmt,Sailor Shirt,Small Grin,Bloodshot,
8883,,Void Black,Black,Prom Dress,Tongue Out,Wide Eyed,
8884,,Void Black,Black,Lab Coat,Bored Cigarette,Phantom,Crimson Hat
8885,,Void Black,Brown,Smoking Jacket,Rage,Closed,Fez
8886,,Void Black,Black,,Grin Multicolored,Bored,
8887,,Void Black,Gray,,Bored Unshaven,Sunglasses,
8888,Silver Stud,Void Black,White,,Jovial,Sad,Spinner Hat
8889,Silver Stud,Void Black,Cheetah,Caveman Pelt,Grin Multicolored,Sad,Shadow Hat
8890,,Void Black,Brown,Space Suit,Bored Cigarette,Bloodshot,Crimson Hat
8891,,Void Black,Pink,Lab Coat,Bored Dagger,Sad,Irish Boho
8892,,Void Black,Dark Brown,Lab Coat,Bored Cigarette,Sad,S&m Hat
8893,,Void Black,Phantom,Rainbow Suspenders,Grin Multicolored,Bloodshot,Fez
8894,Gold Hoop,Void Black,Black,Glowrift T Red,Bored,Bloodshot,Cowboy Hat
8895,,Void Black,Cream,Guayabera,Bored,Coins,Stuntman Helmet
8896,,Void Black,White,Void Rift T,Bored Unshaven,Eyepatch,Bowler
8897,,Void Black,Brown,Lumberjack Shirt,Jovial,Crazy,Crimson Hat
8898,,Void Black,Dark Brown,Tuxedo Tee,Bored,Scumbag,Short Mohawk
8899,Silver Hoop,Void Black,Golden Brown,Toga,Bored Unshaven,3d,Beanie
8900,,Void Black,Brown,Void Rift T,Bored Unshaven Cigarette,Sleepy,Girl's Hair Pink
8901,,Void Black,Blue,,Grin,3d,Bunny Ears
8902,,Void Black,Black,Rainbow Suspenders,Bored Unshaven,Bloodshot,Party Hat 2
8903,,Void Black,Black,,Bored Unshaven Cigarette,Bored,Short Mohawk
8904,,Void Black,Pink,Striped Tee,Grin Diamond Grill,Wide Eyed,S&m Hat
8905,Diamond Stud,Void Black,Chrome,Wool Turtleneck,Bored,Bored,Girl's Hair Short
8906,,Void Black,Tan,Fossil Necklace,Bored,Bored,Girl's Hair Short
8907,,Void Black,Dark Brown,,Phoneme ooo,Closed,
8908,Gold Hoop,Void Black,Dark Brown,Leather Spectrum Jacket,Phoneme ooo,Bored,
8909,Silver Stud,Void Black,Blue,Black T,Tongue Out,Phantom,Girl's Hair Short
8910,Gold Hoop,Void Black,Cheetah,Black T,Bored Unshaven,Blindfold,Cowboy Hat
8911,,Void Black,Gray,Service,Bored Cigarette,Sad,
8912,,Void Black,Black,,Bored Cigarette,Eyepatch,Irish Boho
8913,Silver Stud,Void Black,Blue,Fossil Necklace,Bored,Sleepy,Glowrift Hat Red
8914,,Void Black,Golden Brown,Guayabera,Dumbfounded,Closed,Safari
8915,,Void Black,Brown,Prom Dress,Bored Dagger,Heart,Beanie
8916,,Void Black,Black,Bandolier,Bored Bubblegum,Scumbag,Vietnam Era Helmet
8917,,Void Black,Pink,Leather Spectrum Jacket,Phoneme Wah,Closed,
8918,,Void Black,Tan,Striped Tee,Grin Diamond Grill,Bloodshot,Glowrift Hat Black
8919,Silver Hoop,Void Black,Blue,Glowrift T Red,Phoneme ooo,X Eyes,Faux Hawk
8920,,Void Black,Black,Puffy Vest,Dumbfounded,Eyepatch,Halo
8921,,Void Black,Dark Brown,Sleeveless Logo T,Bored Unshaven Pizza,Eyepatch,Halo
8922,,Void Black,Golden Brown,Blue Dress,Small Grin,Crazy,
8923,,Void Black,Dark Brown,Leather Jacket,Bored Bubblegum,Bloodshot,Sky Captain's Hat
8924,,Void Black,Red,Glowrift T Black,Phoneme Wah,Wide Eyed,Horns
8925,Silver Hoop,Void Black,Brown,Tanktop,Bored Unshaven,Hypnotized,
8926,,Void Black,Black,Caveman Pelt,Phoneme Vuh,3d,Bandana Blue
8927,,Void Black,Black,Pimp Coat,Bored Unshaven,Scumbag,
8928,Silver Hoop,Void Black,Black,Fossil Necklace,Grin,Sleepy,Cowboy Hat
8929,,Void Black,Black,Lab Coat,Bored Unshaven Cigar,Coins,Laurel Wreath
8930,,Void Black,Noise,Guayabera,Bored Pizza,Closed,
8931,,Void Black,Blue,,Bored Unshaven Cigar,Bloodshot,Bowler
8932,,Void Black,Pink,Leather Jacket,Bored,Chrome,Fisherman's Hat
8933,,Void Black,Brown,,Bored Unshaven,Blindfold,Sushi Chef Headband
8934,,Void Black,Black,Vietnam Jacket,Phoneme L,Sad,Fez
8935,Silver Hoop,Void Black,Cream,Bandolier,Bored Cigar,Bloodshot,Irish Boho
8936,,Void Black,Golden Brown,,Bored,Blindfold,Cowboy Hat
8937,,Void Black,Dark Brown,Tanktop,Bored Unshaven Bubblegum,Prismatic,Cowboy Hat
8938,,Void Black,Black,Toga,Phoneme L,Wide Eyed,Shadow Hat
8939,,Void Black,Dark Brown,Tuxedo Tee,Bored,Bloodshot,
8940,,Void Black,Brown,Striped Tee,Bored Cigarette,Hypnotized,
8941,,Void Black,Brown,Biker Vest,Bored Unshaven Cigarette,Laser Eyes,Cowboy Hat
8942,,Void Black,Gray,Caveman Pelt,Bored Pipe,Prismatic,Voyager's Hat
8943,,Void Black,Pink,,Grin,Sleepy,Irish Boho
8944,Silver Stud,Void Black,Phantom,Toga,Bored,Bored,Prussian Helmet
8945,,Void Black,Brown,Toga,Phoneme ooo,Hypnotized,Fisherman's Hat
8946,,Void Black,Brown,Fossil Tee,Bored,Crazy,Girl's Hair Pink
8947,,Void Black,Golden Brown,Prom Dress,Jovial,Closed,Beanie
8948,Diamond Stud,Void Black,Brown,Navy Striped Tee,Bored Unshaven Cigarette,Neonborg,Crimson Hat
8949,,Void Black,Cream,Stunt Jacket,Bored Unshaven Bubblegum,Scumbag,Sky Captain's Hat
8950,,Void Black,Cheetah,Lumberjack Shirt,Bored Unshaven,3d,Crimson Hat
8951,,Void Black,Gray,Sleeveless T,Rage,Sleepy,
8952,,Void Black,Blue,,Bored,Wide Eyed,Crimson Hat
8953,Silver Hoop,Void Black,Cream,Striped Tee,Bored Pizza,Coins,Glowrift Hat Black
8954,,Void Black,Dark Brown,Sleeveless T,Bored,Prismatic,
8955,,Void Black,Cream,Black T,Bored Unshaven,Coins,Prussian Helmet
8956,,Void Black,Tan,Hip Hop,Bored,Closed,Cowboy Hat
8957,,Void Black,Phantom,Bandolier,Phoneme ooo,Heart,
8958,,Void Black,Tan,Guayabera,Bored Party Horn,Bloodshot,Glowrift Flipped Brim
8959,,Void Black,Red,Toga,Bored,Phantom,Girl's Hair Pink
8960,Silver Hoop,Void Black,Pink,Prison Jumpsuit,Bored,Bloodshot,Cowboy Hat
8961,,Void Black,Dark Brown,Guayabera,Bored Cigarette,Hypnotized,Sushi Chef Headband
8962,,Void Black,Brown,Sleeveless Logo T,Dumbfounded,Eyepatch,Safari
8963,,Void Black,Brown,Smoking Jacket,Bored Dagger,Sunglasses,Voyager's Hat
8964,,Void Black,Noise,Tweed Suit,Bored Unshaven,Bloodshot,Fez
8965,,Void Black,Red,Striped Tee,Bored,Sleepy,Party Hat 2
8966,,Void Black,Dark Brown,Hip Hop,Bored,Bloodshot,Short Mohawk
8967,Diamond Stud,Void Black,Dark Brown,,Phoneme ooo,Wide Eyed,Voyager's Hat
8968,Gold Hoop,Void Black,Red,Sleeveless Logo T,Bored,Heart,Short Mohawk
8969,,Void Black,Tan,Void Rift T,Bored Unshaven,Bloodshot,Spinner Hat
8970,Silver Stud,Void Black,Blue,Pimp Coat,Bored Cigarette,Blindfold,Fisherman's Hat
8971,,Void Black,Blue,Black T,Bored Unshaven Cigarette,Sleepy,Halo
8972,Diamond Stud,Void Black,Black,,Discomfort,Bored,Horns
8973,,Void Black,White,,Bored,Bored,Sushi Chef Headband
8974,,Void Black,Golden Brown,Tie Dye,Jovial,Wide Eyed,Faux Hawk
8975,,Void Black,Dark Brown,Leather Jacket,Phoneme Oh,Chrome,Fez
8976,Silver Stud,Void Black,White,Tweed Suit,Bored Unshaven Pizza,X Eyes,Safari
8977,,Void Black,Chromatic,,Bored Unshaven,Bored,Sushi Chef Headband
8978,,Void Black,Dark Brown,Tanktop,Bored,Closed,Prussian Helmet
8979,,Void Black,Void Bot,Puffy Vest,Bored,Coins,Glowrift Hat Black
8980,,Void Black,Red,Fossil Tee,Grin,Heart,
8981,Silver Hoop,Void Black,Cream,,Bored Unshaven,Closed,Sky Captain's Hat
8982,,Void Black,Golden Brown,Tuxedo Tee,Bored Unshaven Cigarette,Eyepatch,Bunny Ears
8983,,Void Black,Noise,Hawaiian,Bored,Sad,Halo
8984,,Void Black,Golden Brown,Lumberjack Shirt,Bored Cigarette,Closed,
8985,,Void Black,White,Vietnam Jacket,Bored Unshaven,Sleepy,Short Mohawk
8986,,Void Black,Golden Brown,Cowboy Shirt,Bored Unshaven Cigarette,Blue Beams,Beanie
8987,Silver Stud,Void Black,Dmt,Sleeveless T,Phoneme Wah,Bored,
8988,Silver Hoop,Void Black,Gray,Glowrift T Black,Phoneme Wah,Coins,Prussian Helmet
8989,,Void Black,Pink,Glowrift T Red,Bored Dagger,Closed,Bunny Ears
8990,,Void Black,Dark Brown,Biker Vest,Bored Unshaven Cigarette,Sleepy,Beanie
8991,Cross,Void Black,Blue,Void Rift T,Bored Unshaven,Bored,Vietnam Era Helmet
8992,,Void Black,Gray,Black T,Bored Unshaven,Neonborg,Irish Boho
8993,Diamond Stud,Void Black,Brown,Striped Tee,Bored Unshaven,Eyepatch,S&m Hat
8994,,Void Black,Dark Brown,Sleeveless T,Bored,Hypnotized,Cowboy Hat
8995,,Void Black,Golden Brown,Smoking Jacket,Dumbfounded,Wide Eyed,Cowboy Hat
8996,,Void Black,Blue,Biker Vest,Dumbfounded,Bored,Crimson Hat
8997,Gold Stud,Void Black,Black,Prison Jumpsuit,Jovial,Phantom,Horns
8998,,Void Black,Cream,,Bored Unshaven Party horn,Crazy,Horns
8999,Silver Stud,Void Black,Pink,Navy Striped Tee,Phoneme ooo,Sad,Bowler
9000,Gold Stud,Void Black,Tan,Leather Jacket,Grin,Coins,Horns
9001,,Void Black,Red,Black T,Bored Kazoo,Chrome,Vietnam Era Helmet
9002,Gold Stud,Void Black,Brown,Work Vest,Phoneme Wah,Sleepy,Vietnam Era Helmet
9003,Gold Hoop,Void Black,Noise,Prison Jumpsuit,Bored,Eyepatch,Halo
9004,,Void Black,Void Bot,Tweed Suit,Rage,Chrome,Fez
9005,,Void Black,Chrome,Black T,Bored,Sunglasses,
9006,,Void Black,Brown,Tie Dye,Rage,Closed,Glowrift Hat Red
9007,,Void Black,Brown,,Bored,Bored,S&m Hat
9008,,Void Black,Golden Brown,Wool Turtleneck,Bored Unshaven,Bored,Irish Boho
9009,,Void Black,Brown,Navy Striped Tee,Rage,Wide Eyed,Shadow Hat
9010,,Void Black,Brown,Tie Dye,Bored Cigarette,Bored,Girl's Hair Pink
9011,,Void Black,Cheetah,,Grin,Sleepy,Horns
9012,,Void Black,Black,Toga,Bored Unshaven,3d,
9013,,Void Black,Black,Sailor Shirt,Bored Bubblegum,Wide Eyed,Irish Boho
9014,,Void Black,Brown,Striped Tee,Phoneme L,Closed,Beanie
9015,,Void Black,Void Bot,Hawaiian,Tongue Out,Crazy,Fez
9016,,Void Black,Brown,Striped Tee,Bored Bubblegum,Blindfold,Cowboy Hat
9017,,Void Black,Dark Brown,Striped Tee,Bored Unshaven,Bloodshot,
9018,Silver Hoop,Void Black,Red,Smoking Jacket,Bored,Sunglasses,
9019,,Void Black,Dark Brown,Caveman Pelt,Bored,Bloodshot,Horns
9020,,Void Black,Black,Tuxedo Tee,Bored,Angry,Fisherman's Hat
9021,,Void Black,White,Prison Jumpsuit,Bored,Crazy,Shadow Hat
9022,Gold Hoop,Void Black,Brown,Toga,Discomfort,Closed,
9023,Silver Hoop,Void Black,Noise,Glowrift T Black,Bored Unshaven,Closed,Short Mohawk
9024,,Void Black,Blue,Stunt Jacket,Bored Unshaven,Bored,Fez
9025,,Void Black,Blue,Rainbow Suspenders,Discomfort,Bloodshot,
9026,,Void Black,Noise,,Bored,X Eyes,Safari
9027,,Void Black,White,Caveman Pelt,Grin,Sad,Spinner Hat
9028,,Void Black,Tan,Smoking Jacket,Bored Party Horn,Laser Eyes,Sushi Chef Headband
9029,,Void Black,Blue,Sleeveless Logo T,Bored,Blindfold,
9030,Silver Hoop,Void Black,Dark Brown,Toga,Bored Cigarette,Phantom,Sky Captain's Hat
9031,Silver Stud,Void Black,Cheetah,Leather Spectrum Jacket,Bored Cigarette,Sad,Spinner Hat
9032,Silver Stud,Void Black,White,Hip Hop,Bored,Blindfold,Voyager's Hat
9033,,Void Black,Gray,Hawaiian,Bored,Blindfold,Beanie
9034,,Void Black,Dmt,,Jovial,Bored,Shadow Hat
9035,,Void Black,Black,,Bored Kazoo,Bored,Glowrift Flipped Brim
9036,,Void Black,Cream,,Bored Cigarette,Bored,Shadow Hat
9037,,Void Black,Black,Striped Tee,Bored Party Horn,Bloodshot,Bunny Ears
9038,,Void Black,Pink,Void Rift T,Bored Dagger,Bloodshot,
9039,,Void Black,Dark Brown,Rainbow Suspenders,Grin Diamond Grill,Phantom,Cowboy Hat
9040,Gold Hoop,Void Black,Phantom,Work Vest,Bored,Sleepy,Voyager's Hat
9041,,Void Black,Cream,Blue Dress,Bored Party Horn,Closed,
9042,,Void Black,Noise,Black T,Bored Cigarette,Scumbag,
9043,Gold Hoop,Void Black,White,Glowrift T Black,Bored Unshaven,Bored,Halo
9044,,Void Black,Pink,Tanktop,Bored,Bloodshot,Spinner Hat
9045,,Void Black,Pink,Lumberjack Shirt,Grin,Sleepy,
9046,,Void Black,Golden Brown,Prom Dress,Grin,Sad,Glowrift Flipped Brim
9047,,Void Black,Red,Blue Dress,Bored Unshaven,Bored,Stuntman Helmet
9048,Silver Stud,Void Black,White,Tuxedo Tee,Bored,Wide Eyed,Irish Boho
9049,,Void Black,Cheetah,Guayabera,Rage,Hypnotized,Chromatic Captain's Hat
9050,,Void Black,Dark Brown,Toga,Bored,Crazy,Party Hat 1
9051,,Void Black,Brown,Sleeveless T,Bored,Bored,Crimson Hat
9052,Cross,Void Black,Noise,Glowrift T Black,Bored,Closed,
9053,,Void Black,Dark Brown,Prison Jumpsuit,Bored,Closed,Bunny Ears
9054,Gold Stud,Void Black,Cream,Leather Spectrum Jacket,Rage,Bored,Fisherman's Hat
9055,,Void Black,White,Hip Hop,Dumbfounded,Closed,Shadow Hat
9056,Silver Hoop,Void Black,Blue,Sailor Shirt,Dumbfounded,Bloodshot,Safari
9057,,Void Black,Blue,Pimp Coat,Dumbfounded,3d,Crimson Hat
9058,,Void Black,White,Striped Tee,Bored,X Eyes,Prussian Helmet
9059,Gold Stud,Void Black,Blue,Guayabera,Dumbfounded,Hypnotized,Fisherman's Hat
9060,Gold Hoop,Void Black,Blue,Lab Coat,Bored,Angry,
9061,,Void Black,Cheetah,Guayabera,Bored Cigarette,Sleepy,Crimson Hat
9062,,Void Black,Black,Caveman Pelt,Bored,Bloodshot,
9063,,Void Black,Dark Brown,Blue Dress,Bored,Wide Eyed,
9064,,Void Black,Brown,Glowrift T Red,Phoneme ooo,Bored,Cowboy Hat
9065,Silver Stud,Void Black,Brown,Hawaiian,Phoneme Wah,Coins,Stuntman Helmet
9066,Gold Stud,Void Black,Blue,Striped Tee,Bored,Sad,Girl's Hair Pink
9067,,Void Black,Brown,Hawaiian,Bored Cigarette,X Eyes,Shadow Hat
9068,Gold Stud,Void Black,White,Leather Jacket,Bored,Eyepatch,Girl's Hair Pink
9069,Silver Stud,Void Black,Pink,Vietnam Jacket,Bored Unshaven Cigarette,Bloodshot,Girl's Hair Pink
9070,,Void Black,Dark Brown,Space Suit,Bored,Sad,Fez
9071,,Void Black,White,Work Vest,Bored Unshaven,Phantom,Stuntman Helmet
9072,,Void Black,Red,Tanktop,Bored Cigarette,Bored,Beanie
9073,,Void Black,Brown,Glowrift T Black,Bored,Closed,Short Mohawk
9074,,Void Black,Golden Brown,Guayabera,Phoneme Vuh,Bloodshot,Cowboy Hat
9075,,Void Black,Tan,Wool Turtleneck,Bored Unshaven,Bored,Vietnam Era Helmet
9076,,Void Black,Golden Brown,,Bored Unshaven,Wide Eyed,Stuntman Helmet
9077,,Void Black,Blue,Sleeveless T,Bored Unshaven,Sleepy,Beanie
9078,,Void Black,Dark Brown,Cowboy Shirt,Grin,Sleepy,Beanie
9079,,Void Black,Dark Brown,,Dumbfounded,Closed,
9080,,Void Black,Blue,,Jovial,Angry,Spinner Hat
9081,,Void Black,Cream,Work Vest,Grin,Hypnotized,Sky Captain's Hat
9082,Gold Hoop,Void Black,Noise,,Bored,Eyepatch,Bunny Ears
9083,,Void Black,Black,,Bored,Angry,Bowler
9084,,Void Black,Golden Brown,Biker Vest,Bored,Sleepy,Voyager's Hat
9085,,Void Black,Dmt,Glowrift T Red,Grin,Chrome,Voyager's Hat
9086,,Void Black,Golden Brown,,Bored,Sleepy,Girl's Hair Pink
9087,,Void Black,Dark Brown,,Bored Unshaven Party horn,Bloodshot,Horns
9088,Silver Hoop,Void Black,Dark Brown,Tuxedo Tee,Bored,Sleepy,Party Hat 1
9089,,Void Black,Chromatic,,Bored Cigarette,Bored,Fisherman's Hat
9090,,Void Black,Blue,Fossil Necklace,Jovial,Bored,S&m Hat
9091,,Void Black,Black,,Bored,Crazy,
9092,,Void Black,Black,,Bored Unshaven,Chrome,Short Mohawk
9093,Silver Hoop,Void Black,Dmt,Tanktop,Bored Bubblegum,Crazy,Baby's Bonnet
9094,Silver Stud,Void Black,Brown,Leather Spectrum Jacket,Jovial,Blue Beams,
9095,,Void Black,Gray,Sailor Shirt,Bored,Sad,
9096,Gold Stud,Void Black,Pink,Tweed Suit,Grin,Bloodshot,Fez
9097,,Void Black,Gray,Lumberjack Shirt,Bored Unshaven,Coins,Fisherman's Hat
9098,,Void Black,Chromatic,,Bored Unshaven,Sunglasses,Halo
9099,,Void Black,Dark Brown,Cowboy Shirt,Bored Unshaven,Scumbag,
9100,,Void Black,Brown,Tuxedo Tee,Jovial,Phantom,Ww2 Pilot Helm
9101,,Void Black,Tan,,Bored Bubblegum,Heart,Beanie
9102,Silver Hoop,Void Black,Blue,Wool Turtleneck,Grin,Bored,Glowrift Flipped Brim
9103,,Void Black,Chrome,Cowboy Shirt,Bored Unshaven,Bloodshot,Sushi Chef Headband
9104,,Void Black,Dark Brown,,Grin Gold Grill,Bloodshot,
9105,Silver Stud,Void Black,Golden Brown,Striped Tee,Bored,Closed,
9106,,Void Black,Brown,,Bored Cigarette,Scumbag,Irish Boho
9107,,Void Black,Golden Brown,Stunt Jacket,Bored Unshaven,Bloodshot,Ww2 Pilot Helm
9108,,Void Black,White,Prison Jumpsuit,Bored,Sleepy,Patrol Motorcycle Helmet
9109,,Void Black,Black,,Jovial,Sleepy,Fez
9110,,Void Black,Tan,,Bored Unshaven Cigarette,Bored,
9111,,Void Black,Brown,Blue Dress,Bored Unshaven Cigarette,Bored,Sky Captain's Hat
9112,,Void Black,Gray,Striped Tee,Dumbfounded,3d,Irish Boho
9113,Gold Stud,Void Black,Tan,,Bored Unshaven,Scumbag,
9114,Silver Hoop,Void Black,Dark Brown,Biker Vest,Bored Unshaven Bubblegum,Heart,Fez
9115,Gold Stud,Void Black,Dark Brown,Caveman Pelt,Grin Multicolored,Prismatic,S&m Hat
9116,,Void Black,White,Sleeveless Logo T,Bored Unshaven,3d,Bowler
9117,,Void Black,Dark Brown,,Bored Bubblegum,Crazy,Crimson Hat
9118,,Void Black,Tan,Vietnam Jacket,Grin Multicolored,Bored,Sky Captain's Hat
9119,,Void Black,White,Glowrift T Black,Bored Cigarette,Chrome,Crimson Hat
9120,Diamond Stud,Void Black,Brown,Fossil Necklace,Bored Party Horn,Scumbag,Beanie
9121,Silver Hoop,Void Black,Brown,Lumberjack Shirt,Grin Diamond Grill,3d,Prussian Helmet
9122,,Void Black,Pink,,Phoneme Wah,3d,Beanie
9123,,Void Black,Brown,Sleeveless Logo T,Bored Unshaven Cigarette,Chrome,Beanie
9124,Silver Hoop,Void Black,Gray,Prom Dress,Grin Gold Grill,Sunglasses,
9125,,Void Black,Cream,Sailor Shirt,Bored Unshaven Cigar,Bloodshot,Prussian Helmet
9126,,Void Black,Brown,,Bored Unshaven Cigarette,Sad,Beanie
9127,,Void Black,Brown,Work Vest,Bored,3d,Beanie
9128,Silver Stud,Void Black,Dark Brown,Blue Dress,Bored,Hypnotized,Fez
9129,,Void Black,Tan,Striped Tee,Bored,Coins,Halo
9130,Silver Hoop,Void Black,Tan,Striped Tee,Bored,Sad,Fez
9131,Silver Stud,Void Black,Pink,Navy Striped Tee,Bored Unshaven,Closed,
9132,,Void Black,Tan,Black T,Bored,Bored,
9133,,Void Black,Black,Fossil Tee,Phoneme Oh,Sad,Bunny Ears
9134,,Void Black,Dmt,Void Rift T,Bored Unshaven,3d,Vietnam Era Helmet
9135,Gold Hoop,Void Black,Dmt,Toga,Grin Diamond Grill,3d,Glowrift Hat Red
9136,Silver Stud,Void Black,Cream,Guayabera,Bored,Bored,
9137,,Void Black,Dark Brown,,Bored Cigarette,Phantom,Beanie
9138,,Void Black,Dark Brown,Space Suit,Phoneme ooo,Coins,Short Mohawk
9139,,Void Black,Tan,Hawaiian,Phoneme Vuh,Heart,Safari
9140,,Void Black,White,Navy Striped Tee,Jovial,Bored,Sushi Chef Headband
9141,Silver Stud,Void Black,Black,,Rage,Bored,
9142,Silver Hoop,Void Black,Tan,,Bored,Bloodshot,Sushi Chef Headband
9143,,Void Black,Cheetah,,Bored Unshaven,Crazy,Patrol Motorcycle Helmet
9144,Diamond Stud,Void Black,Brown,,Bored Unshaven Cigarette,Angry,
9145,Gold Hoop,Void Black,Golden Brown,Lumberjack Shirt,Bored Unshaven,Chrome,Baby's Bonnet
9146,,Void Black,Dark Brown,Wool Turtleneck,Grin,Wide Eyed,
9147,,Void Black,Tan,Tanktop,Jovial,Bloodshot,Bunny Ears
9148,,Void Black,Brown,Sleeveless T,Bored,Bored,
9149,Gold Hoop,Void Black,Black,,Bored Kazoo,Blindfold,Voyager's Hat
9150,,Void Black,Blue,Vietnam Jacket,Bored Unshaven,Bloodshot,Voyager's Hat
9151,,Void Black,White,Sleeveless T,Bored,Angry,Glowrift Flipped Brim
9152,Silver Hoop,Void Black,Dark Brown,Tanktop,Phoneme Oh,Sunglasses,
9153,Silver Hoop,Void Black,Dark Brown,Kings Robe,Bored Unshaven,Wide Eyed,Beanie
9154,Gold Stud,Void Black,Blue,Tanktop,Dumbfounded,Sunglasses,
9155,,Void Black,Pink,Blue Dress,Discomfort,Phantom,
9156,,Void Black,Black,Work Vest,Rage,Sunglasses,
9157,,Void Black,Cream,Glowrift T Red,Bored Kazoo,Bored,
9158,,Void Black,Golden Brown,Smoking Jacket,Phoneme L,Blindfold,Short Mohawk
9159,,Void Black,Brown,Leather Jacket,Bored Unshaven,Angry,Short Mohawk
9160,Silver Stud,Void Black,Phantom,Striped Tee,Jovial,Heart,Glowrift Hat Black
9161,Silver Hoop,Void Black,Void Bot,Tanktop,Bored,Bored,Faux Hawk
9162,,Void Black,Dmt,Striped Tee,Jovial,Hypnotized,
9163,,Void Black,Black,Biker Vest,Phoneme Vuh,Bored,Shadow Hat
9164,,Void Black,Pink,Prom Dress,Jovial,Eyepatch,Bowler
9165,Silver Hoop,Void Black,Black,Black T,Bored Unshaven,Laser Eyes,S&m Hat
9166,Silver Hoop,Void Black,Golden Brown,Space Suit,Phoneme ooo,Sleepy,S&m Hat
9167,,Void Black,Gray,Striped Tee,Discomfort,Bloodshot,Horns
9168,,Void Black,Golden Brown,Sleeveless Logo T,Bored Unshaven Cigarette,Bloodshot,Fisherman's Hat
9169,,Void Black,Brown,Biker Vest,Phoneme Oh,Sad,Vietnam Era Helmet
9170,,Void Black,Black,Sleeveless T,Bored,Angry,Beanie
9171,,Void Black,Cream,Leather Jacket,Phoneme Oh,Bloodshot,Voyager's Hat
9172,,Void Black,Phantom,Guayabera,Bored Cigarette,Eyepatch,Patrol Motorcycle Helmet
9173,,Void Black,Golden Brown,Caveman Pelt,Bored Unshaven Cigar,Sad,Cowboy Hat
9174,Gold Hoop,Void Black,Golden Brown,Smoking Jacket,Phoneme ooo,Sunglasses,Short Mohawk
9175,Diamond Stud,Void Black,Noise,Blue Dress,Bored Unshaven,Wide Eyed,Sky Captain's Hat
9176,,Void Black,Dark Brown,Black T,Grin Diamond Grill,Bored,
9177,Silver Stud,Void Black,Red,Toga,Bored,Eyepatch,
9178,Gold Hoop,Void Black,Brown,Fossil Necklace,Phoneme Wah,Coins,
9179,,Void Black,Pink,,Small Grin,Sad,Ww2 Pilot Helm
9180,,Void Black,Blue,Pimp Coat,Grin,Closed,Beanie
9181,Diamond Stud,Void Black,Noise,Lab Coat,Bored Cigarette,Chrome,
9182,Gold Hoop,Void Black,Black,,Phoneme Vuh,Blindfold,Chromatic Captain's Hat
9183,,Void Black,Cheetah,,Grin,Sad,
9184,,Void Black,Brown,Void Rift T,Phoneme Oh,3d,Beanie
9185,Gold Hoop,Void Black,Dark Brown,Puffy Vest,Bored,Bored,Fez
9186,,Void Black,Radiant Gold,Puffy Vest,Bored Unshaven,Bored,Cowboy Hat
9187,Silver Hoop,Void Black,Dark Brown,Navy Striped Tee,Tongue Out,Sad,Fisherman's Hat
9188,,Void Black,Red,Pimp Coat,Grin,Wide Eyed,Party Hat 2
9189,,Void Black,Blue,Sailor Shirt,Phoneme Oh,Wide Eyed,Bunny Ears
9190,Silver Hoop,Void Black,White,Bandolier,Bored,Bored,Halo
9191,,Void Black,Black,Tuxedo Tee,Phoneme L,Bloodshot,Beanie
9192,Gold Stud,Void Black,Brown,Vietnam Jacket,Small Grin,Coins,
9193,,Void Black,Dark Brown,Caveman Pelt,Bored,Sad,Voyager's Hat
9194,,Void Black,Red,Tuxedo Tee,Tongue Out,3d,Voyager's Hat
9195,,Void Black,Tan,,Bored,3d,
9196,Silver Hoop,Void Black,Black,,Grin,Crazy,Short Mohawk
9197,Gold Hoop,Void Black,Brown,Navy Striped Tee,Bored Unshaven Bubblegum,X Eyes,Short Mohawk
9198,,Void Black,Pink,,Bored,X Eyes,Short Mohawk
9199,,Void Black,Void Bot,Stunt Jacket,Bored Cigar,Sunglasses,Voyager's Hat
9200,Silver Stud,Void Black,Dark Brown,Leather Jacket,Bored,Crazy,
9201,Silver Hoop,Void Black,Cream,Puffy Vest,Bored,Bored,Crimson Hat
9202,,Void Black,Dark Brown,Vietnam Jacket,Phoneme Wah,Sunglasses,
9203,,Void Black,Brown,Prison Jumpsuit,Bored Unshaven Cigarette,Bloodshot,Glowrift Hat Black
9204,Silver Stud,Void Black,Tan,Tuxedo Tee,Jovial,Sleepy,
9205,,Void Black,Gray,,Rage,Hypnotized,Fez
9206,,Void Black,Pink,Navy Striped Tee,Bored Pipe,X Eyes,Glowrift Flipped Brim
9207,Silver Hoop,Void Black,Dark Brown,,Bored,Eyepatch,King's Crown
9208,Silver Hoop,Void Black,Dark Brown,Fossil Tee,Bored,Closed,
9209,,Void Black,Phantom,Tuxedo Tee,Grin,Sad,Safari
9210,,Void Black,Black,Striped Tee,Bored Cigarette,Closed,Shadow Hat
9211,,Void Black,Pink,Guayabera,Bored Cigarette,Closed,Glowrift Flipped Brim
9212,,Void Black,Dark Brown,,Bored,Coins,
9213,,Void Black,Blue,Tanktop,Bored Pizza,Closed,Girl's Hair Short
9214,Diamond Stud,Void Black,Tan,Wool Turtleneck,Phoneme Oh,Hypnotized,Crimson Hat
9215,,Void Black,Black,Prom Dress,Discomfort,Sunglasses,Glowrift Flipped Brim
9216,,Void Black,Red,Lumberjack Shirt,Phoneme Oh,Sad,Irish Boho
9217,,Void Black,Cream,,Bored,Closed,
9218,,Void Black,Cheetah,Wool Turtleneck,Bored Unshaven,Bored,Faux Hawk
9219,,Void Black,Brown,Void Rift T,Bored Unshaven,Bored,Short Mohawk
9220,,Void Black,Pink,Biker Vest,Bored Unshaven,Heart,Halo
9221,,Void Black,Red,Vietnam Jacket,Bored Unshaven,3d,Stuntman Helmet
9222,,Void Black,Dark Brown,Fossil Necklace,Grin,Bored,Shadow Hat
9223,,Void Black,Phantom,Space Suit,Bored Unshaven,Bored,
9224,,Void Black,Golden Brown,Black Suit,Bored Unshaven,Sad,Fisherman's Hat
9225,Gold Hoop,Void Black,Cheetah,Puffy Vest,Bored Unshaven Cigarette,Crazy,Horns
9226,,Void Black,Void Bot,Wool Turtleneck,Discomfort,Sleepy,
9227,Cross,Void Black,Cream,Striped Tee,Grin Multicolored,Sad,Halo
9228,,Void Black,Cheetah,Puffy Vest,Grin,Bored,Short Mohawk
9229,,Void Black,Pink,Tanktop,Dumbfounded,Bloodshot,Bowler
9230,,Void Black,Brown,Rainbow Suspenders,Discomfort,Bloodshot,Beanie
9231,Silver Hoop,Void Black,Pink,Tie Dye,Bored Unshaven,Bored,
9232,,Void Black,Black,Leather Jacket,Bored,Eyepatch,
9233,,Void Black,Golden Brown,Tie Dye,Discomfort,X Eyes,Party Hat 1
9234,,Void Black,Noise,Lumberjack Shirt,Tongue Out,Blue Beams,
9235,,Void Black,Brown,Hawaiian,Bored Unshaven Cigar,Bored,
9236,,Void Black,Cream,Striped Tee,Phoneme ooo,Bored,
9237,,Void Black,Black,Navy Striped Tee,Bored Unshaven,Sleepy,
9238,,Void Black,Brown,Fossil Tee,Bored Bubblegum,3d,Crimson Hat
9239,,Void Black,Black,Sleeveless T,Phoneme L,Sad,Horns
9240,,Void Black,Black,Hawaiian,Bored Unshaven,Chrome,Stuntman Helmet
9241,,Void Black,Black,Fossil Tee,Dumbfounded,Phantom,Irish Boho
9242,,Void Black,Gray,Biker Vest,Bored,3d,Glowrift Hat Black
9243,Silver Hoop,Void Black,Dark Brown,Pimp Coat,Bored Unshaven,Closed,Spinner Hat
9244,Silver Hoop,Void Black,Black,Guayabera,Bored,Sad,Voyager's Hat
9245,,Void Black,Pink,Lab Coat,Dumbfounded,Sad,Shadow Hat
9246,,Void Black,Cheetah,Service,Bored Unshaven,Bored,
9247,,Void Black,Dark Brown,,Grin,3d,
9248,Silver Stud,Void Black,Black,Bandolier,Bored Unshaven Pipe,Sad,Voyager's Hat
9249,Silver Hoop,Void Black,Chromatic,Striped Tee,Bored,Chrome,
9250,,Void Black,Pink,Admirals Coat,Bored Unshaven,Hypnotized,Ww2 Pilot Helm
9251,,Void Black,Blue,Tanktop,Bored Party Horn,Bloodshot,Fez
9252,,Void Black,Pink,Smoking Jacket,Tongue Out,Angry,Glowrift Hat Red
9253,,Void Black,Dark Brown,Leather Jacket,Bored Cigarette,Chrome,
9254,,Void Black,Dark Brown,,Phoneme Vuh,Wide Eyed,Glowrift Flipped Brim
9255,,Void Black,Red,Smoking Jacket,Discomfort,Wide Eyed,
9256,Gold Hoop,Void Black,Golden Brown,,Bored Kazoo,Heart,Glowrift Flipped Brim
9257,,Void Black,Phantom,Black T,Bored Cigarette,Angry,Bandana Blue
9258,,Void Black,Dark Brown,Guayabera,Phoneme ooo,Angry,Spinner Hat
9259,,Void Black,Dark Brown,Toga,Bored,Sad,Irish Boho
9260,Gold Stud,Void Black,Dark Brown,Glowrift T Red,Discomfort,3d,Baby's Bonnet
9261,,Void Black,Cheetah,,Bored Unshaven Kazoo,Bored,Irish Boho
9262,Diamond Stud,Void Black,Chrome,Hawaiian,Grin,Closed,Safari
9263,,Void Black,Brown,Smoking Jacket,Bored,Bloodshot,Voyager's Hat
9264,,Void Black,Gray,Void Rift T,Bored Cigarette,Heart,Short Mohawk
9265,,Void Black,Black,Striped Tee,Phoneme ooo,Bored,Ww2 Pilot Helm
9266,,Void Black,Brown,,Jovial,3d,Irish Boho
9267,,Void Black,Tan,Void Rift T,Bored Unshaven,Sunglasses,Irish Boho
9268,,Void Black,Dmt,Hawaiian,Bored Bubblegum,Angry,Fez
9269,,Void Black,Black,Work Vest,Bored,Sad,Prussian Helmet
9270,,Void Black,Phantom,Rainbow Suspenders,Grin,Wide Eyed,Fisherman's Hat
9271,Silver Hoop,Void Black,Brown,Smoking Jacket,Grin,Sleepy,Horns
9272,,Void Black,Brown,Leather Jacket,Bored,Coins,Patrol Motorcycle Helmet
9273,,Void Black,Chromatic,Glowrift T Black,Bored,Bloodshot,Fisherman's Hat
9274,Silver Stud,Void Black,White,Prom Dress,Small Grin,Hypnotized,
9275,,Void Black,Brown,Hawaiian,Bored Unshaven,Scumbag,Short Mohawk
9276,,Void Black,Phantom,Striped Tee,Bored,Crazy,Beanie
9277,,Void Black,Tan,Glowrift T Red,Bored,Bored,Short Mohawk
9278,,Void Black,Dark Brown,Void Rift T,Bored Cigar,Bloodshot,Vietnam Era Helmet
9279,Gold Hoop,Void Black,Black,Kings Robe,Bored Unshaven,Bored,Crimson Hat
9280,,Void Black,Phantom,Sailor Shirt,Phoneme Oh,3d,Beanie
9281,Diamond Stud,Void Black,Black,Kings Robe,Bored Cigarette,Heart,
9282,,Void Black,Black,Caveman Pelt,Bored Unshaven,Coins,Faux Hawk
9283,Silver Hoop,Void Black,Gray,Toga,Bored Unshaven Bubblegum,Closed,Fez
9284,,Void Black,Black,,Jovial,Sleepy,Beanie
9285,,Void Black,Dark Brown,Guayabera,Grin,Phantom,Horns
9286,Silver Hoop,Void Black,Cream,Bandolier,Bored,Bloodshot,Voyager's Hat
9287,,Void Black,Tan,Tuxedo Tee,Tongue Out,3d,
9288,,Void Black,Tan,,Phoneme Oh,Sleepy,Crimson Hat
9289,Gold Stud,Void Black,Cream,Prison Jumpsuit,Bored Unshaven,Hypnotized,Glowrift Hat Black
9290,,Void Black,Gray,Toga,Bored,Bored,Patrol Motorcycle Helmet
9291,,Void Black,Golden Brown,Black T,Jovial,Laser Eyes,Beanie
9292,,Void Black,Dark Brown,Fossil Tee,Bored,Scumbag,Vietnam Era Helmet
9293,Silver Stud,Void Black,Gray,Cowboy Shirt,Bored Unshaven,3d,Shadow Hat
9294,,Void Black,Tan,Glowrift T Red,Grin,Coins,Sky Captain's Hat
9295,,Void Black,Red,Striped Tee,Bored,X Eyes,Glowrift Flipped Brim
9296,,Void Black,Dark Brown,Black T,Grin Gold Grill,Coins,
9297,Diamond Stud,Void Black,Red,Glowrift T Black,Bored Unshaven,Bored,Party Hat 1
9298,,Void Black,Dark Brown,Black T,Bored Unshaven,Bored,Short Mohawk
9299,,Void Black,Phantom,Stunt Jacket,Bored Unshaven,Sunglasses,Voyager's Hat
9300,Gold Stud,Void Black,Dark Brown,Void Rift T,Bored Unshaven,Sunglasses,
9301,,Void Black,Brown,Navy Striped Tee,Grin,Bloodshot,Voyager's Hat
9302,,Void Black,Tan,Void Rift T,Phoneme Oh,Hypnotized,
9303,Silver Hoop,Void Black,Black,Void Rift T,Bored Cigarette,Sleepy,Voyager's Hat
9304,Silver Stud,Void Black,Cheetah,Wool Turtleneck,Grin Multicolored,X Eyes,Sushi Chef Headband
9305,Silver Stud,Void Black,Golden Brown,Fossil Tee,Bored Cigarette,Bored,Fez
9306,Silver Hoop,Void Black,Cheetah,,Jovial,Wide Eyed,Voyager's Hat
9307,,Void Black,Tan,Prison Jumpsuit,Phoneme Vuh,Bored,Fisherman's Hat
9308,,Void Black,Pink,,Bored Unshaven Cigar,Sad,Cowboy Hat
9309,Silver Stud,Void Black,Blue,Sleeveless Logo T,Jovial,Blindfold,Irish Boho
9310,,Void Black,Void Bot,Void Rift T,Phoneme L,Coins,Patrol Motorcycle Helmet
9311,Gold Hoop,Void Black,Red,,Bored Dagger,Angry,Safari
9312,,Void Black,Noise,Glowrift T Red,Dumbfounded,Eyepatch,Short Mohawk
9313,Silver Hoop,Void Black,Red,Puffy Vest,Phoneme ooo,Hypnotized,
9314,,Void Black,Pink,,Small Grin,Coins,Ww2 Pilot Helm
9315,Cross,Void Black,White,Biker Vest,Grin Gold Grill,Bored,Glowrift Hat Red
9316,Diamond Stud,Void Black,Red,Fossil Tee,Bored,Bored,Glowrift Hat Black
9317,Cross,Void Black,Golden Brown,Smoking Jacket,Dumbfounded,Wide Eyed,Glowrift Flipped Brim
9318,,Void Black,Dark Brown,Leather Spectrum Jacket,Small Grin,Phantom,Beanie
9319,,Void Black,Dark Brown,Sleeveless Logo T,Bored Unshaven,Bloodshot,Bandana Blue
9320,,Void Black,Golden Brown,Tanktop,Bored Unshaven,Sad,Sky Captain's Hat
9321,,Void Black,Dark Brown,Smoking Jacket,Bored,Heart,
9322,Silver Stud,Void Black,Black,Tuxedo Tee,Bored Unshaven,Bloodshot,
9323,,Void Black,Black,Glowrift T Red,Bored Unshaven,Bored,Ww2 Pilot Helm
9324,Silver Stud,Void Black,Black,Tanktop,Bored Unshaven Cigar,Closed,Crimson Hat
9325,,Void Black,Tan,Fossil Tee,Bored Unshaven Cigarette,Bored,
9326,,Void Black,Black,Biker Vest,Bored,Sad,
9327,Diamond Stud,Void Black,Brown,Sailor Shirt,Bored Unshaven Cigarette,Blindfold,Safari
9328,,Void Black,Gray,Striped Tee,Bored,Hypnotized,Sky Captain's Hat
9329,Silver Hoop,Void Black,Brown,Wool Turtleneck,Bored Unshaven,Chrome,
9330,,Void Black,Cream,,Bored,Coins,Patrol Motorcycle Helmet
9331,Gold Stud,Void Black,Dmt,,Bored Unshaven Cigarette,Bored,Crimson Hat
9332,,Void Black,Brown,Puffy Vest,Bored Cigarette,3d,Bandana Blue
9333,,Void Black,Red,Tie Dye,Bored,Scumbag,Baby's Bonnet
9334,,Void Black,White,Vietnam Jacket,Bored Unshaven,Wide Eyed,
9335,,Void Black,Dark Brown,Black T,Bored Cigarette,Heart,Short Mohawk
9336,,Void Black,Blue,Service,Bored,Prismatic,
9337,,Void Black,Phantom,Black T,Phoneme ooo,Bloodshot,Sushi Chef Headband
9338,Silver Hoop,Void Black,Cream,Sleeveless Logo T,Bored Cigarette,Phantom,
9339,,Void Black,Cream,Black T,Grin Multicolored,Eyepatch,
9340,Silver Hoop,Void Black,Brown,Black T,Grin Diamond Grill,Neonborg,Crimson Hat
9341,,Void Black,Brown,Rainbow Suspenders,Bored Unshaven,Prismatic,Beanie
9342,,Void Black,Blue,Biker Vest,Bored,Sad,
9343,,Void Black,Pink,,Small Grin,Sleepy,
9344,Gold Stud,Void Black,Pink,Hawaiian,Grin Gold Grill,Bored,Bunny Ears
9345,Silver Hoop,Void Black,Black,Caveman Pelt,Dumbfounded,Bloodshot,Glowrift Flipped Brim
9346,Silver Hoop,Void Black,Brown,Black T,Tongue Out,Eyepatch,Cowboy Hat
9347,,Void Black,Dark Brown,,Grin,3d,
9348,Silver Hoop,Void Black,Chrome,Striped Tee,Phoneme Vuh,Angry,Party Hat 2
9349,,Void Black,Gray,Lab Coat,Small Grin,Bored,Party Hat 2
9350,,Void Black,Dark Brown,Caveman Pelt,Bored,Closed,Safari
9351,,Void Black,Black,,Bored Kazoo,Bloodshot,
9352,,Void Black,Cream,Puffy Vest,Dumbfounded,Eyepatch,
9353,,Void Black,Brown,Leather Jacket,Jovial,Angry,Short Mohawk
9354,,Void Black,Blue,,Bored Pipe,Prismatic,Beanie
9355,,Void Black,Phantom,Tuxedo Tee,Bored Unshaven,Wide Eyed,Halo
9356,,Void Black,Dark Brown,Lumberjack Shirt,Bored Pipe,Coins,Sushi Chef Headband
9357,,Void Black,Tan,Caveman Pelt,Bored Unshaven,Closed,Fez
9358,,Void Black,Dark Brown,Puffy Vest,Bored Cigarette,Sad,Ww2 Pilot Helm
9359,,Void Black,Black,Sleeveless T,Bored,Bored,Beanie
9360,,Void Black,Red,Striped Tee,Bored Unshaven,Coins,Voyager's Hat
9361,Silver Stud,Void Black,Chromatic,,Bored Unshaven Bubblegum,Neonborg,
9362,Silver Stud,Void Black,Black,Lab Coat,Bored,Bored,Horns
9363,,Void Black,Brown,Sleeveless Logo T,Bored Cigarette,Coins,
9364,,Void Black,Cheetah,,Dumbfounded,Closed,Vietnam Era Helmet
9365,,Void Black,Dark Brown,Lumberjack Shirt,Bored Unshaven Cigar,3d,Ww2 Pilot Helm
9366,,Void Black,Black,Pimp Coat,Bored Bubblegum,Heart,
9367,,Void Black,Cream,Kings Robe,Discomfort,Sleepy,Cowboy Hat
9368,,Void Black,Gray,,Bored,Closed,Bowler
9369,,Void Black,Golden Brown,,Jovial,Wide Eyed,Voyager's Hat
9370,,Void Black,Cream,Navy Striped Tee,Rage,Sleepy,Halo
9371,Silver Stud,Void Black,Black,,Bored,Laser Eyes,Fez
9372,Silver Stud,Void Black,Brown,Tuxedo Tee,Grin,Wide Eyed,Baby's Bonnet
9373,,Void Black,Dark Brown,Leather Jacket,Bored Unshaven,Eyepatch,
9374,,Void Black,Golden Brown,,Dumbfounded,Coins,Glowrift Flipped Brim
9375,Gold Hoop,Void Black,Phantom,Hip Hop,Discomfort,Wide Eyed,Beanie
9376,,Void Black,Gray,Tweed Suit,Bored Unshaven,Wide Eyed,Beanie
9377,,Void Black,Pink,,Dumbfounded,Angry,Chromatic Captain's Hat
9378,,Void Black,Brown,Prison Jumpsuit,Bored Dagger,Closed,Short Mohawk
9379,,Void Black,Black,Black T,Bored Unshaven Pipe,Crazy,Patrol Motorcycle Helmet
9380,Silver Hoop,Void Black,Gray,Glowrift T Red,Bored Unshaven,Scumbag,
9381,,Void Black,Brown,,Bored,Coins,
9382,Gold Stud,Void Black,Black,Work Vest,Bored Unshaven,Wide Eyed,Spinner Hat
9383,,Void Black,Dark Brown,,Phoneme ooo,Bloodshot,Horns
9384,,Void Black,Cheetah,Rainbow Suspenders,Bored,Bloodshot,
9385,,Void Black,Pink,Cowboy Shirt,Bored Unshaven Kazoo,3d,Beanie
9386,,Void Black,Black,Navy Striped Tee,Phoneme Vuh,3d,Beanie
9387,,Void Black,Gray,Navy Striped Tee,Bored Cigar,Phantom,Beanie
9388,Gold Hoop,Void Black,Red,,Jovial,Crazy,Beanie
9389,,Void Black,Golden Brown,Fossil Tee,Bored,Bloodshot,
9390,,Void Black,Red,Fossil Necklace,Bored,Bored,Spinner Hat
9391,Gold Hoop,Void Black,Brown,Tweed Suit,Bored,Bloodshot,Fez
9392,,Void Black,Cream,Cowboy Shirt,Discomfort,3d,Short Mohawk
9393,,Void Black,Cream,Leather Spectrum Jacket,Jovial,Bloodshot,
9394,,Void Black,Brown,Sailor Shirt,Bored Unshaven Cigarette,Sleepy,Safari
9395,Cross,Void Black,Brown,Service,Grin,Coins,
9396,,Void Black,Black,Stunt Jacket,Phoneme ooo,Bored,Bowler
9397,,Void Black,Cream,Black T,Small Grin,3d,
9398,,Void Black,Brown,Navy Striped Tee,Bored Unshaven,Sleepy,Chromatic Captain's Hat
9399,,Void Black,Dark Brown,Hawaiian,Bored Unshaven Cigarette,Bloodshot,
9400,,Void Black,Brown,,Phoneme Vuh,Prismatic,Cowboy Hat
9401,,Void Black,Golden Brown,Bandolier,Phoneme Oh,Sad,Stuntman Helmet
9402,,Void Black,Golden Brown,,Phoneme Wah,Bored,Patrol Motorcycle Helmet
9403,,Void Black,Pink,Smoking Jacket,Bored Bubblegum,Bored,Shadow Hat
9404,,Void Black,Phantom,,Bored Unshaven Pipe,Bored,Baby's Bonnet
9405,Silver Stud,Void Black,Brown,Vietnam Jacket,Phoneme Vuh,Sad,Glowrift Hat Black
9406,,Void Black,Black,Puffy Vest,Bored Unshaven,Closed,
9407,,Void Black,Black,Prison Jumpsuit,Bored,Sad,
9408,Gold Hoop,Void Black,Cream,Tanktop,Bored,Crazy,
9409,,Void Black,Red,Glowrift T Red,Bored,X Eyes,Sky Captain's Hat
9410,Silver Stud,Void Black,Brown,Space Suit,Phoneme Vuh,Angry,Stuntman Helmet
9411,,Void Black,Black,Fossil Necklace,Grin,Sleepy,Crimson Hat
9412,,Void Black,Chrome,Leather Jacket,Bored Cigarette,Sad,Patrol Motorcycle Helmet
9413,,Void Black,Dark Brown,Biker Vest,Grin Diamond Grill,Eyepatch,Horns
9414,,Void Black,Brown,Leather Jacket,Bored Unshaven,Sad,Crimson Hat
9415,Silver Hoop,Void Black,Brown,Caveman Pelt,Phoneme Oh,Bloodshot,
9416,,Void Black,Brown,,Bored Unshaven,3d,Girl's Hair Pink
9417,,Void Black,Brown,Tanktop,Phoneme Wah,Hypnotized,Vietnam Era Helmet
9418,Silver Hoop,Void Black,Blue,Prom Dress,Bored,Sleepy,Cowboy Hat
9419,,Void Black,Red,Puffy Vest,Grin,Sleepy,Baby's Bonnet
9420,Silver Hoop,Void Black,Blue,Void Rift T,Bored Unshaven,Sunglasses,S&m Hat
9421,,Void Black,Tan,Leather Jacket,Phoneme Vuh,Angry,Glowrift Flipped Brim
9422,,Void Black,Pink,,Rage,Neonborg,Ww2 Pilot Helm
9423,,Void Black,Cream,Blue Dress,Grin Diamond Grill,Closed,Sushi Chef Headband
9424,,Void Black,Golden Brown,,Bored,Bored,Fez
9425,,Void Black,Tan,Tanktop,Bored,Closed,Safari
9426,,Void Black,Pink,Sleeveless T,Bored Cigarette,Heart,Girl's Hair Pink
9427,,Void Black,Blue,Smoking Jacket,Bored,Bored,
9428,Silver Stud,Void Black,Brown,Puffy Vest,Bored,Crazy,Shadow Hat
9429,,Void Black,Brown,Tuxedo Tee,Phoneme Oh,Sad,Short Mohawk
9430,,Void Black,Red,Striped Tee,Phoneme Wah,Chrome,Safari
9431,,Void Black,Dark Brown,Leather Jacket,Phoneme Vuh,Coins,Stuntman Helmet
9432,,Void Black,Pink,Glowrift T Red,Bored Pipe,Phantom,Glowrift Hat Black
9433,,Void Black,Blue,Tanktop,Bored Party Horn,Eyepatch,S&m Hat
9434,Silver Stud,Void Black,White,Striped Tee,Phoneme ooo,Neonborg,
9435,,Void Black,Cream,,Bored Unshaven,Sleepy,Glowrift Flipped Brim
9436,Gold Stud,Void Black,Cream,Navy Striped Tee,Bored,Bloodshot,King's Crown
9437,,Void Black,Dark Brown,Puffy Vest,Bored,Bored,
9438,,Void Black,Brown,Leather Spectrum Jacket,Bored Unshaven,Bored,Crimson Hat
9439,,Void Black,Red,Bandolier,Bored Unshaven,Closed,Baby's Bonnet
9440,,Void Black,Cheetah,Biker Vest,Small Grin,Sunglasses,Glowrift Hat Black
9441,,Void Black,Golden Brown,Lumberjack Shirt,Grin,Wide Eyed,Beanie
9442,Silver Hoop,Void Black,Red,Work Vest,Bored Unshaven Cigarette,Sunglasses,Vietnam Era Helmet
9443,Silver Hoop,Void Black,Red,Hawaiian,Tongue Out,Coins,Fisherman's Hat
9444,,Void Black,Brown,Puffy Vest,Bored,Phantom,Fisherman's Hat
9445,,Void Black,Golden Brown,Work Vest,Phoneme L,Bored,
9446,,Void Black,Phantom,Glowrift T Black,Bored Unshaven,Bloodshot,Fisherman's Hat
9447,Silver Stud,Void Black,Tan,Sailor Shirt,Bored,Chrome,Shadow Hat
9448,,Void Black,Dmt,,Bored Bubblegum,X Eyes,Sky Captain's Hat
9449,,Void Black,White,Black T,Bored,Blue Beams,
9450,Gold Hoop,Void Black,Brown,Lumberjack Shirt,Bored Unshaven,Sleepy,
9451,Silver Stud,Void Black,Dark Brown,Bandolier,Phoneme L,Bored,Fez
9452,,Void Black,Chrome,Space Suit,Bored Unshaven Pipe,Laser Eyes,Beanie
9453,,Void Black,Tan,,Bored Bubblegum,Bloodshot,Spinner Hat
9454,,Void Black,Black,Striped Tee,Dumbfounded,Chrome,Beanie
9455,,Void Black,Gray,Wool Turtleneck,Bored Unshaven Pizza,Bored,Voyager's Hat
9456,,Void Black,Gray,Smoking Jacket,Jovial,Bored,
9457,,Void Black,Noise,Glowrift T Black,Bored Party Horn,Hypnotized,Vietnam Era Helmet
9458,Gold Stud,Void Black,Cream,Hawaiian,Discomfort,Bored,Prussian Helmet
9459,,Void Black,Red,Bandolier,Tongue Out,Coins,Bunny Ears
9460,,Void Black,Cheetah,,Dumbfounded,Heart,Sky Captain's Hat
9461,,Void Black,Brown,,Grin,Wide Eyed,Glowrift Hat Red
9462,,Void Black,Dark Brown,Sailor Shirt,Small Grin,Bored,Patrol Motorcycle Helmet
9463,,Void Black,Red,,Bored Cigarette,Hypnotized,
9464,,Void Black,Noise,Striped Tee,Grin,Bored,Baby's Bonnet
9465,Silver Stud,Void Black,Red,Striped Tee,Bored Unshaven Cigarette,Sad,Crimson Hat
9466,Gold Hoop,Void Black,White,,Grin,Sleepy,Beanie
9467,Gold Stud,Void Black,Tan,Work Vest,Grin,Sleepy,Fez
9468,,Void Black,Tan,Fossil Tee,Phoneme Oh,Sunglasses,Shadow Hat
9469,,Void Black,Cream,Leather Spectrum Jacket,Bored Cigarette,Bored,Patrol Motorcycle Helmet
9470,Silver Hoop,Void Black,Pink,Sailor Shirt,Bored Party Horn,Blindfold,Cowboy Hat
9471,,Void Black,Black,Admirals Coat,Bored Kazoo,Blindfold,Fez
9472,Gold Hoop,Void Black,Tan,,Tongue Out,Bloodshot,Prussian Helmet
9473,Silver Hoop,Void Black,Dark Brown,,Bored Cigarette,3d,Patrol Motorcycle Helmet
9474,,Void Black,Dark Brown,Hawaiian,Bored,Angry,Horns
9475,Silver Hoop,Void Black,Black,Wool Turtleneck,Dumbfounded,Angry,Horns
9476,,Void Black,Pink,Biker Vest,Phoneme Vuh,Angry,Bowler
9477,,Void Black,Brown,Hawaiian,Jovial,Crazy,Short Mohawk
9478,,Void Black,Red,,Phoneme Wah,Coins,Halo
9479,,Void Black,Dark Brown,,Phoneme L,Wide Eyed,Shadow Hat
9480,,Void Black,Cream,Vietnam Jacket,Bored Unshaven,Bloodshot,Bunny Ears
9481,,Void Black,Chromatic,Lumberjack Shirt,Bored,Angry,
9482,Gold Hoop,Void Black,Phantom,,Bored Party Horn,X Eyes,Bowler
9483,,Void Black,Dark Brown,Work Vest,Bored,Bored,
9484,Gold Stud,Void Black,Golden Brown,Lumberjack Shirt,Bored Cigarette,Sleepy,Party Hat 1
9485,,Void Black,Brown,Glowrift T Black,Phoneme Oh,Blindfold,Shadow Hat
9486,,Void Black,Cheetah,Lumberjack Shirt,Bored Unshaven,Sleepy,Irish Boho
9487,,Void Black,Brown,Striped Tee,Bored,Angry,Short Mohawk
9488,,Void Black,Dark Brown,Prison Jumpsuit,Bored Unshaven,3d,Fez
9489,,Void Black,Dark Brown,Tweed Suit,Bored Unshaven,Bored,Fisherman's Hat
9490,,Void Black,Cream,Leather Jacket,Bored Unshaven,Crazy,Sky Captain's Hat
9491,,Void Black,Dark Brown,Tuxedo Tee,Bored Unshaven,Bored,
9492,,Void Black,Black,,Bored Unshaven Bubblegum,3d,Beanie
9493,,Void Black,Tan,,Bored Unshaven,3d,
9494,,Void Black,Golden Brown,Vietnam Jacket,Bored Unshaven,Scumbag,Short Mohawk
9495,,Void Black,Black,Tweed Suit,Bored,Sunglasses,Vietnam Era Helmet
9496,,Void Black,Chrome,Stunt Jacket,Bored Unshaven,Sunglasses,Sky Captain's Hat
9497,,Void Black,Golden Brown,Work Vest,Phoneme L,Bloodshot,Sky Captain's Hat
9498,Gold Hoop,Void Black,Tan,Fossil Necklace,Dumbfounded,Sunglasses,Vietnam Era Helmet
9499,,Void Black,Brown,Prison Jumpsuit,Bored Cigar,Bored,Fez
9500,,Void Black,Dark Brown,Striped Tee,Bored Cigar,Closed,Sushi Chef Headband
9501,Silver Stud,Void Black,Dark Brown,Wool Turtleneck,Bored,Bored,S&m Hat
9502,,Void Black,White,Fossil Tee,Bored Unshaven Cigar,Coins,Horns
9503,,Void Black,White,Tweed Suit,Phoneme ooo,Sleepy,
9504,,Void Black,Dark Brown,Prison Jumpsuit,Bored Cigarette,Scumbag,Halo
9505,Silver Hoop,Void Black,Blue,Leather Spectrum Jacket,Tongue Out,Closed,Fez
9506,,Void Black,Black,,Bored Unshaven,Wide Eyed,Horns
9507,,Void Black,Brown,,Bored Unshaven,Sunglasses,
9508,,Void Black,Cheetah,Striped Tee,Phoneme Wah,Crazy,Beanie
9509,,Void Black,Brown,Cowboy Shirt,Grin,Bored,
9510,,Void Black,Dark Brown,Cowboy Shirt,Bored Unshaven,Prismatic,Beanie
9511,,Void Black,Black,Sleeveless T,Bored Unshaven Cigarette,Hypnotized,
9512,,Void Black,Brown,Glowrift T Black,Dumbfounded,Angry,
9513,,Void Black,Brown,Wool Turtleneck,Phoneme Vuh,Sunglasses,Irish Boho
9514,Gold Hoop,Void Black,Brown,,Jovial,Phantom,Patrol Motorcycle Helmet
9515,Gold Hoop,Void Black,Red,Wool Turtleneck,Bored,Angry,Glowrift Flipped Brim
9516,,Void Black,Pink,Void Rift T,Phoneme Vuh,Crazy,Halo
9517,,Void Black,Cheetah,Navy Striped Tee,Bored Unshaven,Sunglasses,Safari
9518,,Void Black,Black,Sleeveless Logo T,Grin Multicolored,Bored,Fez
9519,Silver Stud,Void Black,Gray,,Rage,Eyepatch,Halo
9520,Gold Stud,Void Black,Brown,Leather Jacket,Bored,Scumbag,Fisherman's Hat
9521,,Void Black,Blue,Navy Striped Tee,Bored,Crazy,Party Hat 1
9522,,Void Black,Red,,Bored,Sleepy,Bandana Blue
9523,,Void Black,Dark Brown,,Bored,Sad,Short Mohawk
9524,Gold Hoop,Void Black,Noise,,Bored,Wide Eyed,Cowboy Hat
9525,Gold Stud,Void Black,Black,Black T,Grin,Wide Eyed,Cowboy Hat
9526,,Void Black,Cream,Tuxedo Tee,Bored Kazoo,Coins,
9527,,Void Black,Cheetah,Space Suit,Bored,Sleepy,S&m Hat
9528,,Void Black,Golden Brown,,Bored Unshaven Cigarette,Heart,Cowboy Hat
9529,,Void Black,Red,Void Rift T,Bored Unshaven,Bored,
9530,,Void Black,Tan,Leather Jacket,Bored,Chrome,S&m Hat
9531,Diamond Stud,Void Black,Blue,Tie Dye,Bored,Bored,
9532,,Void Black,Brown,Navy Striped Tee,Grin,Bored,S&m Hat
9533,,Void Black,Gray,Biker Vest,Bored Unshaven,Hypnotized,Bowler
9534,,Void Black,Red,,Tongue Out,3d,Cowboy Hat
9535,Silver Hoop,Void Black,Pink,Kings Robe,Dumbfounded,Closed,Spinner Hat
9536,Diamond Stud,Void Black,Gray,,Bored Cigarette,Closed,Sushi Chef Headband
9537,Silver Hoop,Void Black,Black,Tuxedo Tee,Bored Cigarette,Bored,
9538,,Void Black,Dark Brown,,Bored Party Horn,Crazy,Horns
9539,Silver Hoop,Void Black,Cheetah,Lumberjack Shirt,Bored Unshaven Pipe,Chrome,
9540,,Void Black,Dark Brown,Cowboy Shirt,Bored,Sleepy,Horns
9541,,Void Black,Black,Space Suit,Grin,Bored,Glowrift Hat Black
9542,,Void Black,Dark Brown,Navy Striped Tee,Bored Unshaven Pizza,Scumbag,
9543,,Void Black,Tan,,Grin,Bloodshot,
9544,,Void Black,Brown,Lab Coat,Bored Party Horn,3d,Bowler
9545,,Void Black,White,,Bored Pipe,Bloodshot,Patrol Motorcycle Helmet
9546,,Void Black,Dmt,Fossil Necklace,Bored Cigarette,X Eyes,Shadow Hat
9547,Gold Stud,Void Black,Brown,Caveman Pelt,Discomfort,X Eyes,Spinner Hat
9548,Gold Hoop,Void Black,Black,,Bored,Sleepy,Sushi Chef Headband
9549,,Void Black,Cheetah,Hip Hop,Bored,Closed,Irish Boho
9550,,Void Black,Pink,,Phoneme Vuh,Crazy,Party Hat 2
9551,,Void Black,Golden Brown,Fossil Tee,Bored,3d,
9552,Gold Stud,Void Black,Cream,Tie Dye,Bored,X Eyes,Spinner Hat
9553,Silver Stud,Void Black,Brown,Lab Coat,Rage,Bloodshot,S&m Hat
9554,,Void Black,Dark Brown,Smoking Jacket,Bored Unshaven,Angry,Voyager's Hat
9555,,Void Black,Dark Brown,Leather Jacket,Dumbfounded,Phantom,Horns
9556,,Void Black,Dmt,,Bored Unshaven,Phantom,Beanie
9557,,Void Black,Void Bot,Puffy Vest,Bored Unshaven Bubblegum,Wide Eyed,
9558,,Void Black,Brown,Hawaiian,Bored Unshaven,Bored,Ww2 Pilot Helm
9559,Silver Stud,Void Black,Brown,Tanktop,Bored,Chrome,Baby's Bonnet
9560,,Void Black,Phantom,,Grin,Closed,Fez
9561,,Void Black,White,Puffy Vest,Dumbfounded,Bored,Glowrift Hat Black
9562,,Void Black,Cream,Hip Hop,Phoneme L,Chrome,Shadow Hat
9563,,Void Black,Black,Pimp Coat,Bored Unshaven Pipe,Sleepy,Beanie
9564,Diamond Stud,Void Black,Void Bot,Black T,Phoneme L,Sunglasses,Fisherman's Hat
9565,Silver Hoop,Void Black,Dark Brown,Striped Tee,Jovial,Sleepy,
9566,,Void Black,Cream,Admirals Coat,Bored Party Horn,Sad,Ww2 Pilot Helm
9567,Silver Hoop,Void Black,Brown,Striped Tee,Jovial,Prismatic,Fez
9568,Silver Hoop,Void Black,Brown,,Phoneme Wah,Crazy,Girl's Hair Pink
9569,,Void Black,Black,Black T,Bored,Scumbag,
9570,,Void Black,Red,Work Vest,Bored Cigarette,Crazy,
9571,,Void Black,Brown,Striped Tee,Bored Unshaven,Closed,Party Hat 1
9572,,Void Black,Radiant Gold,,Bored Unshaven Cigarette,Closed,S&m Hat
9573,,Void Black,Dark Brown,,Phoneme Wah,Sad,Patrol Motorcycle Helmet
9574,Silver Hoop,Void Black,Golden Brown,Space Suit,Jovial,Sleepy,Beanie
9575,,Void Black,Cream,Smoking Jacket,Tongue Out,Phantom,Horns
9576,,Void Black,Red,Glowrift T Black,Bored Unshaven Cigar,Sleepy,Baby's Bonnet
9577,,Void Black,Phantom,Toga,Bored Unshaven,Angry,Stuntman Helmet
9578,,Void Black,Brown,Sleeveless T,Bored Unshaven,Sad,Cowboy Hat
9579,,Void Black,Brown,Puffy Vest,Discomfort,Sunglasses,Crimson Hat
9580,Silver Stud,Void Black,Gray,Navy Striped Tee,Phoneme Vuh,Hypnotized,
9581,,Void Black,Tan,,Phoneme L,Eyepatch,Fisherman's Hat
9582,,Void Black,Brown,,Bored Unshaven Cigarette,Closed,Glowrift Hat Red
9583,Gold Hoop,Void Black,Tan,Prom Dress,Rage,Hypnotized,Laurel Wreath
9584,,Void Black,Gray,Lumberjack Shirt,Bored Unshaven,Bloodshot,Irish Boho
9585,,Void Black,Tan,Tanktop,Bored Unshaven,Phantom,Spinner Hat
9586,,Void Black,Chrome,Striped Tee,Bored Cigar,Sad,Voyager's Hat
9587,Gold Stud,Void Black,Chrome,,Bored,Bloodshot,Irish Boho
9588,,Void Black,Dark Brown,Glowrift T Red,Bored Cigarette,Bored,Bowler
9589,,Void Black,Golden Brown,Black T,Bored Unshaven,Bloodshot,Halo
9590,,Void Black,Dmt,Black T,Bored Unshaven,Angry,Vietnam Era Helmet
9591,,Void Black,Golden Brown,,Bored Unshaven,Neonborg,Beanie
9592,,Void Black,Black,Sleeveless Logo T,Bored Unshaven Cigarette,Sad,Beanie
9593,,Void Black,Pink,,Bored,Eyepatch,Glowrift Hat Red
9594,,Void Black,Brown,Biker Vest,Bored,Angry,Stuntman Helmet
9595,,Void Black,Dark Brown,Hip Hop,Discomfort,Sad,Prussian Helmet
9596,,Void Black,Tan,Fossil Tee,Dumbfounded,Bored,Baby's Bonnet
9597,,Void Black,White,,Bored,Bored,Party Hat 1
9598,,Void Black,Black,Caveman Pelt,Bored Party Horn,Crazy,
9599,,Void Black,Black,Sailor Shirt,Jovial,Sad,Glowrift Hat Red
9600,,Void Black,Cheetah,,Phoneme ooo,Chrome,Safari
9601,Silver Hoop,Void Black,Blue,Prison Jumpsuit,Bored Party Horn,Hypnotized,
9602,,Void Black,Dark Brown,Navy Striped Tee,Small Grin,Eyepatch,Irish Boho
9603,,Void Black,Brown,Admirals Coat,Dumbfounded,Bored,
9604,,Void Black,Cheetah,Wool Turtleneck,Bored,Bored,Fez
9605,,Void Black,Tan,Fossil Tee,Bored,Bored,
9606,,Void Black,Black,,Bored Unshaven Pizza,Wide Eyed,
9607,,Void Black,Brown,,Bored Unshaven,Bored,
9608,,Void Black,Cream,Navy Striped Tee,Phoneme L,Bored,Spinner Hat
9609,Silver Hoop,Void Black,Blue,,Jovial,X Eyes,
9610,,Void Black,Brown,Black T,Bored Unshaven Cigarette,Sleepy,Voyager's Hat
9611,Silver Hoop,Void Black,Brown,Tuxedo Tee,Discomfort,Closed,
9612,,Void Black,Dmt,,Bored Pipe,Coins,Spinner Hat
9613,,Void Black,Cheetah,Lumberjack Shirt,Discomfort,Sunglasses,Beanie
9614,,Void Black,Cream,Biker Vest,Phoneme Wah,Heart,Faux Hawk
9615,,Void Black,Black,Leather Spectrum Jacket,Tongue Out,Eyepatch,Voyager's Hat
9616,,Void Black,Red,,Phoneme ooo,Wide Eyed,Safari
9617,,Void Black,Golden Brown,Leather Jacket,Rage,Sad,Bandana Blue
9618,Gold Hoop,Void Black,Brown,Wool Turtleneck,Jovial,Sleepy,Bowler
9619,,Void Black,Gray,,Bored Cigarette,Bloodshot,
9620,,Void Black,Cream,Tuxedo Tee,Grin,Bloodshot,Glowrift Hat Black
9621,Diamond Stud,Void Black,Dark Brown,,Bored Cigar,Wide Eyed,Vietnam Era Helmet
9622,,Void Black,Cheetah,Glowrift T Black,Bored,Bored,
9623,,Void Black,Cream,Sailor Shirt,Bored Unshaven Cigarette,Closed,Halo
9624,,Void Black,Black,Sailor Shirt,Dumbfounded,Bored,S&m Hat
9625,,Void Black,Pink,,Bored Unshaven,Bored,Fisherman's Hat
9626,,Void Black,Dark Brown,Navy Striped Tee,Bored,Bloodshot,Stuntman Helmet
9627,,Void Black,Cream,Void Rift T,Phoneme L,Blindfold,Stuntman Helmet
9628,,Void Black,Cream,,Bored,Bored,Cowboy Hat
9629,,Void Black,Phantom,,Bored,Angry,Baby's Bonnet
9630,,Void Black,Golden Brown,Sleeveless T,Phoneme Vuh,X Eyes,Girl's Hair Short
9631,,Void Black,Golden Brown,,Bored Cigarette,Chrome,Stuntman Helmet
9632,,Void Black,Golden Brown,,Dumbfounded,3d,Short Mohawk
9633,Silver Stud,Void Black,Dark Brown,Guayabera,Grin Diamond Grill,Angry,Cowboy Hat
9634,Gold Hoop,Void Black,Black,Tie Dye,Bored,Crazy,Sky Captain's Hat
9635,Silver Stud,Void Black,Black,Guayabera,Dumbfounded,Wide Eyed,
9636,Gold Stud,Void Black,Black,Tweed Suit,Grin,Phantom,Beanie
9637,Diamond Stud,Void Black,Tan,Tuxedo Tee,Bored Pipe,3d,Voyager's Hat
9638,,Void Black,Dark Brown,,Tongue Out,Sleepy,Shadow Hat
9639,,Void Black,Gray,Rainbow Suspenders,Bored Cigarette,Coins,Halo
9640,Gold Hoop,Void Black,Dark Brown,Wool Turtleneck,Bored Unshaven,Sleepy,Voyager's Hat
9641,,Void Black,Pink,Tanktop,Dumbfounded,Sad,Cowboy Hat
9642,,Void Black,Brown,Cowboy Shirt,Bored Unshaven,3d,
9643,Silver Hoop,Void Black,Cream,Navy Striped Tee,Grin Multicolored,Bored,Shadow Hat
9644,,Void Black,Brown,Hip Hop,Bored Unshaven,Bloodshot,Bowler
9645,Gold Hoop,Void Black,Cheetah,Striped Tee,Rage,Closed,Fez
9646,,Void Black,Tan,Tweed Suit,Bored Unshaven,3d,Crimson Hat
9647,,Void Black,Gray,Black Suit,Bored,Coins,Voyager's Hat
9648,Gold Stud,Void Black,Void Bot,Leather Jacket,Bored Unshaven,3d,Beanie
9649,Gold Hoop,Void Black,Phantom,Puffy Vest,Grin,Heart,Safari
9650,,Void Black,Black,Work Vest,Bored,Wide Eyed,
9651,,Void Black,Cream,,Bored Unshaven,Eyepatch,Short Mohawk
9652,,Void Black,Tan,Leather Jacket,Bored,Bored,
9653,Silver Hoop,Void Black,Phantom,Puffy Vest,Phoneme Oh,Coins,Glowrift Hat Black
9654,,Void Black,Tan,,Grin,Crazy,Girl's Hair Short
9655,,Void Black,Dark Brown,Stunt Jacket,Bored,Crazy,
9656,,Void Black,Tan,,Phoneme Vuh,Bored,Party Hat 2
9657,,Void Black,Phantom,Wool Turtleneck,Bored Unshaven Cigarette,Blindfold,
9658,,Void Black,Dmt,Work Vest,Bored,Closed,Spinner Hat
9659,,Void Black,Red,Tie Dye,Bored Pipe,Sad,Cowboy Hat
9660,,Void Black,Black,Navy Striped Tee,Grin,Bored,Crimson Hat
9661,Silver Stud,Void Black,Golden Brown,,Bored Unshaven,Bored,Bowler
9662,,Void Black,Noise,,Bored Cigarette,Sad,Laurel Wreath
9663,Gold Stud,Void Black,Dark Brown,,Bored Unshaven,Eyepatch,Shadow Hat
9664,Gold Stud,Void Black,White,Glowrift T Black,Phoneme L,Closed,Sky Captain's Hat
9665,,Void Black,Pink,,Bored Cigarette,Sleepy,
9666,,Void Black,Black,Prom Dress,Bored Cigarette,Sad,Beanie
9667,,Void Black,Pink,,Rage,Phantom,Vietnam Era Helmet
9668,Silver Stud,Void Black,Dark Brown,Striped Tee,Bored Unshaven Pipe,Wide Eyed,
9669,,Void Black,White,Void Rift T,Bored Unshaven,Sunglasses,Crimson Hat
9670,,Void Black,Brown,Toga,Bored,Eyepatch,S&m Hat
9671,,Void Black,Pink,Prison Jumpsuit,Bored Unshaven,Phantom,Sky Captain's Hat
9672,,Void Black,Dark Brown,,Bored,Sunglasses,
9673,Silver Stud,Void Black,Blue,Puffy Vest,Bored Cigarette,Bloodshot,Glowrift Flipped Brim
9674,,Void Black,Dark Brown,Smoking Jacket,Small Grin,Sad,
9675,,Void Black,Blue,Fossil Necklace,Grin,Coins,S&m Hat
9676,,Void Black,Black,Tweed Suit,Jovial,Phantom,Faux Hawk
9677,,Void Black,Dark Brown,Sailor Shirt,Bored Unshaven Party horn,Wide Eyed,
9678,,Void Black,Brown,Sailor Shirt,Phoneme Oh,Closed,
9679,,Void Black,Dark Brown,,Bored,Closed,Bowler
9680,,Void Black,Brown,Hawaiian,Bored Unshaven,Closed,S&m Hat
9681,,Void Black,Chrome,Biker Vest,Dumbfounded,Eyepatch,Halo
9682,,Void Black,Chrome,Sailor Shirt,Phoneme Wah,X Eyes,King's Crown
9683,,Void Black,Golden Brown,Leather Jacket,Dumbfounded,Eyepatch,Voyager's Hat
9684,,Void Black,Pink,,Bored Cigarette,Wide Eyed,Sky Captain's Hat
9685,,Void Black,Golden Brown,Hawaiian,Grin,Sleepy,Horns
9686,,Void Black,Dark Brown,Leather Jacket,Phoneme Wah,Sad,
9687,,Void Black,Black,Admirals Coat,Rage,Wide Eyed,
9688,Gold Stud,Void Black,Dark Brown,Fossil Necklace,Bored Cigarette,Sleepy,Glowrift Hat Black
9689,,Void Black,Black,Black T,Bored Unshaven Cigarette,Bloodshot,Voyager's Hat
9690,Gold Stud,Void Black,Void Bot,Bandolier,Bored,Closed,
9691,,Void Black,Gray,,Bored Unshaven,3d,King's Crown
9692,,Void Black,Golden Brown,Blue Dress,Phoneme Vuh,Neonborg,Beanie
9693,,Void Black,Blue,Striped Tee,Bored Unshaven,Wide Eyed,Glowrift Hat Red
9694,,Void Black,Dark Brown,Glowrift T Black,Small Grin,Bored,Horns
9695,,Void Black,Cream,Hawaiian,Bored,Bloodshot,S&m Hat
9696,,Void Black,Chromatic,Guayabera,Grin,Bored,Party Hat 2
9697,,Void Black,Red,Fossil Tee,Bored,Closed,
9698,Silver Stud,Void Black,Black,Work Vest,Phoneme Wah,Sleepy,
9699,,Void Black,Gray,Prison Jumpsuit,Bored,Sunglasses,
9700,Silver Stud,Void Black,Void Bot,Smoking Jacket,Bored,Wide Eyed,Fez
9701,Silver Stud,Void Black,Blue,Tuxedo Tee,Phoneme Oh,Sleepy,Horns
9702,,Void Black,Gray,Guayabera,Dumbfounded,X Eyes,Cowboy Hat
9703,Silver Hoop,Void Black,Dark Brown,Navy Striped Tee,Rage,Sad,
9704,,Void Black,Brown,Biker Vest,Bored,Sleepy,Bowler
9705,,Void Black,Dark Brown,Toga,Bored,Crazy,Horns
9706,,Void Black,Pink,Stunt Jacket,Dumbfounded,Sad,Sky Captain's Hat
9707,,Void Black,Golden Brown,Sailor Shirt,Bored Unshaven,Coins,Bandana Blue
9708,,Void Black,Black,,Bored Unshaven,Sad,Beanie
9709,,Void Black,Dark Brown,Lumberjack Shirt,Grin,Blindfold,Crimson Hat
9710,,Void Black,Dark Brown,Tanktop,Bored Kazoo,Sunglasses,
9711,,Void Black,Tan,Sleeveless Logo T,Small Grin,Sleepy,
9712,,Void Black,Dark Brown,Vietnam Jacket,Bored,Closed,Voyager's Hat
9713,,Void Black,Black,Puffy Vest,Bored Unshaven Pipe,Bloodshot,
9714,Silver Stud,Void Black,Black,Lumberjack Shirt,Bored Unshaven Cigarette,Bloodshot,
9715,,Void Black,Blue,Hawaiian,Bored Unshaven,Bored,Cowboy Hat
9716,,Void Black,Red,Toga,Discomfort,3d,
9717,Silver Stud,Void Black,Pink,Void Rift T,Bored,Bloodshot,Safari
9718,,Void Black,Tan,Smoking Jacket,Phoneme Wah,Sleepy,
9719,,Void Black,Black,Void Rift T,Bored Unshaven,Crazy,
9720,,Void Black,Brown,Cowboy Shirt,Bored Unshaven,Sleepy,Glowrift Hat Black
9721,Silver Hoop,Void Black,Void Bot,Fossil Necklace,Bored,Coins,Glowrift Hat Red
9722,,Void Black,Dark Brown,,Bored Unshaven,Neonborg,Glowrift Flipped Brim
9723,,Void Black,Brown,Sleeveless T,Small Grin,Sad,King's Crown
9724,,Void Black,Brown,,Bored Unshaven,Bored,Irish Boho
9725,Silver Hoop,Void Black,Black,Prison Jumpsuit,Bored Cigarette,X Eyes,Patrol Motorcycle Helmet
9726,Silver Stud,Void Black,Brown,Fossil Necklace,Bored,Bloodshot,Halo
9727,,Void Black,Black,Wool Turtleneck,Bored,Closed,
9728,,Void Black,Chromatic,,Bored Unshaven Pipe,Sad,Spinner Hat
9729,,Void Black,Dark Brown,Lumberjack Shirt,Bored,Hypnotized,Bunny Ears
9730,,Void Black,White,,Dumbfounded,Wide Eyed,Safari
9731,Silver Hoop,Void Black,Brown,,Bored Unshaven,Sleepy,Fisherman's Hat
9732,,Void Black,Gray,Glowrift T Red,Bored,Scumbag,
9733,Silver Hoop,Void Black,White,Void Rift T,Phoneme ooo,Bored,Halo
9734,,Void Black,Golden Brown,,Bored Unshaven Cigarette,Bored,Glowrift Hat Black
9735,,Void Black,Cream,Fossil Necklace,Bored Unshaven,Bored,Baby's Bonnet
9736,,Void Black,Blue,Smoking Jacket,Bored,Bored,Glowrift Hat Black
9737,Cross,Void Black,Brown,Wool Turtleneck,Dumbfounded,Bored,Horns
9738,Silver Stud,Void Black,Dmt,Service,Bored Cigarette,Eyepatch,
9739,,Void Black,Golden Brown,Admirals Coat,Bored,Coins,Ww2 Pilot Helm
9740,,Void Black,Blue,Leather Jacket,Bored Party Horn,Sleepy,Fez
9741,,Void Black,Brown,Hawaiian,Bored Unshaven Cigarette,Bored,Glowrift Hat Red
9742,Silver Hoop,Void Black,Brown,Sleeveless T,Jovial,Sunglasses,Vietnam Era Helmet
9743,,Void Black,Golden Brown,,Grin,Sleepy,Spinner Hat
9744,,Void Black,Brown,Sleeveless T,Bored Unshaven,Sleepy,Vietnam Era Helmet
9745,Gold Stud,Void Black,Dmt,Leather Spectrum Jacket,Bored Unshaven Cigar,Sad,Vietnam Era Helmet
9746,,Void Black,Dark Brown,Hawaiian,Grin,3d,Halo
9747,,Void Black,Brown,Glowrift T Black,Rage,Bored,Voyager's Hat
9748,,Void Black,Blue,Striped Tee,Bored,Bored,Beanie
9749,Gold Hoop,Void Black,Brown,Vietnam Jacket,Bored,Sleepy,Patrol Motorcycle Helmet
9750,,Void Black,Tan,Puffy Vest,Phoneme L,Prismatic,Cowboy Hat
9751,,Void Black,Cream,Space Suit,Bored,Sunglasses,Bunny Ears
9752,,Void Black,Brown,,Bored,Sleepy,Voyager's Hat
9753,,Void Black,Dark Brown,Hawaiian,Bored,Heart,Irish Boho
9754,,Void Black,Pink,Fossil Tee,Bored Cigarette,Bloodshot,Baby's Bonnet
9755,Silver Hoop,Void Black,Dmt,Space Suit,Rage,Coins,Halo
9756,,Void Black,Brown,Fossil Necklace,Bored Pipe,Coins,Glowrift Flipped Brim
9757,,Void Black,Blue,Navy Striped Tee,Phoneme L,Sad,Bunny Ears
9758,,Void Black,Chrome,,Rage,Crazy,
9759,,Void Black,Tan,Smoking Jacket,Bored Unshaven Cigarette,Bloodshot,Voyager's Hat
9760,,Void Black,Cream,Tuxedo Tee,Bored,Angry,Fez
9761,Gold Hoop,Void Black,Noise,Puffy Vest,Bored Unshaven,Crazy,S&m Hat
9762,,Void Black,Cream,,Bored,Bored,King's Crown
9763,,Void Black,Gray,Striped Tee,Phoneme L,Sunglasses,Baby's Bonnet
9764,Silver Stud,Void Black,Brown,Lab Coat,Bored Cigarette,Sleepy,
9765,,Void Black,Brown,Vietnam Jacket,Bored,Bored,Irish Boho
9766,,Void Black,Black,Work Vest,Bored,Bored,Bowler
9767,Gold Hoop,Void Black,Phantom,Fossil Tee,Bored,Bored,Irish Boho
9768,,Void Black,Dark Brown,Leather Spectrum Jacket,Rage,Sunglasses,Shadow Hat
9769,,Void Black,Dark Brown,Fossil Necklace,Bored,Hypnotized,Horns
9770,,Void Black,Dark Brown,,Grin Multicolored,X Eyes,Glowrift Flipped Brim
9771,,Void Black,Cream,Tuxedo Tee,Dumbfounded,Crazy,Horns
9772,Silver Hoop,Void Black,Golden Brown,Navy Striped Tee,Bored Unshaven Cigarette,Closed,Bowler
9773,,Void Black,Cream,,Bored Unshaven Cigarette,Bloodshot,
9774,Silver Stud,Void Black,Pink,Lab Coat,Phoneme Oh,Closed,Safari
9775,,Void Black,Cheetah,,Bored Unshaven Pipe,Closed,Glowrift Flipped Brim
9776,,Void Black,Golden Brown,,Bored Unshaven,Sleepy,Glowrift Flipped Brim
9777,,Void Black,Cream,Biker Vest,Bored Unshaven Bubblegum,Laser Eyes,
9778,,Void Black,Tan,Rainbow Suspenders,Phoneme Wah,Eyepatch,
9779,,Void Black,Cream,Prison Jumpsuit,Grin,Eyepatch,Horns
9780,,Void Black,Brown,Toga,Bored Unshaven,Wide Eyed,Beanie
9781,Diamond Stud,Void Black,Golden Brown,Space Suit,Grin,X Eyes,Party Hat 2
9782,Silver Stud,Void Black,Brown,,Rage,Coins,Bunny Ears
9783,,Void Black,Black,Sleeveless T,Phoneme Wah,Bloodshot,Glowrift Flipped Brim
9784,,Void Black,Pink,Void Rift T,Bored Pipe,Closed,Stuntman Helmet
9785,Silver Hoop,Void Black,Brown,Tie Dye,Bored Cigarette,Coins,Patrol Motorcycle Helmet
9786,,Void Black,Chrome,Guayabera,Grin,Closed,Crimson Hat
9787,,Void Black,Tan,,Small Grin,Wide Eyed,Glowrift Hat Black
9788,Silver Hoop,Void Black,Red,Sailor Shirt,Bored,3d,Sky Captain's Hat
9789,,Void Black,Black,Fossil Necklace,Bored Unshaven,Sleepy,
9790,,Void Black,Black,Prison Jumpsuit,Discomfort,Crazy,S&m Hat
9791,Gold Hoop,Void Black,Cream,Black T,Bored Unshaven,Sleepy,
9792,,Void Black,Cream,,Bored,Chrome,Ww2 Pilot Helm
9793,,Void Black,Phantom,,Grin,Wide Eyed,
9794,,Void Black,Phantom,Tanktop,Phoneme L,Coins,
9795,,Void Black,Gray,Prison Jumpsuit,Grin,Crazy,Bunny Ears
9796,Silver Stud,Void Black,Golden Brown,Hawaiian,Bored Unshaven Pizza,Bored,Cowboy Hat
9797,Silver Stud,Void Black,Cream,Stunt Jacket,Discomfort,Closed,
9798,Silver Hoop,Void Black,Golden Brown,Leather Jacket,Bored,Wide Eyed,Laurel Wreath
9799,,Void Black,Dark Brown,Biker Vest,Bored Unshaven,Sunglasses,Shadow Hat
9800,,Void Black,Tan,Leather Jacket,Phoneme Vuh,Closed,Vietnam Era Helmet
9801,,Void Black,White,Caveman Pelt,Grin,Blindfold,Voyager's Hat
9802,,Void Black,Pink,Navy Striped Tee,Bored,Bored,Glowrift Hat Black
9803,,Void Black,Brown,,Bored,Wide Eyed,Beanie
9804,,Void Black,Cream,Sleeveless T,Phoneme Vuh,Sleepy,Crimson Hat
9805,Gold Hoop,Void Black,Cream,Sailor Shirt,Phoneme Oh,Neonborg,Cowboy Hat
9806,,Void Black,Cream,Toga,Bored Kazoo,Heart,
9807,,Void Black,Golden Brown,,Bored,Angry,S&m Hat
9808,,Void Black,Golden Brown,Leather Jacket,Bored Unshaven,Bloodshot,Safari
9809,Silver Stud,Void Black,Black,Puffy Vest,Grin Diamond Grill,Bloodshot,
9810,Silver Hoop,Void Black,Black,,Bored,Bored,
9811,,Void Black,Cream,Stunt Jacket,Bored,Bloodshot,Fez
9812,,Void Black,Black,Biker Vest,Rage,Closed,Short Mohawk
9813,,Void Black,Chrome,Puffy Vest,Phoneme L,Bored,Fez
9814,Silver Stud,Void Black,Golden Brown,Tweed Suit,Bored Unshaven Cigar,Bored,Bowler
9815,,Void Black,Cheetah,Lab Coat,Bored Unshaven Kazoo,Bored,Sky Captain's Hat
9816,,Void Black,Cream,,Bored Unshaven Kazoo,Angry,Fisherman's Hat
9817,Gold Stud,Void Black,Golden Brown,Prison Jumpsuit,Grin,Closed,Spinner Hat
9818,,Void Black,Cheetah,Hawaiian,Bored Dagger,Bored,Short Mohawk
9819,,Void Black,Black,Lumberjack Shirt,Discomfort,Hypnotized,Cowboy Hat
9820,,Void Black,Red,Lab Coat,Bored Cigar,Coins,
9821,,Void Black,Blue,Striped Tee,Bored,Hypnotized,Crimson Hat
9822,,Void Black,Cream,,Bored Unshaven,Hypnotized,Sushi Chef Headband
9823,,Void Black,Red,Prison Jumpsuit,Small Grin,X Eyes,Sky Captain's Hat
9824,,Void Black,Brown,Tie Dye,Bored Cigarette,Blindfold,
9825,,Void Black,Brown,Rainbow Suspenders,Bored,Coins,Horns
9826,,Void Black,Golden Brown,Navy Striped Tee,Bored,Phantom,Bowler
9827,,Void Black,Blue,Striped Tee,Bored Unshaven Cigar,Hypnotized,Patrol Motorcycle Helmet
9828,,Void Black,White,,Tongue Out,Closed,Shadow Hat
9829,,Void Black,Golden Brown,Hawaiian,Rage,Coins,Girl's Hair Pink
9830,Gold Stud,Void Black,Chrome,Biker Vest,Bored Unshaven,Angry,Glowrift Flipped Brim
9831,,Void Black,Phantom,Striped Tee,Bored Unshaven,Bloodshot,Bowler
9832,Silver Hoop,Void Black,Black,Stunt Jacket,Bored Unshaven,Sunglasses,Faux Hawk
9833,,Void Black,Phantom,Puffy Vest,Jovial,Blindfold,Crimson Hat
9834,Gold Stud,Void Black,Gray,Leather Spectrum Jacket,Bored,Bloodshot,Faux Hawk
9835,Silver Hoop,Void Black,White,Tanktop,Bored,Bored,
9836,,Void Black,Pink,,Bored Unshaven,Bloodshot,Spinner Hat
9837,,Void Black,Black,Leather Spectrum Jacket,Bored Unshaven,Wide Eyed,Irish Boho
9838,Silver Hoop,Void Black,Gray,Toga,Bored Unshaven,Bored,
9839,,Void Black,Golden Brown,Lab Coat,Bored,Wide Eyed,
9840,,Void Black,Gray,,Bored Unshaven Pipe,Bored,Beanie
9841,Cross,Void Black,Gray,,Phoneme Oh,Chrome,Beanie
9842,,Void Black,Red,Guayabera,Bored,Bored,Baby's Bonnet
9843,,Void Black,Golden Brown,Glowrift T Black,Bored Unshaven Kazoo,Sleepy,Bowler
9844,,Void Black,Blue,Leather Spectrum Jacket,Bored,Angry,Short Mohawk
9845,,Void Black,Pink,Tuxedo Tee,Phoneme L,Coins,
9846,,Void Black,Black,Striped Tee,Grin,Bored,Voyager's Hat
9847,,Void Black,Gray,Sleeveless T,Bored,Angry,Girl's Hair Pink
9848,,Void Black,Tan,Puffy Vest,Bored,Eyepatch,Short Mohawk
9849,,Void Black,Black,,Bored Unshaven Pipe,Bloodshot,Baby's Bonnet
9850,,Void Black,Dark Brown,Fossil Tee,Grin Multicolored,Sleepy,Girl's Hair Short
9851,,Void Black,Cheetah,Glowrift T Black,Bored Unshaven Cigarette,Closed,
9852,Diamond Stud,Void Black,Dark Brown,,Bored Unshaven Cigarette,Sleepy,Baby's Bonnet
9853,,Void Black,Black,,Bored,Wide Eyed,Shadow Hat
9854,,Void Black,Pink,Fossil Tee,Bored Bubblegum,Laser Eyes,Glowrift Hat Black
9855,,Void Black,Dark Brown,,Bored,Eyepatch,
9856,,Void Black,Dark Brown,Bandolier,Bored,Bored,Stuntman Helmet
9857,,Void Black,Black,Wool Turtleneck,Grin,Sunglasses,
9858,Silver Hoop,Void Black,Brown,Vietnam Jacket,Bored,Bored,Bandana Blue
9859,,Void Black,Blue,,Grin Multicolored,Crazy,
9860,,Void Black,Golden Brown,Biker Vest,Bored,Sleepy,Girl's Hair Pink
9861,,Void Black,Chrome,Tweed Suit,Bored,Blue Beams,Fez
9862,,Void Black,Blue,Blue Dress,Bored Unshaven,Angry,Patrol Motorcycle Helmet
9863,Gold Stud,Void Black,Pink,Smoking Jacket,Dumbfounded,Sleepy,Glowrift Hat Black
9864,,Void Black,Brown,Cowboy Shirt,Grin,Bored,Laurel Wreath
9865,Silver Hoop,Void Black,Pink,,Rage,3d,Faux Hawk
9866,,Void Black,Cheetah,Leather Spectrum Jacket,Jovial,Crazy,Crimson Hat
9867,Cross,Void Black,Tan,Wool Turtleneck,Bored Cigarette,Heart,Bowler
9868,Silver Hoop,Void Black,Brown,Void Rift T,Phoneme Oh,Angry,Safari
9869,,Void Black,Void Bot,Biker Vest,Phoneme Vuh,Bored,Patrol Motorcycle Helmet
9870,,Void Black,Cream,Prom Dress,Bored,Prismatic,Stuntman Helmet
9871,,Void Black,Void Bot,Fossil Necklace,Phoneme Vuh,Bloodshot,Crimson Hat
9872,,Void Black,Brown,Navy Striped Tee,Jovial,Bored,Voyager's Hat
9873,,Void Black,Dark Brown,Leather Spectrum Jacket,Grin,Coins,Short Mohawk
9874,,Void Black,Brown,Sleeveless T,Jovial,Hypnotized,
9875,,Void Black,Noise,Lab Coat,Phoneme Vuh,Chrome,Fisherman's Hat
9876,,Void Black,Noise,Glowrift T Black,Bored Unshaven Cigarette,Sleepy,Shadow Hat
9877,Silver Stud,Void Black,Gray,Black T,Phoneme Vuh,Blindfold,
9878,,Void Black,Black,Void Rift T,Jovial,Wide Eyed,Horns
9879,,Void Black,Gray,Void Rift T,Bored,Coins,Patrol Motorcycle Helmet
9880,Cross,Void Black,Dark Brown,Sleeveless T,Dumbfounded,Sunglasses,Crimson Hat
9881,Gold Hoop,Void Black,Void Bot,Cowboy Shirt,Phoneme Vuh,Bored,Shadow Hat
9882,Cross,Void Black,Brown,Void Rift T,Bored Unshaven Cigar,Heart,
9883,,Void Black,Gray,Black T,Tongue Out,Bored,
9884,,Void Black,Gray,Lab Coat,Bored,Sunglasses,Bowler
9885,Gold Stud,Void Black,Golden Brown,Puffy Vest,Bored Unshaven Cigarette,Eyepatch,Shadow Hat
9886,,Void Black,Gray,Fossil Necklace,Bored Unshaven,Bloodshot,Shadow Hat
9887,Cross,Void Black,Black,Hip Hop,Bored,Closed,Glowrift Hat Black
9888,,Void Black,Dark Brown,Tuxedo Tee,Bored Unshaven Cigar,3d,Fez
9889,,Void Black,Brown,Bandolier,Small Grin,3d,Glowrift Hat Black
9890,,Void Black,Tan,Rainbow Suspenders,Bored Cigar,Wide Eyed,Girl's Hair Pink
9891,,Void Black,Black,Black T,Bored Unshaven,Angry,Glowrift Hat Black
9892,,Void Black,Red,Stunt Jacket,Bored Unshaven,Bored,Party Hat 1
9893,,Void Black,Gray,Sleeveless Logo T,Jovial,Bored,Patrol Motorcycle Helmet
9894,,Void Black,Golden Brown,Caveman Pelt,Grin,Bored,Crimson Hat
9895,Silver Hoop,Void Black,Blue,Hip Hop,Dumbfounded,Neonborg,Horns
9896,,Void Black,Brown,Pimp Coat,Bored Unshaven,Sad,Prussian Helmet
9897,Silver Stud,Void Black,Tan,Hawaiian,Bored,X Eyes,Irish Boho
9898,Silver Hoop,Void Black,Black,Biker Vest,Bored Unshaven Cigarette,Sleepy,Fisherman's Hat
9899,,Void Black,Dark Brown,Fossil Tee,Phoneme ooo,Angry,
9900,Silver Hoop,Void Black,Dark Brown,,Bored,Bored,Glowrift Flipped Brim
9901,,Void Black,Dark Brown,Tie Dye,Bored Unshaven Kazoo,Crazy,Cowboy Hat
9902,,Void Black,Cream,Prison Jumpsuit,Bored Unshaven,Bored,Fez
9903,,Void Black,Tan,Kings Robe,Phoneme ooo,Crazy,Cowboy Hat
9904,,Void Black,Cheetah,Black T,Bored,Scumbag,
9905,,Void Black,Brown,,Phoneme Vuh,Sleepy,
9906,Silver Stud,Void Black,Black,Glowrift T Black,Bored,Bloodshot,Halo
9907,Silver Hoop,Void Black,Cream,,Grin,X Eyes,Cowboy Hat
9908,Gold Stud,Void Black,Dark Brown,Work Vest,Grin,Bloodshot,
9909,,Void Black,Black,Admirals Coat,Bored Unshaven,Hypnotized,Baby's Bonnet
9910,Silver Hoop,Void Black,Dark Brown,Rainbow Suspenders,Tongue Out,X Eyes,Voyager's Hat
9911,,Void Black,Brown,Puffy Vest,Bored Unshaven Cigarette,Bored,
9912,,Void Black,Dark Brown,Service,Bored Cigarette,Wide Eyed,
9913,Silver Hoop,Void Black,Phantom,,Bored,Closed,Glowrift Flipped Brim
9914,,Void Black,Blue,Cowboy Shirt,Bored,Sad,Sky Captain's Hat
9915,Silver Stud,Void Black,Blue,Biker Vest,Bored Unshaven,Blindfold,Cowboy Hat
9916,,Void Black,Dark Brown,,Grin,Bloodshot,
9917,,Void Black,Brown,Puffy Vest,Bored Unshaven,3d,Voyager's Hat
9918,,Void Black,Chrome,,Bored,Bored,Fez
9919,,Void Black,Tan,,Jovial,Blindfold,Cowboy Hat
9920,,Void Black,Brown,Kings Robe,Jovial,Bored,
9921,,Void Black,Blue,Hip Hop,Bored,3d,Halo
9922,,Void Black,Blue,Sleeveless T,Bored Unshaven Pipe,Heart,Sky Captain's Hat
9923,,Void Black,Black,Prom Dress,Bored Cigarette,Bored,Faux Hawk
9924,Silver Stud,Void Black,Golden Brown,Prom Dress,Bored,Wide Eyed,S&m Hat
9925,,Void Black,Blue,Smoking Jacket,Grin,Coins,
9926,,Void Black,Golden Brown,Work Vest,Discomfort,Sleepy,Fez
9927,,Void Black,Cream,Void Rift T,Phoneme Oh,Closed,Ww2 Pilot Helm
9928,,Void Black,Dark Brown,Caveman Pelt,Bored Unshaven,Bored,
9929,Silver Stud,Void Black,Dark Brown,Sailor Shirt,Bored Unshaven,Crazy,Horns
9930,,Void Black,Brown,Smoking Jacket,Small Grin,Phantom,Spinner Hat
9931,,Void Black,Phantom,Vietnam Jacket,Bored,Heart,Bunny Ears
9932,Silver Hoop,Void Black,Cream,Biker Vest,Grin Diamond Grill,Bored,Bowler
9933,,Void Black,White,Prom Dress,Small Grin,Blindfold,Cowboy Hat
9934,Silver Stud,Void Black,Golden Brown,Rainbow Suspenders,Bored Unshaven,Bloodshot,Short Mohawk
9935,,Void Black,Black,Navy Striped Tee,Bored Cigarette,Bored,Fisherman's Hat
9936,Silver Stud,Void Black,Golden Brown,Navy Striped Tee,Bored Unshaven,Chrome,S&m Hat
9937,Silver Hoop,Void Black,Gray,Hawaiian,Grin,Sad,Horns
9938,,Void Black,Dark Brown,Sleeveless Logo T,Bored Unshaven,Crazy,
9939,Gold Hoop,Void Black,Pink,Cowboy Shirt,Bored Unshaven,Coins,Vietnam Era Helmet
9940,,Void Black,Dark Brown,Space Suit,Phoneme ooo,Bored,Glowrift Hat Black
9941,,Void Black,Golden Brown,,Bored Unshaven Dagger,Bloodshot,Stuntman Helmet
9942,,Void Black,Black,,Bored Unshaven Party horn,Bloodshot,Horns
9943,,Void Black,Brown,Black Suit,Rage,Wide Eyed,Beanie
9944,,Void Black,Golden Brown,Navy Striped Tee,Bored Unshaven,Bored,S&m Hat
9945,,Void Black,Dark Brown,,Grin,Sad,Laurel Wreath
9946,,Void Black,Golden Brown,,Phoneme Vuh,Sad,Sky Captain's Hat
9947,Silver Stud,Void Black,Red,Sleeveless Logo T,Bored,3d,Girl's Hair Pink
9948,,Void Black,Cream,Navy Striped Tee,Tongue Out,Bloodshot,Chromatic Captain's Hat
9949,,Void Black,Tan,Guayabera,Grin Gold Grill,3d,Voyager's Hat
9950,,Void Black,Dark Brown,Vietnam Jacket,Bored,Crazy,
9951,,Void Black,White,Biker Vest,Bored Unshaven,Sunglasses,S&m Hat
9952,,Void Black,Black,Cowboy Shirt,Small Grin,Bored,Bowler
9953,,Void Black,Red,Sleeveless T,Bored Unshaven,Eyepatch,Fisherman's Hat
9954,,Void Black,Red,Sleeveless Logo T,Phoneme ooo,Chrome,Beanie
9955,Silver Stud,Void Black,Golden Brown,Kings Robe,Bored Cigar,Bored,
9956,Silver Stud,Void Black,Golden Brown,,Bored,Sleepy,Glowrift Hat Red
9957,,Void Black,Dark Brown,Hawaiian,Grin,Bloodshot,Beanie
9958,Diamond Stud,Void Black,Tan,Puffy Vest,Bored Unshaven,Blindfold,Short Mohawk
9959,,Void Black,Phantom,Stunt Jacket,Small Grin,Hypnotized,Shadow Hat
9960,,Void Black,Tan,Pimp Coat,Bored,Bloodshot,Fez
9961,,Void Black,Gray,,Bored Unshaven Cigarette,Closed,Voyager's Hat
9962,Silver Hoop,Void Black,Brown,Caveman Pelt,Grin Multicolored,Closed,Sushi Chef Headband
9963,Gold Stud,Void Black,Gray,Biker Vest,Bored Unshaven,Closed,Voyager's Hat
9964,,Void Black,Golden Brown,Sailor Shirt,Bored Cigar,X Eyes,Fisherman's Hat
9965,,Void Black,Golden Brown,Service,Rage,3d,
9966,,Void Black,Pink,Glowrift T Black,Dumbfounded,Sleepy,Shadow Hat
9967,,Void Black,Golden Brown,Toga,Bored Pizza,Sleepy,Shadow Hat
9968,Silver Stud,Void Black,Gray,Rainbow Suspenders,Bored Unshaven,Bored,
9969,,Void Black,Dark Brown,Black T,Bored Cigarette,Heart,Voyager's Hat
9970,Silver Stud,Void Black,Tan,Guayabera,Bored Unshaven,Bored,Girl's Hair Short
9971,Silver Hoop,Void Black,Dark Brown,,Bored Cigarette,Closed,Cowboy Hat
9972,,Void Black,Brown,,Rage,Hypnotized,Bunny Ears
9973,,Void Black,Dmt,,Bored,Chrome,Girl's Hair Pink
9974,Silver Hoop,Void Black,Dark Brown,Rainbow Suspenders,Tongue Out,Eyepatch,Voyager's Hat
9975,,Void Black,Brown,,Bored Pipe,Scumbag,Fisherman's Hat
9976,Silver Stud,Void Black,Dark Brown,Stunt Jacket,Bored,Bored,Spinner Hat
9977,Gold Stud,Void Black,Golden Brown,Leather Jacket,Jovial,Blindfold,
9978,Silver Stud,Void Black,Tan,,Grin Multicolored,Angry,Glowrift Flipped Brim
9979,,Void Black,White,,Bored Bubblegum,Wide Eyed,Bunny Ears
9980,Silver Stud,Void Black,Golden Brown,,Bored Unshaven Party horn,Heart,
9981,Silver Stud,Void Black,Brown,Sleeveless T,Discomfort,Coins,Short Mohawk
9982,,Void Black,Golden Brown,Sleeveless T,Bored Unshaven,Sleepy,Horns
9983,,Void Black,Gray,Guayabera,Bored Unshaven,Bored,Beanie
9984,,Void Black,Cheetah,,Bored,Hypnotized,Glowrift Flipped Brim
9985,Silver Hoop,Void Black,Tan,,Bored Cigar,Blindfold,Glowrift Hat Black
9986,,Void Black,Brown,Glowrift T Black,Phoneme Oh,Bored,Vietnam Era Helmet
9987,,Void Black,Dmt,,Bored,Bored,Horns
9988,,Void Black,Black,Hip Hop,Bored,Sad,Beanie
9989,,Void Black,Red,Vietnam Jacket,Bored Pizza,Bored,Faux Hawk
9990,Cross,Void Black,Dark Brown,Sailor Shirt,Bored,Phantom,Halo
9991,,Void Black,Golden Brown,Vietnam Jacket,Bored,Coins,Laurel Wreath
9992,,Void Black,Cheetah,Tuxedo Tee,Bored,Bored,King's Crown
9993,,Void Black,White,,Bored,Bored,
9994,Silver Stud,Void Black,Dark Brown,Striped Tee,Bored Cigarette,Closed,Vietnam Era Helmet
9995,,Void Black,Pink,Smoking Jacket,Bored,Closed,
9996,Silver Hoop,Void Black,Dark Brown,Guayabera,Dumbfounded,3d,
9997,,Void Black,Black,Sailor Shirt,Grin Multicolored,Bored,Halo
9998,,Void Black,Brown,Glowrift T Red,Bored Unshaven Cigarette,Heart,
9999,Gold Hoop,Void Black,Gray,,Bored Unshaven,Scumbag,Shadow Hat
